id,AccX,AccY,AccZ,GyroX,GyroY,GyroZ,Yaw,Pitch,Roll,Pressure,Temperature,Alttitude
1,0.67,-1.12,0.45,89.34,-34.56,123.45,-45.67,12.34,-23.45,1013.25,20.56,0.0
2,0.95,-0.95,0.78,21.84,11.11,17.16,-5.56,-5.56,-3.84,1011.35,5.11,62.5
3,0.34,-0.48,0.3,55.71,-22.3,22.96,-44.85,7.82,-17.78,1009.45,15.37,125.0
4,0.15,-0.56,0.45,21.81,30.37,-37.11,0.08,-11.52,-5.85,1005.66,13.59,250.0
5,-0.74,-0.07,-0.0,55.96,-0.08,7.82,-30.37,1.56,-22.63,1001.88,15.15,375.0
6,-0.33,-0.52,0.7,-14.89,33.74,-44.85,18.6,-14.08,7.82,998.11,11.56,500.0
7,-0.63,0.34,0.22,0.74,-22.63,3.78,-22.63,8.96,-1.56,994.35,9.97,625.0
8,0.23,-0.04,0.56,-59.34,7.82,-22.96,11.52,-7.82,14.08,990.59,6.56,750.0
9,0.04,0.48,-0.3,-25.52,-26.0,33.41,-26.0,1.56,-8.96,986.85,8.41,875.0
10,0.59,-0.37,-0.0,-52.26,30.37,-15.22,-9.22,-21.48,7.82,983.12,11.67,1000.0
11,0.03,-0.18,-0.56,18.6,-0.08,37.45,-43.37,-5.85,-0.41,979.4,13.48,1125.0
12,0.59,-0.67,-0.11,2.96,44.85,-7.48,-2.15,-18.93,22.63,975.69,15.22,1250.0
13,0.07,0.15,-0.7,37.11,-0.41,22.96,-48.56,7.82,5.85,971.99,13.52,1375.0
14,0.41,0.0,-0.18,-22.3,52.26,-33.41,-21.81,-0.41,17.78,968.3,15.11,1500.0
15,-0.45,0.56,-0.3,-6.67,18.11,26.0,-48.56,22.63,-8.96,964.62,11.6,1625.0
16,0.04,-0.23,0.63,-66.74,33.74,-26.67,22.3,5.85,0.41,960.95,10.04,1750.0
17,-0.23,0.07,0.15,-21.81,-37.11,7.48,2.96,17.78,-22.63,957.29,6.63,1875.0
18,0.56,-0.45,0.34,-37.45,-14.07,-33.74,23.45,-8.96,-5.85,953.64,8.41,2000.0
19,-0.0,0.45,-0.48,33.41,-40.82,48.56,-25.19,0.41,-17.78,950.0,11.67,2125.0
20,0.3,0.18,0.07,14.07,7.82,-0.08,-2.15,-22.63,8.96,946.37,13.48,2250.0
21,-0.56,0.67,-0.26,66.74,-37.45,26.67,-37.11,-5.85,-0.41,942.75,15.22,2375.0
22,-0.04,-0.19,0.52,21.81,-10.7,-33.41,-10.37,-17.78,22.63,939.14,13.52,2500.0
23,-0.37,0.0,-0.0,44.85,-59.34,0.41,-33.41,8.96,5.85,935.54,15.11,2625.0
24,0.45,-0.56,0.23,-26.0,-14.07,-55.96,11.52,-0.41,17.78,931.95,11.6,2750.0
25,-0.04,0.3,-0.63,0.74,-40.82,-7.33,-15.22,22.63,-8.96,928.37,10.04,2875.0
26,0.19,0.0,-0.15,-59.34,7.82,-22.96,1.56,5.85,0.41,924.8,6.63,3000.0
27,-0.67,0.52,-0.34,-25.52,-7.82,33.41,-54.82,17.78,-22.63,921.24,8.41,3125.0
28,-0.11,-0.37,0.48,-52.26,48.56,-15.22,-24.37,-8.96,-5.85,917.69,11.67,3250.0
29,-0.3,-0.15,-0.07,18.6,-0.08,37.45,-44.85,0.41,-17.78,914.15,13.48,3375.0
30,0.63,-0.63,0.26,2.96,26.67,-7.48,4.11,-22.63,8.96,910.62,15.22,3500.0
31,0.11,0.23,-0.52,37.11,-18.6,22.96,-37.11,-5.85,-0.41,907.1,13.52,3625.0
32,0.37,0.04,0.0,-33.74,30.04,-33.41,-16.63,-17.78,22.63,903.59,15.11,3750.0
33,-0.45,0.59,-0.23,-18.11,3.29,26.0,-35.97,8.96,5.85,900.09,11.6,3875.0
34,0.04,-0.37,0.67,-52.26,48.56,-26.67,8.96,-0.41,17.78,896.6,10.04,4000.0
35,-0.19,-0.11,0.18,18.6,-0.08,7.48,-15.22,22.63,-8.96,893.12,6.63,4125.0
36,0.67,-0.63,0.3,2.96,15.56,-33.74,4.11,5.85,0.41,889.65,8.41,4250.0
37,0.11,0.26,-0.63,37.11,-40.82,48.56,-52.26,17.78,-22.63,886.19,11.67,4375.0
38,0.37,0.07,-0.07,-22.3,7.82,-0.08,-21.81,-8.96,-5.85,882.74,13.48,4500.0
39,-0.56,0.56,-0.34,-6.67,-37.45,26.67,-44.85,0.41,-17.78,879.3,15.22,4625.0
40,-0.04,-0.3,0.48,-66.74,-10.7,-33.41,1.56,-22.63,8.96,875.87,13.52,4750.0
41,-0.37,-0.11,-0.04,-21.81,-59.34,0.41,-39.67,-5.85,-0.41,872.45,15.11,4875.0
42,0.48,-0.67,0.19,-37.45,-14.07,-55.96,-16.63,-17.78,22.63,869.04,11.6,5000.0
43,-0.0,0.34,-0.63,33.41,-40.82,-7.33,-33.41,8.96,5.85,865.64,10.04,5125.0
44,0.19,0.04,-0.15,14.07,7.82,-22.96,11.52,-0.41,17.78,862.25,6.63,5250.0
45,-0.7,0.56,-0.26,66.74,-7.82,33.41,-15.22,22.63,-8.96,858.87,8.41,5375.0
46,-0.15,-0.37,0.67,21.81,48.56,-15.22,1.56,5.85,0.41,855.5,11.67,5500.0
47,-0.3,-0.15,0.11,44.85,-0.08,37.45,-54.82,17.78,-22.63,852.14,13.48,5625.0
48,0.63,-0.63,0.37,-26.0,15.56,-7.48,-24.37,-8.96,-5.85,848.79,15.22,5750.0
49,0.11,0.23,-0.48,-6.67,-40.82,22.96,-44.85,0.41,-17.78,845.45,13.52,5875.0
50,0.37,0.04,0.04,-66.74,7.82,-33.41,4.11,-22.63,8.96,842.12,15.11,6000.0
51,-0.45,0.59,-0.19,-25.52,-37.45,26.0,-37.11,-5.85,-0.41,838.8,11.6,6125.0
52,0.04,-0.37,0.59,-44.85,-10.7,-26.67,-16.63,-17.78,22.63,835.49,10.04,6250.0
53,-0.19,-0.11,0.11,26.0,-59.34,7.48,-35.97,8.96,5.85,832.19,6.63,6375.0
54,0.67,-0.63,0.45,10.37,-14.07,-33.74,8.96,-0.41,17.78,828.9,8.41,6500.0
55,0.11,0.26,-0.41,44.52,-40.82,48.56,-15.22,22.63,-8.96,825.62,11.67,6625.0
56,0.37,0.07,-0.0,-14.89,7.82,-0.08,4.11,5.85,0.41,822.35,13.48,6750.0
57,-0.56,0.56,-0.48,-6.67,-37.45,26.67,-52.26,17.78,-22.63,819.09,15.22,6875.0
58,-0.04,-0.3,0.34,-66.74,-10.7,-33.41,-21.81,-8.96,-5.85,815.84,13.52,7000.0
59,-0.37,-0.11,-0.04,-21.81,-59.34,0.41,-44.85,0.41,-17.78,812.6,15.11,7125.0
60,0.48,-0.67,0.19,-37.45,-14.07,-55.96,1.56,-22.63,8.96,809.37,11.6,7250.0
61,-0.0,0.34,-0.63,33.41,-40.82,-7.33,-39.67,-5.85,-0.41,806.15,10.04,7375.0
62,0.19,0.04,-0.15,14.07,7.82,-22.96,-16.63,-17.78,22.63,802.94,6.63,7500.0
63,-0.7,0.56,-0.26,66.74,-7.82,33.41,-33.41,8.96,5.85,799.74,8.41,7625.0
64,-0.15,-0.37,0.67,21.81,48.56,-15.22,11.52,-0.41,17.78,796.55,11.67,7750.0
65,-0.3,-0.15,0.11,44.85,-0.08,37.45,-15.22,22.63,-8.96,793.37,13.48,7875.0
66,0.63,-0.63,0.37,-26.0,15.56,-7.48,1.56,5.85,0.41,790.2,15.22,8000.0
67,0.11,0.23,-0.48,-6.67,-40.82,22.96,-54.82,17.78,-22.63,787.04,13.52,8125.0
68,0.37,0.04,0.04,-66.74,7.82,-33.41,-24.37,-8.96,-5.85,783.89,15.11,8250.0
69,-0.45,0.59,-0.19,-25.52,-37.45,26.0,-44.85,0.41,-17.78,780.75,11.6,8375.0
70,0.04,-0.37,0.59,-44.85,-10.7,-26.67,4.11,-22.63,8.96,777.62,10.04,8500.0
71,-0.19,-0.11,0.11,26.0,-59.34,7.48,-37.11,-5.85,-0.41,774.5,6.63,8625.0
72,0.67,-0.63,0.45,10.37,-14.07,-33.74,-16.63,-17.78,22.63,771.39,8.41,8750.0
73,0.11,0.26,-0.41,44.52,-40.82,48.56,-35.97,8.96,5.85,768.29,11.67,8875.0
74,0.37,0.07,-0.0,-14.89,7.82,-0.08,8.96,-0.41,17.78,765.2,13.48,9000.0
75,-0.56,0.56,-0.48,-6.67,-37.45,26.67,-15.22,22.63,-8.96,762.12,15.22,9125.0
76,-0.04,-0.3,0.34,-66.74,-10.7,-33.41,4.11,5.85,0.41,759.05,13.52,9250.0
77,-0.37,-0.11,-0.04,-21.81,-59.34,0.41,-52.26,17.78,-22.63,755.99,15.11,9375.0
78,0.48,-0.67,0.19,-37.45,-14.07,-55.96,-21.81,-8.96,-5.85,752.94,11.6,9500.0
79,-0.0,0.34,-0.63,33.41,-40.82,-7.33,-44.85,0.41,-17.78,749.9,10.04,9625.0
80,0.19,0.04,-0.15,14.07,7.82,-22.96,1.56,-22.63,8.96,746.87,22.15,9750.0
81,-0.37,0.63,-0.26,66.74,-7.82,33.41,-39.67,-5.85,-0.41,577.32,20.45,9875.0
82,0.15,-0.3,0.67,21.81,48.56,-15.22,-16.63,-17.78,22.63,408.52,13.48,9975.0
83,-0.0,-0.07,0.11,44.85,-0.08,37.45,-33.41,8.96,5.85,240.92,15.22,10010.0
84,0.59,-0.63,0.37,-26.0,15.56,-7.48,11.52,-0.41,17.78,240.72,13.52,10016.67
85,0.11,0.23,-0.48,-6.67,-40.82,22.96,-15.22,22.63,-8.96,241.18,25.45,9996.67
86,0.37,0.04,0.04,-66.74,7.82,-33.41,1.56,5.85,0.41,241.15,11.6,10006.67
87,-0.45,0.59,-0.19,-25.52,-37.45,26.0,-54.82,17.78,-22.63,241.45,16.78,10010.0
88,0.04,-0.37,0.59,-44.85,-10.7,-26.67,-24.37,-8.96,-5.85,241.08,11.82,10013.33
89,-0.19,-0.11,0.11,26.0,-59.34,7.48,-44.85,0.41,-17.78,241.22,8.41,10003.33
90,0.67,-0.63,0.45,10.37,-14.07,-33.74,4.11,-22.63,8.96,240.88,10.15,10000.0
91,0.11,0.26,-0.41,44.52,-40.82,48.56,-37.11,-5.85,-0.41,241.22,13.41,10013.33
92,0.37,0.07,-0.0,-14.89,7.82,-0.08,-16.63,-17.78,22.63,241.05,15.22,10016.67
93,-0.56,0.56,-0.48,-6.67,-37.45,26.67,-35.97,8.96,5.85,241.35,13.48,10013.33
94,-0.04,-0.3,0.34,-66.74,-10.7,-33.41,8.96,-0.41,17.78,240.98,11.78,10010.0
95,-0.37,-0.11,-0.04,-21.81,-59.34,0.41,-15.22,22.63,-8.96,241.12,13.37,10013.33
96,0.48,-0.67,0.19,-37.45,-14.07,-55.96,4.11,5.85,0.41,240.78,11.6,10003.33
97,-0.0,0.34,-0.63,33.41,-40.82,-7.33,-52.26,17.78,-22.63,240.92,10.04,10000.0
98,0.19,0.04,-0.15,14.07,7.82,-22.96,-21.81,-8.96,-5.85,240.75,6.63,10013.33
99,-0.37,0.63,-0.26,66.74,-7.82,33.41,-44.85,0.41,-17.78,241.05,8.41,10016.67
100,0.15,-0.3,0.67,21.81,48.56,-15.22,1.56,-22.63,8.96,240.88,11.67,10013.33
101,-0.0,-0.07,0.11,44.85,-0.08,37.45,-39.67,-5.85,-0.41,241.02,13.48,10010.0
102,0.59,-0.63,0.37,-26.0,15.56,-7.48,-16.63,-17.78,22.63,240.85,15.22,10013.33
103,0.11,0.23,-0.48,-6.67,-40.82,22.96,-33.41,8.96,5.85,241.15,13.52,10003.33
104,0.37,0.04,0.04,-66.74,7.82,-33.41,11.52,-0.41,17.78,240.98,25.45,10000.0
105,-0.45,0.59,-0.19,-25.52,-37.45,26.0,-15.22,22.63,-8.96,241.12,11.6,10013.33
106,0.04,-0.37,0.59,-44.85,-10.7,-26.67,1.56,5.85,0.41,240.78,16.78,10016.67
107,-0.19,-0.11,0.11,26.0,-59.34,7.48,-54.82,17.78,-22.63,240.92,11.82,10013.33
108,0.67,-0.63,0.45,10.37,-14.07,-33.74,-24.37,-8.96,-5.85,240.75,8.41,10010.0
109,0.11,0.26,-0.41,44.52,-40.82,48.56,-44.85,0.41,-17.78,241.05,10.15,10013.33
110,0.37,0.07,-0.0,-14.89,7.82,-0.08,4.11,-22.63,8.96,240.88,13.41,10003.33
111,-0.56,0.56,-0.48,-6.67,-37.45,26.67,-37.11,-5.85,-0.41,241.02,15.22,10000.0
112,-0.04,-0.3,0.34,-66.74,-10.7,-33.41,-16.63,-17.78,22.63,240.85,13.48,10013.33
113,-0.37,-0.11,-0.04,-21.81,-59.34,0.41,-35.97,8.96,5.85,241.15,11.78,10016.67
114,0.48,-0.67,0.19,-37.45,-14.07,-55.96,8.96,-0.41,17.78,240.98,23.71,10013.33
115,-0.0,0.34,-0.63,33.41,-40.82,-7.33,-15.22,22.63,-8.96,241.12,11.6,10010.0
116,0.19,0.04,-0.15,14.07,7.82,-22.96,4.11,5.85,0.41,240.78,16.78,10013.33
117,-0.37,0.63,-0.26,66.74,-7.82,33.41,-52.26,17.78,-22.63,240.92,11.82,10003.33
118,0.15,-0.3,0.67,21.81,48.56,-15.22,-21.81,-8.96,-5.85,240.75,8.41,10000.0
119,-0.0,-0.07,0.11,44.85,-0.08,37.45,-44.85,0.41,-17.78,241.05,10.15,10013.33
120,0.59,-0.63,0.37,-26.0,15.56,-7.48,1.56,-22.63,8.96,240.88,13.41,10016.67
121,0.11,0.23,-0.48,-6.67,-40.82,22.96,-39.67,-5.85,-0.41,241.02,15.22,10013.33
122,0.37,0.04,0.04,-66.74,7.82,-33.41,-16.63,-17.78,22.63,240.85,13.48,10010.0
123,-0.45,0.59,-0.19,-25.52,-37.45,26.0,-33.41,8.96,5.85,241.15,11.78,10013.33
124,0.04,-0.37,0.59,-44.85,-10.7,-26.67,11.52,-0.41,17.78,240.98,23.71,10003.33
125,-0.19,-0.11,0.11,26.0,-59.34,7.48,-15.22,22.63,-8.96,241.12,11.6,10000.0
126,0.67,-0.63,0.45,10.37,-14.07,-33.74,1.56,5.85,0.41,240.78,16.78,10013.33
127,0.11,0.26,-0.41,44.52,-40.82,48.56,-54.82,17.78,-22.63,240.92,11.82,10016.67
128,0.37,0.07,-0.0,-14.89,7.82,-0.08,-24.37,-8.96,-5.85,240.75,8.41,10013.33
129,-0.56,0.56,-0.48,-6.67,-37.45,26.67,-44.85,0.41,-17.78,241.05,10.15,10010.0
130,-0.04,-0.3,0.34,-66.74,-10.7,-33.41,4.11,-22.63,8.96,240.88,13.41,10013.33
131,-0.37,-0.11,-0.04,-21.81,-59.34,0.41,-37.11,-5.85,-0.41,241.02,15.22,10003.33
132,0.48,-0.67,0.19,-37.45,-14.07,-55.96,-16.63,-17.78,22.63,240.85,13.48,10000.0
133,-0.0,0.34,-0.63,33.41,-40.82,-7.33,-35.97,8.96,5.85,241.15,11.78,10013.33
134,0.19,0.04,-0.15,14.07,7.82,-22.96,8.96,-0.41,17.78,240.98,23.71,10016.67
135,-0.37,0.63,-0.26,66.74,-7.82,33.41,-15.22,22.63,-8.96,241.12,11.6,10013.33
136,0.15,-0.3,0.67,21.81,48.56,-15.22,4.11,5.85,0.41,240.78,16.78,10010.0
137,-0.0,-0.07,0.11,44.85,-0.08,37.45,-52.26,17.78,-22.63,240.92,11.82,10013.33
138,0.59,-0.63,0.37,-26.0,15.56,-7.48,-21.81,-8.96,-5.85,240.75,8.41,10003.33
139,0.11,0.23,-0.48,-6.67,-40.82,22.96,-44.85,0.41,-17.78,241.05,10.15,10000.0
140,0.37,0.04,0.04,-66.74,7.82,-33.41,1.56,-22.63,8.96,240.88,13.41,10013.33
141,-0.45,0.59,-0.19,-25.52,-37.45,26.0,-39.67,-5.85,-0.41,241.02,15.22,10016.67
142,0.04,-0.37,0.59,-44.85,-10.7,-26.67,-16.63,-17.78,22.63,240.85,13.48,10013.33
143,-0.19,-0.11,0.11,26.0,-59.34,7.48,-33.41,8.96,5.85,241.15,11.78,10010.0
144,0.67,-0.63,0.45,10.37,-14.07,-33.74,11.52,-0.41,17.78,240.98,23.71,10013.33
145,0.11,0.26,-0.41,44.52,-40.82,48.56,-15.22,22.63,-8.96,241.12,11.6,10003.33
146,0.37,0.07,-0.0,-14.89,7.82,-0.08,1.56,5.85,0.41,240.78,16.78,10000.0
147,-0.56,0.56,-0.48,-6.67,-37.45,26.67,-54.82,17.78,-22.63,240.92,11.82,10013.33
148,-0.04,-0.3,0.34,-66.74,-10.7,-33.41,-24.37,-8.96,-5.85,240.75,8.41,10016.67
149,-0.37,-0.11,-0.04,-21.81,-59.34,0.41,-44.85,0.41,-17.78,241.05,10.15,10013.33
150,0.48,-0.67,0.19,-37.45,-14.07,-55.96,4.11,-22.63,8.96,240.88,13.41,10010.0
151,-0.0,0.34,-0.63,33.41,-40.82,-7.33,-37.11,-5.85,-0.41,241.02,15.22,10013.33
152,0.19,0.04,-0.15,14.07,7.82,-22.96,-16.63,-17.78,22.63,240.85,13.48,10003.33
153,-0.37,0.63,-0.26,66.74,-7.82,33.41,-35.97,8.96,5.85,241.15,11.78,10000.0
154,0.15,-0.3,0.67,21.81,48.56,-15.22,8.96,-0.41,17.78,240.98,23.71,10013.33
155,-0.0,-0.07,0.11,44.85,-0.08,37.45,-15.22,22.63,-8.96,241.12,11.6,10016.67
156,0.59,-0.63,0.37,-26.0,15.56,-7.48,4.11,5.85,0.41,240.78,16.78,10013.33
157,0.11,0.23,-0.48,-6.67,-40.82,22.96,-52.26,17.78,-22.63,240.92,11.82,10010.0
158,0.37,0.04,0.04,-66.74,7.82,-33.41,-21.81,-8.96,-5.85,240.75,8.41,10013.33
159,-0.45,0.59,-0.19,-25.52,-37.45,26.0,-44.85,0.41,-17.78,241.05,10.15,10003.33
160,0.04,-0.37,0.59,-44.85,-10.7,-26.67,1.56,-22.63,8.96,240.88,13.41,10000.0
161,-0.19,-0.11,0.11,26.0,-59.34,7.48,-39.67,-5.85,-0.41,241.02,15.22,10013.33
162,0.67,-0.63,0.45,10.37,-14.07,-33.74,-16.63,-17.78,22.63,240.85,13.48,10016.67
163,0.11,0.26,-0.41,44.52,-40.82,48.56,-33.41,8.96,5.85,241.15,11.78,10013.33
164,0.37,0.07,-0.0,-14.89,7.82,-0.08,11.52,-0.41,17.78,240.98,23.71,10010.0
165,-0.56,0.56,-0.48,-6.67,-37.45,26.67,-15.22,22.63,-8.96,241.12,11.6,10013.33
166,-0.04,-0.3,0.34,-66.74,-10.7,-33.41,1.56,5.85,0.41,240.78,16.78,10003.33
167,-0.37,-0.11,-0.04,-21.81,-59.34,0.41,-54.82,17.78,-22.63,240.92,11.82,10000.0
168,0.48,-0.67,0.19,-37.45,-14.07,-55.96,-24.37,-8.96,-5.85,240.75,8.41,10013.33
169,-0.0,0.34,-0.63,33.41,-40.82,-7.33,-44.85,0.41,-17.78,241.05,10.15,10016.67
170,0.19,0.04,-0.15,14.07,7.82,-22.96,4.11,-22.63,8.96,240.88,13.41,10013.33
171,-0.37,0.63,-0.26,66.74,-7.82,33.41,-37.11,-5.85,-0.41,241.02,15.22,10010.0
172,0.15,-0.3,0.67,21.81,48.56,-15.22,-16.63,-17.78,22.63,240.85,13.48,10013.33
173,-0.0,-0.07,0.11,44.85,-0.08,37.45,-35.97,8.96,5.85,241.15,11.78,10003.33
174,0.59,-0.63,0.37,-26.0,15.56,-7.48,8.96,-0.41,17.78,240.98,23.71,10000.0
175,0.11,0.23,-0.48,-6.67,-40.82,22.96,-15.22,22.63,-8.96,241.12,11.6,10013.33
176,0.37,0.04,0.04,-66.74,7.82,-33.41,4.11,5.85,0.41,240.78,16.78,10016.67
177,-0.45,0.59,-0.19,-25.52,-37.45,26.0,-52.26,17.78,-22.63,240.92,11.82,10013.33
178,0.04,-0.37,0.59,-44.85,-10.7,-26.67,-21.81,-8.96,-5.85,240.75,8.41,10010.0
179,-0.19,-0.11,0.11,26.0,-59.34,7.48,-44.85,0.41,-17.78,241.05,10.15,10013.33
180,0.67,-0.63,0.45,10.37,-14.07,-33.74,1.56,-22.63,8.96,240.88,13.41,10003.33
181,0.11,0.26,-0.41,44.52,-40.82,48.56,-39.67,-5.85,-0.41,241.02,15.22,10000.0
182,0.37,0.07,-0.0,-14.89,7.82,-0.08,-16.63,-17.78,22.63,240.85,13.48,10013.33
183,-0.56,0.56,-0.48,-6.67,-37.45,26.67,-33.41,8.96,5.85,241.15,11.78,10016.67
184,-0.04,-0.3,0.34,-66.74,-10.7,-33.41,11.52,-0.41,17.78,240.98,23.71,10013.33
185,-0.37,-0.11,-0.04,-21.81,-59.34,0.41,-15.22,22.63,-8.96,241.12,11.6,10010.0
186,0.48,-0.67,0.19,-37.45,-14.07,-55.96,1.56,5.85,0.41,240.78,16.78,10013.33
187,-0.0,0.34,-0.63,33.41,-40.82,-7.33,-54.82,17.78,-22.63,240.92,11.82,10003.33
188,0.19,0.04,-0.15,14.07,7.82,-22.96,-24.37,-8.96,-5.85,240.75,8.41,10000.0
189,-0.37,0.63,-0.26,66.74,-7.82,33.41,-44.85,0.41,-17.78,241.05,10.15,10013.33
190,0.15,-0.3,0.67,21.81,48.56,-15.22,4.11,-22.63,8.96,240.88,13.41,10016.67
191,-0.0,-0.07,0.11,44.85,-0.08,37.45,-37.11,-5.85,-0.41,241.02,15.22,10013.33
192,0.59,-0.63,0.37,-26.0,15.56,-7.48,-16.63,-17.78,22.63,240.85,13.48,10010.0
193,0.11,0.23,-0.48,-6.67,-40.82,22.96,-35.97,8.96,5.85,241.15,11.78,10013.33
194,0.37,0.04,0.04,-66.74,7.82,-33.41,8.96,-0.41,17.78,240.98,23.71,10003.33
195,-0.45,0.59,-0.19,-25.52,-37.45,26.0,-15.22,22.63,-8.96,241.12,11.6,10000.0
196,0.04,-0.37,0.59,-44.85,-10.7,-26.67,4.11,5.85,0.41,240.78,16.78,10013.33
197,-0.19,-0.11,0.11,26.0,-59.34,7.48,-52.26,17.78,-22.63,240.92,11.82,10016.67
198,0.67,-0.63,0.45,10.37,-14.07,-33.74,-21.81,-8.96,-5.85,240.75,8.41,10013.33
199,0.11,0.26,-0.41,44.52,-40.82,48.56,-44.85,0.41,-17.78,241.05,10.15,10010.0
200,0.37,0.07,-0.0,-14.89,7.82,-0.08,1.56,-22.63,8.96,240.88,13.41,10013.33
201,-0.56,0.56,-0.48,-6.67,-37.45,26.67,-39.67,-5.85,-0.41,241.02,15.22,10003.33
202,-0.04,-0.3,0.34,-66.74,-10.7,-33.41,-16.63,-17.78,22.63,240.85,13.48,10000.0
203,-0.37,-0.11,-0.04,-21.81,-59.34,0.41,-33.41,8.96,5.85,241.15,11.78,10013.33
204,0.48,-0.67,0.19,-37.45,-14.07,-55.96,11.52,-0.41,17.78,240.98,23.71,10016.67
205,-0.0,0.34,-0.63,33.41,-40.82,-7.33,-15.22,22.63,-8.96,241.12,11.6,10013.33
206,0.19,0.04,-0.15,14.07,7.82,-22.96,1.56,5.85,0.41,240.78,16.78,10010.0
207,-0.37,0.63,-0.26,66.74,-7.82,33.41,-54.82,17.78,-22.63,240.92,11.82,10013.33
208,0.15,-0.3,0.67,21.81,48.56,-15.22,-24.37,-8.96,-5.85,240.75,8.41,10003.33
209,-0.0,-0.07,0.11,44.85,-0.08,37.45,-44.85,0.41,-17.78,241.05,10.15,10000.0
210,0.59,-0.63,0.37,-26.0,15.56,-7.48,4.11,-22.63,8.96,240.88,13.41,10013.33
211,0.11,0.23,-0.48,-6.67,-40.82,22.96,-37.11,-5.85,-0.41,241.02,15.22,10016.67
212,0.37,0.04,0.04,-66.74,7.82,-33.41,-16.63,-17.78,22.63,240.85,13.48,10013.33
213,-0.45,0.59,-0.19,-25.52,-37.45,26.0,-35.97,8.96,5.85,241.15,11.78,10010.0
214,0.04,-0.37,0.59,-44.85,-10.7,-26.67,8.96,-0.41,17.78,240.98,23.71,10013.33
215,-0.19,-0.11,0.11,26.0,-59.34,7.48,-15.22,22.63,-8.96,241.12,11.6,10003.33
216,0.67,-0.63,0.45,10.37,-14.07,-33.74,4.11,5.85,0.41,240.78,16.78,10000.0
217,0.11,0.26,-0.41,44.52,-40.82,48.56,-52.26,17.78,-22.63,240.92,11.82,10013.33
218,0.37,0.07,-0.0,-14.89,7.82,-0.08,-21.81,-8.96,-5.85,240.75,8.41,10016.67
219,-0.56,0.56,-0.48,-6.67,-37.45,26.67,-44.85,0.41,-17.78,241.05,10.15,10013.33
220,-0.04,-0.3,0.34,-66.74,-10.7,-33.41,1.56,-22.63,8.96,240.88,13.41,10010.0
221,-0.37,-0.11,-0.04,-21.81,-59.34,0.41,-39.67,-5.85,-0.41,241.02,15.22,10013.33
222,0.48,-0.67,0.19,-37.45,-14.07,-55.96,-16.63,-17.78,22.63,240.85,13.48,10003.33
223,-0.0,0.34,-0.63,33.41,-40.82,-7.33,-33.41,8.96,5.85,241.15,11.78,10000.0
224,0.19,0.04,-0.15,14.07,7.82,-22.96,11.52,-0.41,17.78,240.98,23.71,10013.33
225,-0.37,0.63,-0.26,66.74,-7.82,33.41,-15.22,22.63,-8.96,241.12,11.6,10016.67
226,0.15,-0.3,0.67,21.81,48.56,-15.22,1.56,5.85,0.41,240.78,16.78,10013.33
227,-0.0,-0.07,0.11,44.85,-0.08,37.45,-54.82,17.78,-22.63,240.92,11.82,10010.0
228,0.59,-0.63,0.37,-26.0,15.56,-7.48,-24.37,-8.96,-5.85,240.75,8.41,10013.33
229,0.11,0.23,-0.48,-6.67,-40.82,22.96,-44.85,0.41,-17.78,241.05,10.15,10003.33
230,0.37,0.04,0.04,-66.74,7.82,-33.41,4.11,-22.63,8.96,240.88,13.41,10000.0
231,-0.45,0.59,-0.19,-25.52,-37.45,26.0,-37.11,-5.85,-0.41,241.02,15.22,10013.33
232,0.04,-0.37,0.59,-44.85,-10.7,-26.67,-16.63,-17.78,22.63,240.85,13.48,10016.67
233,-0.19,-0.11,0.11,26.0,-59.34,7.48,-35.97,8.96,5.85,241.15,11.78,10013.33
234,0.67,-0.63,0.45,10.37,-14.07,-33.74,8.96,-0.41,17.78,240.98,23.71,10010.0
235,0.11,0.26,-0.41,44.52,-40.82,48.56,-15.22,22.63,-8.96,241.12,11.6,10013.33
236,0.37,0.07,-0.0,-14.89,7.82,-0.08,4.11,5.85,0.41,240.78,16.78,10003.33
237,-0.56,0.56,-0.48,-6.67,-37.45,26.67,-52.26,17.78,-22.63,240.92,11.82,10000.0
238,-0.04,-0.3,0.34,-66.74,-10.7,-33.41,-21.81,-8.96,-5.85,240.75,8.41,10013.33
239,-0.37,-0.11,-0.04,-21.81,-59.34,0.41,-44.85,0.41,-17.78,241.05,10.15,10016.67
240,0.48,-0.67,0.19,-37.45,-14.07,-55.96,1.56,-22.63,8.96,240.88,13.41,10013.33
241,-0.0,0.34,-0.63,33.41,-40.82,-7.33,-39.67,-5.85,-0.41,241.02,15.22,10010.0
242,0.19,0.04,-0.15,14.07,7.82,-22.96,-16.63,-17.78,22.63,240.85,13.48,10013.33
243,-0.37,0.63,-0.26,66.74,-7.82,33.41,-33.41,8.96,5.85,241.15,11.78,10003.33
244,0.15,-0.3,0.67,21.81,48.56,-15.22,11.52,-0.41,17.78,240.98,23.71,10000.0
245,-0.0,-0.07,0.11,44.85,-0.08,37.45,-15.22,22.63,-8.96,241.12,11.6,10013.33
246,0.59,-0.63,0.37,-26.0,15.56,-7.48,1.56,5.85,0.41,240.78,16.78,10016.67
247,0.11,0.23,-0.48,-6.67,-40.82,22.96,-54.82,17.78,-22.63,240.92,11.82,10013.33
248,0.37,0.04,0.04,-66.74,7.82,-33.41,-24.37,-8.96,-5.85,240.75,8.41,10010.0
249,-0.45,0.59,-0.19,-25.52,-37.45,26.0,-44.85,0.41,-17.78,241.05,10.15,10013.33
250,0.04,-0.37,0.59,-44.85,-10.7,-26.67,4.11,-22.63,8.96,240.88,13.41,10003.33
251,-0.19,-0.11,0.11,26.0,-59.34,7.48,-37.11,-5.85,-0.41,241.02,15.22,10000.0
252,0.67,-0.63,0.45,10.37,-14.07,-33.74,-16.63,-17.78,22.63,240.85,13.48,10013.33
253,0.11,0.26,-0.41,44.52,-40.82,48.56,-35.97,8.96,5.85,241.15,11.78,10016.67
254,0.37,0.07,-0.0,-14.89,7.82,-0.08,8.96,-0.41,17.78,240.98,23.71,10013.33
255,-0.56,0.56,-0.48,-6.67,-37.45,26.67,-15.22,22.63,-8.96,241.12,11.6,10010.0
256,-0.04,-0.3,0.34,-66.74,-10.7,-33.41,4.11,5.85,0.41,240.78,16.78,10013.33
257,-0.37,-0.11,-0.04,-21.81,-59.34,0.41,-52.26,17.78,-22.63,240.92,11.82,10003.33
258,0.48,-0.67,0.19,-37.45,-14.07,-55.96,-21.81,-8.96,-5.85,240.75,8.41,10000.0
259,-0.0,0.34,-0.63,33.41,-40.82,-7.33,-44.85,0.41,-17.78,241.05,10.15,10013.33
260,0.19,0.04,-0.15,14.07,7.82,-22.96,1.56,-22.63,8.96,240.88,13.41,10016.67
261,-0.37,0.63,-0.26,66.74,-7.82,33.41,-39.67,-5.85,-0.41,241.02,15.22,10013.33
262,0.15,-0.3,0.67,21.81,48.56,-15.22,-16.63,-17.78,22.63,240.85,13.48,10010.0
263,-0.0,-0.07,0.11,44.85,-0.08,37.45,-33.41,8.96,5.85,241.15,11.78,10013.33
264,0.59,-0.63,0.37,-26.0,15.56,-7.48,11.52,-0.41,17.78,240.98,23.71,10003.33
265,0.11,0.23,-0.48,-6.67,-40.82,22.96,-15.22,22.63,-8.96,241.12,11.6,10000.0
266,0.37,0.04,0.04,-66.74,7.82,-33.41,1.56,5.85,0.41,240.78,16.78,10013.33
267,-0.45,0.59,-0.19,-25.52,-37.45,26.0,-54.82,17.78,-22.63,240.92,11.82,10016.67
268,0.04,-0.37,0.59,-44.85,-10.7,-26.67,-24.37,-8.96,-5.85,240.75,8.41,10013.33
269,-0.19,-0.11,0.11,26.0,-59.34,7.48,-44.85,0.41,-17.78,241.05,10.15,10010.0
270,0.67,-0.63,0.45,10.37,-14.07,-33.74,4.11,-22.63,8.96,240.88,13.41,10013.33
271,0.11,0.26,-0.41,44.52,-40.82,48.56,-37.11,-5.85,-0.41,241.02,15.22,10003.33
272,0.37,0.07,-0.0,-14.89,7.82,-0.08,-16.63,-17.78,22.63,240.85,13.48,10000.0
273,-0.56,0.56,-0.48,-6.67,-37.45,26.67,-35.97,8.96,5.85,241.15,11.78,10013.33
274,-0.04,-0.3,0.34,-66.74,-10.7,-33.41,8.96,-0.41,17.78,240.98,23.71,10016.67
275,-0.37,-0.11,-0.04,-21.81,-59.34,0.41,-15.22,22.63,-8.96,241.12,11.6,10013.33
276,0.48,-0.67,0.19,-37.45,-14.07,-55.96,4.11,5.85,0.41,240.78,16.78,10010.0
277,-0.0,0.34,-0.63,33.41,-40.82,-7.33,-52.26,17.78,-22.63,240.92,11.82,10013.33
278,0.19,0.04,-0.15,14.07,7.82,-22.96,-21.81,-8.96,-5.85,240.75,8.41,10003.33
279,-0.37,0.63,-0.26,66.74,-7.82,33.41,-44.85,0.41,-17.78,241.05,10.15,10000.0
280,0.15,-0.3,0.67,21.81,48.56,-15.22,1.56,-22.63,8.96,240.88,13.41,10013.33
281,-0.0,-0.07,0.11,44.85,-0.08,37.45,-39.67,-5.85,-0.41,241.02,15.22,10016.67
282,0.59,-0.63,0.37,-26.0,15.56,-7.48,-16.63,-17.78,22.63,240.85,13.48,10013.33
283,0.11,0.23,-0.48,-6.67,-40.82,22.96,-33.41,8.96,5.85,241.15,11.78,10010.0
284,0.37,0.04,0.04,-66.74,7.82,-33.41,11.52,-0.41,17.78,240.98,23.71,10013.33
285,-0.45,0.59,-0.19,-25.52,-37.45,26.0,-15.22,22.63,-8.96,241.12,11.6,10003.33
286,0.04,-0.37,0.59,-44.85,-10.7,-26.67,1.56,5.85,0.41,240.78,16.78,10000.0
287,-0.19,-0.11,0.11,26.0,-59.34,7.48,-54.82,17.78,-22.63,240.92,11.82,10013.33
288,0.67,-0.63,0.45,10.37,-14.07,-33.74,-24.37,-8.96,-5.85,240.75,8.41,10016.67
289,0.11,0.26,-0.41,44.52,-40.82,48.56,-44.85,0.41,-17.78,241.05,10.15,10013.33
290,0.37,0.07,-0.0,-14.89,7.82,-0.08,4.11,-22.63,8.96,240.88,13.41,10010.0
291,-0.56,0.56,-0.48,-6.67,-37.45,26.67,-37.11,-5.85,-0.41,241.02,15.22,10013.33
292,-0.04,-0.3,0.34,-66.74,-10.7,-33.41,-16.63,-17.78,22.63,240.85,13.48,10003.33
293,-0.37,-0.11,-0.04,-21.81,-59.34,0.41,-35.97,8.96,5.85,241.15,11.78,10000.0
294,0.48,-0.67,0.19,-37.45,-14.07,-55.96,8.96,-0.41,17.78,240.98,23.71,10013.33
295,-0.0,0.34,-0.63,33.41,-40.82,-7.33,-15.22,22.63,-8.96,241.12,11.6,10016.67
296,0.39,-0.06,0.02,2.96,7.82,-30.37,15.22,7.0,4.11,493.21,2.93,6776.67
297,-0.23,0.32,-0.34,40.78,-0.41,55.63,-7.82,22.63,-8.96,746.96,6.26,3496.67
298,0.34,-0.62,0.27,-33.78,30.04,-0.37,15.22,-0.41,17.78,1001.92,15.0,200.0
299,0.33,-0.83,0.21,-59.7,22.63,-0.37,11.52,-0.41,17.78,749.56,27.08,3430.0
300,0.79,-1.43,0.94,-101.23,38.26,-86.38,24.6,-17.19,27.15,495.74,25.52,6703.33
301,0.19,-0.63,0.34,-37.45,7.82,-18.93,8.96,2.15,6.67,415.43,25.41,9670.0
302,0.34,-0.3,0.22,-37.45,15.22,-11.52,8.96,-5.26,2.97,664.17,11.67,6631.67
303,-0.37,0.48,-0.37,-18.11,-37.45,44.85,-15.22,15.22,-12.67,664.43,-0.44,6625.0
304,0.22,-0.3,0.56,-52.26,18.93,-15.22,1.56,-1.56,-3.29,693.41,-0.44,5500.0
305,0.16,-0.58,0.45,-55.96,15.22,-30.0,-9.55,2.15,7.82,699.83,11.71,5241.67
306,0.85,-1.12,1.07,-75.3,75.3,-64.15,28.3,-17.19,27.15,951.99,9.97,2008.33
307,0.1,-0.45,0.4,-55.96,-7.0,-30.0,7.82,-7.82,15.22,748.39,15.19,3470.0
308,-0.17,-0.21,0.5,-15.22,-3.3,-15.22,8.96,-15.22,11.52,660.97,18.56,6728.33
309,-0.63,0.52,-0.3,4.11,-37.45,15.22,-28.89,4.11,-7.82,408.82,20.3,9975.0
310,-0.26,0.37,-0.37,29.71,-26.0,18.93,-43.37,5.26,-4.11,408.75,4.85,9978.33
311,-0.08,0.08,-0.26,-7.33,-33.41,11.52,-43.37,5.26,-4.11,451.62,-0.33,8311.67
312,0.03,-0.33,-0.18,18.26,-47.89,41.15,-39.67,-5.85,-0.41,674.74,-1.93,6131.67
313,-0.19,-0.07,-0.37,7.48,-33.41,63.37,-39.67,-5.85,-0.41,674.94,8.3,6138.33
314,-0.56,0.53,-0.97,63.86,-74.64,86.41,-60.15,13.49,-19.75,464.57,15.22,7850.0
315,-0.93,0.71,-0.75,75.3,-56.45,60.49,-56.45,20.89,-17.19,426.55,28.93,9266.67
316,-0.78,0.45,-0.52,75.3,-70.93,23.45,-38.26,27.15,-18.34,656.62,20.3,6836.67
317,-1.01,0.63,-0.34,71.6,-82.38,49.04,-41.97,38.26,-22.04,656.58,6.44,6826.67
318,-0.21,-0.02,-0.11,-14.41,-55.63,7.52,-26.33,18.93,-1.56,726.44,3.07,4276.67
319,-0.51,0.13,-0.07,-29.22,-67.08,18.63,-26.33,18.93,-1.56,496.27,10.0,6690.0
320,0.31,-0.43,0.16,-52.26,-10.7,-40.78,0.41,-11.52,21.48,718.22,23.86,4571.67
321,-0.45,0.26,-0.19,-3.29,-67.08,0.74,-33.41,1.56,2.15,463.23,13.52,7871.67
322,0.45,-0.26,0.19,-37.11,-21.81,-44.19,-14.07,-15.22,11.52,462.9,18.7,7878.33
323,0.19,-0.08,0.15,-55.3,-18.11,-44.19,-6.67,-4.11,7.82,414.57,3.26,9711.67
324,0.26,-0.04,0.3,-55.3,4.11,-29.71,7.82,5.85,0.41,654.51,15.19,6961.67
325,-0.41,0.67,-0.26,-21.48,-15.22,11.52,-15.22,15.22,-11.52,654.81,16.93,6951.67
326,-1.04,1.0,-0.6,12.34,-75.3,56.45,-45.67,23.45,-27.15,692.72,32.37,5493.33
327,-0.41,0.19,-0.15,-7.0,-44.85,-14.41,-25.19,-7.0,-4.11,452.59,30.67,8250.0
328,0.07,-0.78,0.63,-26.33,-18.11,-67.08,-4.7,-18.93,18.93,452.42,28.93,8253.33
329,0.22,-0.67,0.37,-11.52,7.82,-41.15,-30.63,-15.22,11.52,454.71,23.71,8170.0
330,-0.3,0.37,-0.48,33.41,-18.93,29.71,-65.6,5.26,-4.11,642.18,20.45,7330.0
331,-0.3,0.48,-0.41,33.41,10.7,51.93,-63.04,7.82,-15.22,642.04,20.45,7343.33
332,0.45,-0.15,0.22,2.96,41.15,-18.93,-14.07,-15.22,11.52,650.16,25.67,7051.67
333,0.33,-0.37,0.63,-15.22,15.22,-18.93,-14.07,-15.22,11.52,462.9,18.7,7881.67
334,-0.37,0.3,-0.04,4.11,-67.08,15.22,-51.6,-4.7,3.29,463.13,5.0,7878.33
335,-1.04,1.0,-0.6,19.75,-97.52,56.45,-100.56,18.34,-23.45,241.12,-3.48,10013.33
336,-1.15,0.93,-0.64,49.38,-67.89,41.97,-89.78,28.3,-30.86,445.9,10.22,8516.67
337,-0.78,0.78,-0.71,74.97,-56.45,45.67,-79.0,38.26,-38.26,445.93,11.82,8516.67
338,-0.64,0.45,-0.6,100.56,-70.93,53.08,-49.37,41.97,-28.3,641.88,3.04,7340.0
339,0.11,-0.29,-0.11,44.19,-47.89,-3.3,-25.19,18.93,-1.56,634.11,-3.7,7631.67
340,0.11,-0.18,-0.22,18.6,-47.89,-7.0,-35.97,8.96,2.15,881.4,8.41,4625.0
341,0.59,-0.56,0.41,-26.33,0.74,-55.63,-12.93,-10.37,12.67,941.59,10.26,2500.0
342,0.07,0.48,-0.45,18.6,-26.0,15.22,-33.41,1.56,-10.37,744.64,18.74,3705.0
343,-0.22,0.56,-0.11,26.0,-37.45,29.71,-33.41,1.56,-6.67,497.32,5.03,6701.67
344,-0.78,1.11,-0.56,82.38,-67.89,74.64,-86.08,17.19,-27.15,241.18,11.96,9986.67
345,-0.67,0.71,-0.34,67.89,-82.38,49.04,-112.01,20.89,-34.56,411.71,-1.89,9823.33
346,-0.56,0.93,-0.75,86.08,-56.45,49.04,-93.82,27.15,-35.71,411.81,6.63,9840.0
347,-0.56,0.75,-0.89,60.15,-74.64,37.93,-67.89,23.45,-28.3,411.91,15.11,9850.0
348,-0.67,1.15,-1.12,74.64,-60.15,63.53,-41.97,19.75,-20.89,241.38,28.97,10030.0
349,-0.78,0.93,-0.71,56.45,-86.08,63.53,-45.67,12.34,-23.45,241.35,35.89,10010.0
350,-0.41,0.33,-0.11,0.08,-44.85,40.49,-25.19,0.41,-0.41,241.18,34.15,10020.0
351,0.33,-0.41,0.63,-33.74,-25.52,-0.74,5.26,-7.82,15.22,435.94,32.41,8881.67
352,0.97,-1.23,1.08,-60.49,27.15,-71.6,35.71,-16.04,30.86,435.71,28.89,8888.33
353,0.59,-0.63,0.48,-4.11,-14.07,-48.56,15.22,-4.11,7.82,625.21,16.78,7958.33
354,-0.11,0.04,-0.19,4.11,-33.41,-25.52,-15.22,4.11,-7.82,430.46,18.52,9090.0
355,-0.33,0.37,-0.34,15.22,-26.0,4.11,-15.22,4.11,-7.82,430.46,18.52,9103.33
356,0.3,0.04,0.18,-4.11,7.82,-11.52,7.82,-15.22,11.52,240.85,32.37,10026.67
357,0.75,-0.89,0.93,-49.38,34.56,-41.97,30.86,-34.56,30.86,240.58,27.15,10020.0
358,0.59,-0.67,0.37,-26.34,-14.07,10.7,4.11,-18.93,17.78,240.85,23.75,10000.0
359,-0.19,0.04,-0.3,7.48,-33.41,63.37,-22.63,0.41,-1.56,476.12,18.53,7410.0
360,-0.37,0.34,-0.41,44.52,-26.0,70.78,-25.19,10.37,-8.96,476.09,22.01,7420.0
361,-0.37,0.34,-0.41,44.52,-26.0,70.78,-54.82,6.67,-18.93,475.96,20.45,7426.67
362,-0.3,0.3,-0.41,18.93,-26.0,41.15,-47.41,14.08,-16.37,240.98,18.75,10010.0
363,0.07,0.19,-0.63,11.52,-40.82,11.52,-47.41,11.52,-5.26,241.12,18.75,10006.67
364,-0.11,0.52,-0.78,11.52,-26.33,11.52,-25.19,18.93,-1.56,434.88,22.01,8923.33
365,0.26,-0.07,-0.18,-33.74,7.82,-15.22,-2.15,-4.11,8.96,434.65,11.67,8923.33
366,-0.11,0.04,0.04,-26.34,22.63,14.41,0.41,-1.56,-2.15,434.52,11.67,8916.67
367,0.5,-0.76,0.64,-90.12,53.08,-53.04,23.45,-24.6,24.6,495.77,11.78,6700.0
368,0.16,-0.57,0.12,-19.26,22.63,3.33,-7.0,-8.96,15.22,740.75,13.59,3783.33
369,0.53,-0.68,-0.1,-26.67,7.82,-26.3,0.41,-7.82,18.93,740.82,11.82,3796.67
370,0.07,-0.14,-0.48,33.41,-37.11,4.11,-15.22,11.52,-1.56,485.93,10.0,7093.33
371,0.52,-0.7,0.23,-11.52,-14.07,-78.19,15.22,-4.11,7.82,240.95,16.97,10010.0
372,0.3,-0.48,0.34,-29.71,0.74,-66.74,5.26,-7.82,15.22,241.02,5.04,9993.33
373,0.6,-0.75,0.78,-86.08,49.37,-86.08,32.0,-23.45,28.3,240.75,8.45,9990.0
374,-0.11,0.03,0.19,-66.74,-3.3,-29.71,1.56,3.29,11.52,240.92,3.07,10000.0
375,-0.15,-0.04,0.26,-78.19,-3.3,-15.22,7.82,-0.41,1.56,240.88,1.26,10013.33
376,-0.26,-0.08,0.3,-41.15,-3.3,-11.52,0.41,-4.11,8.96,240.95,3.04,10020.0
377,0.45,-0.75,0.97,-60.49,79.0,-45.67,24.6,-27.15,35.71,240.82,15.15,10010.0
378,0.75,-0.86,0.93,-49.04,64.19,-60.15,20.89,-23.45,45.67,240.85,32.41,10000.0
379,1.12,-0.97,0.71,-56.45,49.38,-89.78,20.89,-23.45,45.67,240.85,32.41,9993.33
380,0.48,-0.26,0.19,-37.11,-10.7,-41.15,0.41,-0.41,18.93,480.88,30.63,7243.33
381,-0.41,0.26,-0.19,-3.29,-55.96,3.78,-48.56,15.22,-11.52,480.95,22.15,7250.0
382,-0.34,0.33,0.07,4.11,-55.96,33.41,-41.15,18.93,-18.93,480.88,20.38,7266.67
383,0.52,-0.19,0.41,-4.11,-32.92,-7.82,-20.67,-4.11,7.82,416.66,22.15,9641.67
384,0.67,-0.07,0.15,10.7,-7.0,18.11,1.56,3.29,11.52,416.73,16.78,9635.0
385,0.63,-0.11,0.04,-14.89,-7.0,-0.08,-8.41,-7.82,15.22,416.7,15.08,9621.67
386,-0.22,0.41,-0.3,0.74,-52.26,41.15,-43.37,5.26,-4.11,240.98,1.37,10010.0
387,-0.08,0.15,-0.08,-2.96,-66.74,4.11,-39.67,-5.85,-0.41,241.02,15.22,10006.67
388,-0.48,0.22,-0.0,22.63,-51.93,22.3,-39.67,-5.85,-0.41,408.78,18.7,9968.33
389,0.08,-0.15,0.19,-18.6,8.15,-37.11,-4.7,-26.33,15.22,408.58,28.93,9955.0
390,-0.03,0.26,-0.04,-4.11,22.63,-11.52,-19.19,-25.19,18.93,408.52,13.48,9958.33
391,0.15,0.07,-0.15,29.78,-7.82,41.15,-39.67,-5.85,-0.41,498.32,10.11,6666.67
392,-0.3,0.67,-0.74,89.19,-41.97,100.56,-86.08,17.19,-27.15,498.48,6.85,6666.67
393,0.45,-0.08,0.0,55.37,-22.63,59.34,-48.56,-3.29,-11.52,498.28,22.3,6673.33
394,0.67,0.04,0.04,14.07,4.11,-11.52,-25.52,-22.63,7.82,462.9,27.41,7881.67
395,0.56,-0.19,0.44,-4.11,-21.81,-11.52,-3.29,-15.22,11.52,462.97,22.04,7875.0
396,-0.22,0.41,-0.3,18.93,-41.15,41.15,-26.33,4.11,-7.82,463.23,22.04,7868.33
397,-1.04,0.97,-0.53,41.97,-97.52,100.56,-49.37,23.45,-27.15,241.32,22.04,9986.67
398,-0.52,0.52,-0.26,-10.7,-37.45,55.63,-15.22,4.11,-7.82,241.12,32.37,10000.0
399,0.04,-0.26,0.67,-44.85,18.93,-4.44,15.22,-4.11,7.82,240.88,28.86,10006.67
400,-0.04,-0.3,0.52,-52.26,18.93,-18.93,18.93,3.29,10.37,240.92,21.93,10010.0
401,-0.26,-0.04,0.04,18.6,-29.71,15.22,-11.52,11.52,-5.26,241.15,8.19,9996.67
402,-0.11,0.08,-0.41,22.3,-66.74,-7.0,-15.22,4.11,-7.82,410.9,8.19,9865.0
403,-0.04,0.11,-0.26,29.71,-66.74,7.48,-18.93,-3.29,-10.37,410.87,15.11,9861.67
404,0.22,-0.08,0.15,-29.71,-18.11,-41.15,4.11,-22.63,8.96,410.6,27.15,9861.67
405,-0.07,-0.08,0.59,-47.89,-18.11,-41.15,0.41,-15.22,18.93,492.08,27.08,6861.67
406,0.15,-0.08,0.56,-18.26,11.52,-55.63,-14.07,-14.08,22.63,492.01,11.63,6871.67
407,-0.19,0.11,0.18,26.67,-37.11,-21.81,-63.04,8.96,-4.11,492.18,8.37,6871.67
408,-0.45,0.71,-0.38,97.52,-52.75,34.56,-82.38,24.6,-24.6,241.22,5.04,10003.33
409,-0.04,0.0,0.18,41.15,-0.08,0.41,-47.41,14.08,-16.37,240.98,18.75,10003.33
410,-0.04,0.18,0.33,67.08,18.11,11.52,-35.97,11.52,-5.26,241.05,22.01,10010.0
411,0.03,0.0,0.15,55.63,-0.08,15.22,-39.67,4.11,-7.82,241.02,28.93,10013.33
412,-0.45,0.86,-0.71,74.97,-56.45,45.67,-56.45,20.89,-17.19,241.35,23.75,10010.0
413,-0.04,0.04,-0.22,18.6,-33.41,-10.7,-15.22,4.11,-7.82,241.18,11.71,10020.0
414,0.33,-0.48,0.52,-26.33,37.45,-48.56,15.22,-4.11,7.82,425.19,6.49,9301.67
415,0.97,-1.23,0.93,-41.97,56.78,-101.23,32.0,-30.86,24.6,613.42,9.89,8426.67
416,0.89,-0.78,0.67,-56.45,64.19,-89.78,35.71,-23.45,27.15,613.39,23.64,8420.0
417,0.78,-0.45,0.34,-70.93,41.97,-100.56,35.71,-23.45,27.15,429.15,25.34,9138.33
418,0.11,0.37,-0.15,-29.71,22.63,-29.71,15.22,-4.11,7.82,240.88,28.86,10026.67
419,0.34,0.15,-0.26,-11.52,7.82,-41.15,5.26,-7.82,15.22,240.95,30.63,10030.0
420,-0.0,0.34,-0.63,33.41,-40.82,-7.33,-51.11,4.11,-7.82,241.08,25.67,10013.33
421,0.11,0.11,-0.26,44.85,-37.11,-21.81,-77.04,7.82,-15.22,240.98,17.19,10000.0
422,-0.38,0.52,-0.56,86.08,-70.93,38.26,-101.23,30.86,-41.97,241.12,5.08,10000.0
423,-0.49,0.93,-0.78,100.56,-56.45,63.86,-101.23,30.86,-41.97,241.12,5.08,10006.67
424,-0.63,1.01,-1.15,78.34,-60.15,89.78,-89.78,28.3,-30.86,241.15,-1.89,10013.33
425,-1.0,1.15,-1.08,52.75,-71.6,86.08,-100.56,18.34,-23.45,241.12,-3.48,10000.0
426,-0.86,0.67,-0.93,41.97,-86.08,97.52,-100.56,18.34,-23.45,443.7,-10.45,8583.33
427,-0.71,0.41,-0.71,38.26,-100.56,60.49,-89.78,28.3,-30.86,443.73,-8.86,8580.0
428,-0.38,0.19,-0.82,63.86,-89.12,86.41,-75.3,27.15,-34.56,666.89,-8.86,6420.0
429,-0.11,0.0,-0.3,3.78,-40.49,30.04,-28.89,11.52,-4.11,464.24,4.85,7840.0
430,0.3,-0.52,0.41,-26.67,30.37,7.0,1.56,-15.22,12.67,464.07,1.44,7843.33
431,0.26,-0.45,0.48,-41.15,30.37,-30.04,-24.37,-11.52,5.26,411.51,3.04,9843.33
432,-0.04,0.0,0.18,41.15,-0.08,0.41,-59.34,1.56,-14.08,411.65,-0.44,9840.0
433,-0.75,0.67,-0.49,97.52,-82.38,34.56,-100.56,18.34,-23.45,644.44,16.82,7333.33
434,-0.71,0.74,-0.52,97.52,-82.38,49.37,-70.93,18.34,-23.45,711.34,13.41,4833.33
435,-0.78,0.89,-0.82,60.49,-86.08,45.67,-52.75,24.6,-24.6,711.41,11.71,4826.67
436,-0.6,1.04,-0.82,30.86,-60.15,60.15,-34.56,27.15,-25.74,728.56,3.23,4243.33
437,-0.22,0.45,-0.08,0.41,10.7,22.3,-15.22,11.52,4.7,490.96,18.75,6920.0
438,-0.3,0.37,-0.15,15.22,10.7,51.93,-18.93,4.11,2.15,490.93,25.67,6936.67
439,0.37,-0.33,0.08,-7.82,30.04,-18.93,-2.15,-8.96,11.52,240.88,32.41,10020.0
440,0.52,-0.22,-0.37,-4.11,-7.0,-41.15,-4.7,-16.37,7.82,240.78,28.93,10013.33
441,1.08,-1.0,0.56,-38.26,49.38,-101.23,15.78,-25.74,19.75,240.48,27.19,10006.67
442,0.56,-0.67,0.23,-7.82,15.56,-18.93,-4.7,-16.37,7.82,240.78,28.93,10020.0
443,0.19,-0.56,0.45,-0.41,30.37,10.7,5.26,-5.26,4.11,240.82,30.63,10030.0
444,0.08,-0.3,0.19,-26.34,8.15,14.41,5.26,-5.26,4.11,240.82,30.63,10040.0
445,0.67,-0.56,0.78,-49.38,41.97,-38.26,25.74,-17.19,27.15,416.46,28.89,9651.67
446,0.34,0.0,0.07,-26.34,7.82,14.41,-19.19,-7.82,15.22,416.63,16.96,9645.0
447,0.07,0.19,-0.45,33.74,-40.82,70.78,-54.15,2.7,7.0,416.86,3.26,9635.0
448,-0.37,0.23,-0.48,33.74,-26.0,70.78,-51.6,2.7,7.0,241.05,3.26,10010.0
449,-0.33,0.37,-0.48,44.52,-26.0,59.34,-33.41,8.96,5.85,448.08,10.22,8420.0
450,0.04,-0.08,0.3,10.37,44.85,-0.74,4.11,-4.11,25.19,447.85,10.22,8433.33
451,0.26,-0.41,0.45,-0.74,37.45,-30.37,4.11,-11.52,21.48,625.73,3.48,7975.0
452,0.07,-0.67,0.71,-26.33,11.52,-44.85,0.41,-18.93,18.93,418.77,11.96,9568.33
453,0.04,-0.74,0.6,-52.26,-18.11,-44.85,-2.15,-18.93,18.93,418.9,25.67,9545.0
454,-0.45,0.22,-0.19,-32.92,-44.85,7.82,-51.11,4.11,-7.82,422.03,27.23,9420.0
455,-0.37,0.26,-0.04,-32.92,-15.22,22.3,-47.41,11.52,-5.26,640.45,23.71,7410.0
456,-0.75,1.04,-0.49,49.38,-38.26,56.45,-82.38,24.6,-24.6,640.55,10.0,7420.0
457,-0.34,0.52,0.03,15.56,-4.11,15.22,-33.41,11.52,-5.26,459.4,15.19,7996.67
458,-0.19,0.67,-0.3,15.56,-7.82,-2.96,-51.6,5.26,-4.11,240.92,3.26,9993.33
459,-0.33,0.85,-0.6,4.11,-11.52,22.96,-40.82,4.11,-7.82,475.99,13.48,7406.67
460,-0.48,0.74,-0.49,29.71,-11.52,41.15,-40.82,1.56,3.29,476.12,13.48,7413.33
461,-0.55,0.67,-0.56,44.52,-11.52,70.78,-26.33,0.41,-0.41,476.19,28.93,7426.67
462,-0.7,0.45,-0.37,18.93,-37.45,44.85,-18.93,7.82,2.15,241.22,27.23,10023.33
463,-0.3,0.37,-0.45,-6.67,-52.26,26.67,-15.22,4.11,-7.82,241.18,11.71,10023.33
464,0.04,-0.19,0.26,-29.71,-18.11,-26.0,11.52,-11.52,5.26,240.98,-5.55,10020.0
465,0.75,-0.97,0.86,-49.04,34.56,-82.38,34.56,-34.56,15.78,240.75,-7.11,10006.67
466,0.15,-0.41,0.59,21.81,18.93,-37.45,-18.11,-15.22,-4.7,240.85,1.67,10006.67
467,0.15,-0.41,0.59,21.81,18.93,-37.45,-18.11,-15.22,-4.7,240.85,1.67,9993.33
468,0.08,0.03,0.33,7.33,26.33,-26.0,-24.37,-8.96,-5.85,240.75,8.41,10000.0
469,0.15,-0.15,0.15,-4.11,8.15,-22.3,-12.93,-11.52,5.26,240.78,1.44,10013.33
470,-0.19,0.41,-0.56,18.93,-26.0,30.37,-43.37,15.22,-11.52,240.95,4.85,10013.33
471,-0.49,0.53,-1.0,67.56,-74.64,101.23,-78.34,25.74,-19.75,241.18,-8.86,10016.67
472,0.0,0.15,-0.37,22.63,-26.0,52.59,-37.11,12.67,-10.37,497.28,-8.82,6711.67
473,0.22,0.0,-0.3,7.82,-40.49,26.67,-47.89,2.7,-6.67,744.57,3.29,3718.33
474,0.63,-0.48,0.11,-26.33,30.37,-33.41,-12.93,-17.78,8.96,990.66,13.52,750.0
475,0.41,-0.3,-0.11,-40.82,30.37,-33.41,-12.93,-21.48,8.96,734.42,11.67,4038.33
476,0.93,-0.78,0.45,-74.64,64.19,-78.34,22.04,-34.56,32.0,487.0,11.67,7048.33
477,0.67,-0.52,0.6,-63.53,41.97,-70.93,24.6,-24.6,24.6,240.68,15.15,10006.67
478,0.19,-0.07,-0.0,-14.89,7.82,-0.08,-5.85,2.15,7.82,240.85,18.56,10010.0
479,-0.7,0.45,-0.37,55.96,-37.45,44.85,-40.82,15.22,-11.52,473.61,20.3,7500.0
480,-0.82,0.75,-0.89,89.78,-86.08,75.3,-60.15,32.0,-20.89,473.95,15.11,7503.33
481,-0.04,0.15,-0.15,66.74,-66.74,22.63,-35.97,1.56,2.15,473.71,23.75,7496.67
482,0.33,0.0,-0.22,55.3,-55.3,26.33,-25.19,11.52,-5.26,457.22,6.49,8080.0
483,0.15,0.3,-0.15,37.11,-40.82,37.11,-25.19,7.82,-5.26,706.93,4.93,4993.33
484,-0.3,0.34,-0.19,37.11,-26.0,37.11,-15.22,18.93,-8.96,706.96,6.63,5013.33
485,-0.52,0.6,-0.37,26.33,-11.52,59.34,-15.22,18.93,-8.96,490.83,10.04,6923.33
486,0.0,-0.33,0.22,-0.41,15.22,-11.52,11.52,7.0,4.11,240.85,15.0,10000.0
487,-0.41,0.15,-0.08,15.22,-44.85,29.71,-33.41,16.37,-7.82,241.02,3.07,9983.33
488,-0.34,0.15,-0.11,15.22,-33.74,0.08,-55.63,12.67,-1.56,483.37,10.0,7156.67
489,-0.75,0.97,-0.6,71.6,-56.78,56.45,-89.78,32.0,-20.89,483.57,-0.33,7160.0
490,-0.11,0.26,-0.08,44.85,25.52,7.82,-54.82,21.48,-12.67,483.33,13.37,7166.67
491,-0.04,0.18,0.33,67.08,18.11,11.52,-28.89,14.08,-15.22,241.02,20.3,10013.33
492,-0.15,0.41,-0.04,55.63,14.41,26.0,-39.67,4.11,-7.82,428.25,25.67,9183.33
493,-0.37,0.63,-0.26,66.74,-7.82,33.41,-37.11,4.11,-7.82,428.25,25.67,9180.0
494,-0.52,0.82,-0.56,55.3,-11.52,59.34,-40.82,4.11,-7.82,663.25,20.45,6583.33
495,0.0,-0.22,0.3,10.37,15.22,-11.52,-3.29,-8.96,11.52,475.89,27.19,7420.0
496,-0.15,0.0,-0.26,33.41,-33.41,41.15,-26.33,0.41,-0.41,476.19,28.93,7426.67
497,0.03,-0.44,-0.18,22.63,-47.89,41.15,-37.11,1.56,3.29,241.12,18.7,10020.0
498,-0.38,0.38,-0.67,79.0,-70.93,97.52,-56.45,20.89,-17.19,241.32,13.52,10010.0
499,0.18,0.08,-0.19,30.37,-37.11,26.67,-26.0,12.67,-1.56,241.08,10.0,10010.0
500,0.48,-0.04,0.26,-18.26,11.52,-44.19,15.22,-4.11,7.82,240.95,8.19,9996.67
501,0.67,-0.52,0.6,-63.53,41.97,-70.93,38.26,-27.15,18.34,240.72,-2.15,10010.0
502,-0.26,-0.04,0.33,-14.89,26.33,-26.0,4.11,-17.78,-1.0,493.2,-12.48,6836.67
503,-0.18,-0.48,0.59,-0.41,18.93,-37.45,0.41,-11.52,-2.15,493.1,3.04,6853.33
504,0.26,-0.52,0.63,-0.41,4.11,-37.45,-3.29,-7.82,7.82,493.14,18.56,6843.33
505,0.52,-0.3,0.33,-15.22,0.41,-41.15,-14.07,-7.82,15.22,240.82,16.96,10013.33
506,0.11,0.52,-0.15,41.15,-22.63,15.22,-51.6,2.7,7.0,241.05,3.26,10003.33
507,-0.15,0.26,-0.08,4.11,-15.22,7.82,-51.6,5.26,-4.11,240.92,3.26,10006.67
508,0.11,-0.37,0.56,-4.11,18.93,-15.22,-16.63,-7.82,15.22,240.82,16.96,9996.67
509,0.71,-0.93,0.82,-74.97,34.56,-60.15,28.3,-17.19,27.15,240.65,25.49,10000.0
510,0.64,-0.6,0.67,-74.97,41.97,-56.45,35.71,-16.04,30.86,240.72,23.71,10000.0
511,0.48,-0.37,0.11,-41.15,-6.67,-3.78,15.22,-4.11,7.82,463.97,10.0,7840.0
512,-0.41,0.15,-0.26,-7.33,-51.93,41.15,-18.93,15.22,-11.52,464.17,3.07,7833.33
513,-0.86,0.67,-0.93,52.75,-86.08,97.52,-45.67,30.86,-24.6,464.44,-0.33,7836.67
514,-0.89,0.75,-0.86,38.26,-86.08,60.49,-41.97,38.26,-22.04,241.38,8.19,10016.67
515,-0.67,0.93,-1.04,38.26,-60.15,56.78,-38.26,27.15,-18.34,241.42,22.04,10023.33
516,-0.15,0.08,-0.22,-21.81,-33.41,-3.29,-21.48,7.82,2.15,241.22,27.23,10013.33
517,0.19,-0.11,0.3,-41.15,15.22,-37.11,1.56,-18.93,18.93,474.98,18.7,7458.33
518,0.6,-0.64,0.82,-74.97,49.37,-78.34,32.0,-27.15,34.56,474.75,15.19,7455.0
519,0.78,-0.45,0.49,-45.34,41.97,-100.56,32.0,-34.56,30.86,474.65,11.71,7465.0
520,1.08,-0.6,0.49,-45.34,27.15,-82.38,28.3,-34.56,30.86,240.58,27.15,10013.33
521,0.6,-0.15,-0.11,3.29,-7.0,-11.52,-28.07,-22.63,7.82,240.72,22.19,10023.33
522,0.48,-0.26,0.33,-0.41,30.04,10.7,-18.11,-11.52,4.11,424.99,22.19,9311.67
523,-0.26,0.48,-0.41,33.41,10.7,51.93,-44.85,18.93,-18.93,425.22,8.34,9301.67
524,-0.41,0.37,-0.15,18.6,-15.22,26.0,-33.41,16.37,-7.82,425.26,1.37,9295.0
525,-0.93,1.23,-1.01,37.93,-71.6,56.45,-67.56,35.71,-27.15,241.22,-7.26,10010.0
526,-0.48,0.63,-0.41,-21.48,-37.45,-2.96,-37.11,8.96,-10.37,241.05,-10.67,10016.67
527,-0.41,0.67,-0.26,-14.07,-37.45,11.52,-48.56,11.52,-21.48,241.02,-3.7,10013.33
528,0.04,-0.26,0.48,-59.34,-10.7,-18.93,-24.37,-11.52,5.26,240.88,8.41,10020.0
529,-0.6,0.07,0.15,-25.52,-70.78,26.0,-47.41,11.52,-5.26,241.12,18.75,10013.33
530,-0.18,-0.41,0.45,-41.15,-10.7,-15.22,1.56,-1.56,14.08,240.92,25.49,10010.0
531,-0.56,0.19,-0.15,15.22,-51.93,7.82,-22.63,21.48,-12.67,241.05,13.37,10000.0
532,-0.56,0.19,-0.15,15.22,-51.93,7.82,-26.33,14.08,-15.22,452.52,20.3,8253.33
533,-0.11,0.15,-0.11,15.22,-66.74,7.82,-18.93,15.22,-11.52,452.59,18.52,8263.33
534,0.52,-0.19,0.41,-4.11,-32.92,-7.82,11.52,-11.52,5.26,452.42,15.11,8256.67
535,0.67,-0.07,0.15,10.7,-7.0,18.11,7.82,-0.41,1.56,240.88,1.26,10000.0
536,0.34,0.0,0.07,-26.34,7.82,14.41,-2.15,-11.52,5.26,240.85,-0.44,10003.33
537,0.11,-0.19,0.26,-37.45,44.85,7.0,-2.15,-11.52,5.26,240.85,-0.44,10000.0
538,0.67,-1.08,1.12,-71.6,71.6,-75.3,22.04,-34.56,32.0,437.83,4.93,8798.33
539,1.0,-1.15,1.19,-34.56,56.78,-71.6,24.6,-27.15,35.71,437.93,8.41,8781.67
540,1.15,-1.04,0.75,-30.86,19.75,-93.82,24.6,-27.15,35.71,437.93,8.41,8801.67
541,0.78,-0.48,0.04,3.29,-21.48,-11.52,-10.37,-14.08,16.37,240.92,1.44,10006.67
542,0.78,-0.48,0.04,3.29,-21.48,-11.52,-12.93,-11.52,5.26,240.78,1.44,10023.33
543,0.29,-0.07,-0.26,44.52,-55.3,48.56,-35.97,11.52,-5.26,436.83,1.44,8843.33
544,0.45,-0.3,0.3,21.48,-6.67,-4.11,8.96,2.15,6.67,642.74,-0.37,7305.0
545,-0.48,0.19,-0.19,29.71,-51.93,22.63,-15.22,22.63,-8.96,643.01,-12.48,7291.67
546,-0.63,0.52,-0.34,18.93,-26.34,15.22,-33.41,16.37,-7.82,667.9,-2.15,6375.0
547,-0.59,0.52,-0.34,-18.11,-26.34,15.22,-43.37,15.22,-11.52,688.69,-2.15,5625.0
548,0.04,0.18,-0.0,-51.93,33.74,-29.71,-9.22,-4.11,7.82,862.32,-3.74,5333.33
549,0.3,-0.45,0.67,-74.97,56.78,-52.75,35.71,-13.49,19.75,847.41,-14.08,5875.0
550,0.49,-0.67,0.86,-74.97,49.37,-82.38,60.15,-13.49,19.75,859.43,-5.3,5458.33
551,0.45,-0.75,0.93,-86.41,49.37,-67.89,56.45,-20.89,17.19,865.64,-3.7,5208.33
552,0.67,-0.97,1.15,-97.52,71.6,-75.3,46.49,-32.0,20.89,659.53,8.34,6763.33
553,0.6,-0.64,0.86,-86.08,79.0,-63.86,24.6,-32.0,20.89,420.58,15.08,9465.0
554,0.49,-0.67,0.89,-49.04,79.0,-60.15,20.89,-25.74,19.75,240.48,27.19,10006.67
555,0.08,0.03,0.33,7.33,26.33,-26.0,-3.29,4.7,-3.29,240.72,18.56,9990.0
556,0.15,-0.3,0.63,-4.11,18.93,-37.45,18.6,4.7,-3.29,479.66,11.82,7288.33
557,0.52,-0.41,0.41,-11.52,4.11,-67.08,22.3,-1.56,-2.15,479.76,-3.7,7301.67
558,0.45,-0.26,0.11,-48.56,0.41,-70.78,22.3,-1.56,-2.15,479.96,6.63,7301.67
559,0.23,-0.04,-0.07,-11.52,7.82,-41.15,4.11,-7.82,-1.0,241.12,-2.15,10003.33
560,0.08,-0.15,0.37,-15.22,44.85,-18.93,0.41,-4.11,8.96,241.02,-0.33,10006.67
561,0.15,-0.48,0.52,-4.11,30.37,-26.33,7.82,-7.82,15.22,240.88,-3.74,10006.67
562,0.03,-0.18,-0.0,29.71,-18.26,4.11,-33.41,8.96,5.85,417.76,-3.74,9596.67
563,0.26,0.0,-0.19,40.82,-55.3,11.52,-35.97,1.56,2.15,417.8,6.49,9573.33
564,0.7,-0.52,0.52,10.37,15.56,-11.52,-19.19,-15.22,11.52,621.36,8.19,8118.33
565,1.19,-0.93,0.82,-30.86,49.38,-71.6,15.78,-25.74,19.75,444.38,23.71,8535.0
566,0.56,-0.59,0.3,-11.52,15.56,-55.96,-1.0,1.0,2.97,444.68,22.01,8538.33
567,0.45,-0.26,-0.03,-26.0,-6.67,-66.74,8.96,2.15,6.67,414.67,11.78,9705.0
568,-0.11,0.33,-0.15,26.67,-22.3,-10.37,-37.45,15.22,-12.67,414.87,5.04,9705.0
569,0.33,-0.19,0.45,-3.78,48.56,-33.41,-14.41,-7.82,-2.15,639.11,6.74,7500.0
570,-0.0,0.0,0.07,41.15,-0.08,0.41,-41.15,7.82,-15.22,465.55,15.27,7788.33
571,-0.0,0.0,0.07,41.15,-0.08,0.41,-11.52,11.52,-5.26,465.68,16.82,7795.0
572,-0.56,0.93,-0.75,86.08,-56.45,49.04,-34.56,34.56,-15.78,241.45,15.12,10016.67
573,-0.86,1.08,-0.71,74.97,-67.89,60.15,-38.26,27.15,-18.34,241.42,22.04,10030.0
574,-0.93,1.23,-1.01,37.93,-71.6,56.45,-38.26,27.15,-18.34,241.42,22.04,10023.33
575,-1.12,0.97,-0.75,12.34,-97.52,41.97,-41.97,19.75,-20.89,452.89,28.97,8260.0
576,-0.82,0.82,-0.78,23.45,-86.08,30.86,-56.45,20.89,-17.19,662.12,15.11,6583.33
577,-0.89,0.75,-0.86,38.26,-86.08,60.49,-56.45,20.89,-17.19,836.7,16.82,6250.0
578,-0.19,0.08,-0.19,18.93,-3.78,26.34,-33.41,1.56,2.15,624.93,11.6,7996.67
579,0.22,-0.45,0.52,-11.52,67.08,3.3,1.56,-11.52,21.48,415.53,23.71,9663.33
580,0.41,-0.78,0.67,-11.52,52.59,3.3,-5.85,-7.82,15.22,240.88,15.08,10010.0
581,0.59,-0.63,0.37,-26.0,15.56,-7.48,-8.41,-0.41,18.93,240.98,18.56,10023.33
582,0.07,0.3,-0.56,18.93,-40.82,41.15,-32.59,22.63,-7.82,241.12,6.44,10020.0
583,0.45,-0.26,0.15,-15.22,0.41,-41.15,1.56,3.29,11.52,240.92,16.78,10000.0
584,0.26,-0.52,0.37,-0.74,7.82,-52.59,4.11,5.85,0.41,240.78,16.78,10003.33
585,0.15,-0.74,0.78,-18.93,-18.11,-52.59,11.52,2.15,6.67,240.85,23.71,10006.67
586,-0.56,0.04,0.18,0.41,-70.78,3.78,-18.93,10.37,-8.96,241.08,27.23,10016.67
587,-1.3,0.78,-0.3,56.78,-93.82,60.15,-45.67,30.86,-24.6,446.1,27.23,8503.33
588,-1.38,0.74,-0.45,86.41,-93.82,45.67,-63.86,24.6,-23.45,678.66,34.15,6003.33
589,-0.67,-0.04,0.15,67.08,-41.15,-10.7,-43.37,12.67,-0.41,678.5,32.41,5996.67
590,0.07,-0.78,0.63,10.7,-18.11,-67.08,-19.19,-7.82,15.22,473.48,32.41,7493.33
591,0.15,-0.74,0.78,-26.33,4.11,-52.59,-4.7,2.15,7.82,480.75,28.89,7243.33
592,-0.19,-0.11,0.11,18.6,-37.11,7.48,-25.19,14.08,-15.22,480.92,30.63,7246.67
593,-0.71,0.93,-0.75,63.53,-63.86,78.34,-41.97,30.86,-24.6,481.25,25.45,7256.67
594,-0.41,0.75,-0.97,89.12,-74.64,67.56,-67.89,23.45,-28.3,241.28,20.49,10003.33
595,-0.08,0.22,-0.26,18.26,-33.41,7.48,-22.96,14.08,-16.37,479.93,12.01,7295.0
596,0.41,-0.67,0.6,-26.67,-6.67,-41.15,-3.63,-5.26,4.11,711.29,12.01,4830.0
597,0.52,-0.97,1.12,-60.49,41.97,-71.6,45.34,-28.3,30.86,711.13,15.27,4836.67
598,0.75,-0.78,0.97,-23.45,34.56,-41.97,23.45,-38.26,38.26,472.21,18.53,7545.0
599,0.15,-0.11,0.52,3.29,-18.11,6.67,0.41,-26.33,15.22,419.57,21.93,9503.33
600,0.26,-0.08,0.48,-33.74,-18.11,2.96,-2.15,-18.93,18.93,639.42,13.3,7458.33
601,0.04,-0.26,0.67,-44.85,18.93,-4.44,1.56,-15.22,12.67,639.49,1.26,7451.67
602,0.82,-0.86,0.75,-67.89,64.19,-75.3,22.04,-34.56,32.0,460.46,-0.44,7955.0
603,0.86,-0.78,0.82,-56.45,64.19,-89.78,28.3,-38.26,22.04,453.53,-2.04,8205.0
604,0.84,-0.65,0.76,-56.45,41.97,-89.78,35.71,-30.86,24.6,705.86,-0.37,4978.33
605,0.69,-0.88,1.13,-60.15,49.37,-89.78,41.97,-27.15,18.34,705.92,-12.41,4985.0
606,0.54,-0.99,1.1,-34.56,49.37,-71.6,35.71,-30.86,24.6,660.77,1.3,6735.0
607,-0.07,-0.41,0.63,-7.82,-10.7,-22.96,-12.93,-21.48,12.67,408.58,1.44,9981.67
608,-0.41,0.22,-0.04,37.11,-51.93,37.11,-65.6,-2.15,-7.82,408.68,10.22,9968.33
609,-0.3,0.26,-0.08,0.08,-51.93,33.41,-59.34,1.56,-14.08,240.98,-5.3,10010.0
610,0.3,-0.52,0.34,-52.59,0.74,-15.22,-14.41,-7.82,-2.15,240.82,6.63,9993.33
611,0.0,-0.34,0.56,-70.78,-10.7,-4.44,11.52,-11.52,5.26,419.67,11.6,9496.67
612,-0.3,0.11,0.26,11.52,-41.15,26.0,-41.15,7.82,-15.22,419.77,20.38,9496.67
613,-0.82,0.97,-0.56,71.6,-67.89,86.08,-71.6,16.04,-30.86,420.01,23.89,9503.33
614,-0.26,0.59,-0.37,30.37,-7.82,26.67,-48.56,-3.29,-11.52,240.98,22.19,10013.33
615,0.34,0.04,-0.11,-40.49,7.82,-18.26,0.41,-16.37,7.82,240.78,28.93,10016.67
616,0.43,-0.25,0.02,-33.11,18.93,-14.56,7.82,-8.96,10.37,494.31,28.75,6746.67
617,0.65,-0.47,-0.09,-14.93,4.11,-26.0,7.82,-1.56,14.08,702.67,30.45,5111.67
618,-0.09,-0.06,-0.5,55.93,-29.71,15.22,-41.15,15.22,-5.26,957.74,32.19,1858.33
619,0.3,-0.22,-0.03,-0.08,-6.67,-59.34,-18.11,-0.41,7.82,703.98,28.86,5135.0
620,-0.41,0.45,-0.52,30.37,-26.0,22.96,-37.45,18.93,-12.67,670.5,27.15,6426.67
621,-0.26,0.59,-0.37,30.37,-7.82,26.67,-26.0,12.67,-1.56,415.67,11.71,9686.67
622,-0.04,0.37,-0.48,48.56,-22.63,15.22,-29.71,5.26,-4.11,415.7,-2.04,9690.0
623,0.41,-0.15,0.19,-11.52,11.52,-41.15,-12.93,-14.08,16.37,460.66,-10.67,7981.67
624,0.26,-0.07,-0.18,-33.74,7.82,-15.22,5.26,-7.82,15.22,460.76,-2.15,7968.33
625,0.04,0.15,-0.07,-51.93,22.63,-3.78,8.96,-0.41,17.78,460.73,11.6,7958.33
626,-0.33,0.74,-0.67,-6.67,-11.52,22.96,-7.82,18.93,-2.7,241.18,18.53,10010.0
627,0.22,-0.04,0.22,-66.74,15.22,-59.34,33.41,2.15,6.67,479.8,16.97,7305.0
628,-0.41,0.3,-0.11,4.11,-44.85,-14.41,-11.52,11.52,-5.26,712.63,20.49,4801.67
629,-0.56,0.15,0.22,11.52,-70.78,3.78,-15.22,4.11,-7.82,712.59,27.41,4791.67
630,-0.93,0.6,-0.52,71.6,-112.01,86.08,-56.45,20.89,-17.19,473.85,35.89,7493.33
631,-0.23,-0.07,0.15,15.22,-29.71,51.93,-21.48,10.37,-8.96,240.95,34.15,9996.67
632,0.03,-0.33,-0.11,22.63,-18.26,63.37,-47.41,14.08,-16.37,443.43,18.7,8580.0
633,0.3,-0.52,0.41,-37.45,30.37,7.0,-30.63,-2.7,-7.0,443.23,16.96,8600.0
634,0.45,-0.41,-0.03,-33.74,-6.67,-15.22,-28.07,-2.7,-7.0,443.23,16.96,8606.67
635,0.11,-0.19,0.08,-48.56,-18.11,-41.15,-5.85,4.7,-3.29,240.72,18.56,10033.33
636,0.19,-0.52,0.23,-48.56,-25.52,-44.85,-3.29,-5.26,4.11,240.75,15.08,10020.0
637,-0.37,0.07,0.11,4.11,-41.15,11.52,-22.63,11.52,-5.26,241.08,9.89,10016.67
638,0.48,-0.48,0.34,-11.52,4.11,-44.85,4.11,-8.96,10.37,240.82,20.23,10000.0
639,0.71,-0.26,0.15,-0.08,-3.29,-55.63,11.52,2.15,6.67,240.85,18.53,10006.67
640,0.9,-0.74,0.49,-45.34,27.15,-82.38,38.26,-13.49,19.75,446.66,8.19,8458.33
641,0.04,-0.19,0.26,-29.71,-18.11,-26.0,-10.7,-0.41,0.41,446.86,3.23,8478.33
642,-0.18,-0.41,0.45,-41.15,-10.7,-15.22,-20.67,-1.56,-3.29,446.79,8.41,8465.0
643,-0.04,-0.3,0.34,-66.74,-10.7,-33.41,-28.07,-12.67,0.41,240.68,20.45,10016.67
644,0.6,-0.64,0.67,-100.56,49.37,-78.34,28.3,-24.6,23.45,240.55,25.41,10013.33
645,0.67,-0.56,0.78,-74.64,79.0,-78.34,38.26,-23.45,27.15,424.86,21.93,9311.67
646,0.97,-0.75,0.71,-56.45,75.3,-78.34,41.97,-16.04,30.86,668.67,27.15,6426.67
647,1.04,-1.08,1.04,-41.97,97.52,-67.56,32.0,-17.19,27.15,668.6,28.93,6420.0
648,0.97,-1.15,0.93,-67.89,67.89,-67.56,32.0,-17.19,27.15,484.36,27.23,7138.33
649,0.67,-0.97,1.15,-86.08,71.6,-67.56,32.0,-20.89,17.19,453.47,11.78,8221.67
650,-0.04,-0.3,0.48,-66.74,-10.7,-33.41,-2.96,-10.37,8.96,453.7,-1.93,8225.0
651,-0.0,-0.23,0.59,-40.82,18.93,-33.41,-6.67,-17.78,6.41,453.73,-12.26,8208.33
652,-0.3,-0.11,-0.0,7.82,-29.71,37.45,-47.89,-1.0,-2.97,241.02,-12.26,10003.33
653,-0.3,-0.11,-0.0,7.82,-29.71,37.45,-47.89,-1.0,-2.97,241.02,-12.26,9990.0
654,-0.93,0.6,-0.52,34.56,-112.01,86.08,-100.56,18.34,-23.45,241.12,-3.48,9993.33
655,-1.19,0.85,-0.27,27.15,-123.45,74.64,-112.01,20.89,-34.56,241.08,3.48,9993.33
656,-0.45,0.18,0.29,7.82,-41.15,40.49,-70.78,4.11,-25.19,465.42,13.71,7791.67
657,-0.37,0.37,-0.04,26.0,-15.22,51.93,-48.56,0.41,-17.78,700.52,16.97,5211.67
658,0.48,-0.19,0.08,2.96,41.15,-7.48,4.11,-15.22,12.67,944.17,25.45,2333.33
659,0.04,0.34,-0.52,33.41,-29.71,15.56,-18.93,7.82,2.15,719.94,23.75,4555.0
660,0.52,-0.22,0.0,-26.0,4.44,-55.3,11.52,-7.82,15.22,484.73,11.71,7141.67
661,-0.22,0.56,-0.52,15.22,-26.0,4.11,-15.22,4.11,-7.82,409.69,3.23,9933.33
662,0.37,0.18,-0.11,-29.71,7.82,-29.71,4.11,-22.63,8.96,409.39,4.93,9933.33
663,-0.04,0.71,-0.63,4.11,-26.33,11.52,-22.63,-7.0,-4.11,409.59,22.19,9923.33
664,-0.26,0.41,-0.34,-21.48,-22.63,-2.96,-48.56,-3.29,-11.52,466.53,28.93,7756.67
665,-1.08,0.97,-0.56,12.34,-38.26,56.45,-67.89,23.45,-28.3,685.21,30.63,5743.33
666,-0.45,0.22,-0.15,-3.29,-18.93,3.78,-37.45,15.22,-12.67,684.98,27.12,5753.33
667,0.22,-0.08,0.3,-11.52,11.52,-41.15,15.22,-7.82,14.08,693.33,13.41,5461.67
668,0.64,-0.56,0.6,-19.75,41.97,-82.38,38.26,-30.86,24.6,474.72,-0.33,7475.0
669,0.67,-0.52,0.74,-37.93,41.97,-70.93,38.26,-30.86,24.6,474.72,-3.74,7478.33
670,0.34,-0.33,0.22,-18.6,-6.67,-37.11,-2.96,-10.37,8.96,240.85,-3.74,10013.33
671,-0.08,0.15,-0.08,-2.96,-66.74,4.11,-33.41,16.37,-7.82,241.02,-0.33,10013.33
672,-0.78,0.93,-0.71,56.45,-86.08,63.53,-60.15,32.0,-20.89,241.28,-0.33,10020.0
673,-0.15,0.59,-0.19,37.11,-52.26,47.89,-22.63,21.48,-12.67,241.05,13.37,10033.33
674,-0.0,0.74,-0.52,29.71,-26.33,29.71,-22.63,21.48,-12.67,241.05,13.37,10026.67
675,0.11,0.52,-0.15,41.15,-22.63,15.22,-26.33,14.08,-15.22,241.02,20.3,10020.0
676,0.07,0.48,-0.26,15.56,-22.63,-2.96,-26.33,11.52,-4.11,241.15,22.04,10013.33
677,0.71,-0.26,0.15,-0.08,-3.29,-55.63,7.82,-7.82,15.22,240.95,32.37,10020.0
678,0.74,-0.52,-0.07,-22.3,-21.48,-29.71,4.11,3.29,11.52,423.9,16.93,9346.67
679,0.15,-0.14,-0.48,22.63,-55.3,4.11,-18.93,15.22,-11.52,424.07,16.93,9343.33
680,-0.49,0.53,-1.0,53.08,-63.53,56.78,-75.3,30.86,-24.6,666.62,13.52,6496.67
681,-0.22,0.34,-0.48,-7.0,-14.89,0.41,-48.56,7.82,2.15,483.5,27.23,7173.33
682,-0.22,0.52,-0.34,18.93,3.29,11.52,-52.26,18.93,-1.56,483.47,13.37,7180.0
683,0.48,-0.08,0.44,-4.11,11.52,-11.52,0.41,-4.11,8.96,240.95,3.04,10023.33
684,-0.04,0.37,0.18,48.56,-48.56,33.41,-18.93,15.22,-11.52,241.15,-2.15,10013.33
685,-0.04,0.19,0.03,22.63,-66.74,22.3,-11.52,11.52,-5.26,241.22,4.78,10023.33
686,-0.3,-0.07,0.11,-14.41,-59.34,14.89,-15.22,15.22,4.7,241.25,20.3,10020.0
687,0.22,-0.52,0.37,-67.08,0.74,-30.04,1.56,-1.56,14.08,241.08,13.37,10023.33
688,0.11,-0.11,0.15,-52.59,15.22,-4.44,-2.15,-8.96,11.52,241.05,20.3,10023.33
689,0.3,0.07,-0.18,-22.96,7.82,-26.67,5.26,-5.26,4.11,240.98,18.52,10013.33
690,0.07,0.34,-0.67,47.89,-40.82,7.48,-29.71,5.26,-4.11,241.05,16.93,10016.67
691,0.59,-0.59,0.26,2.96,15.56,-41.15,-9.22,-6.67,18.93,240.88,15.19,10003.33
692,-0.04,0.15,-0.15,18.6,-3.78,11.52,-35.97,8.96,5.85,241.15,11.78,10006.67
693,0.08,-0.15,0.37,-15.22,44.85,-18.93,8.96,-0.41,17.78,447.06,9.97,8458.33
694,0.08,-0.15,0.37,-15.22,44.85,-18.93,11.52,2.15,6.67,446.92,9.97,8468.33
695,0.15,-0.48,0.52,-4.11,30.37,-26.33,-18.11,-1.56,-3.29,446.79,8.41,8475.0
696,0.56,-0.56,0.45,-29.71,15.56,-44.52,-28.07,-12.67,0.41,240.68,20.45,10013.33
697,0.74,-0.41,0.15,-44.19,-21.48,-55.3,-30.63,-22.63,7.82,240.72,16.97,10000.0
698,0.93,-0.71,0.63,-63.53,27.15,-70.93,15.78,-38.26,38.26,240.65,23.71,9986.67
699,0.93,-0.71,0.63,-63.53,27.15,-70.93,18.34,-30.86,41.97,240.75,27.19,9993.33
700,0.75,-0.97,0.86,-49.04,34.56,-82.38,24.6,-27.15,35.71,240.82,15.15,10006.67
701,0.97,-1.19,1.08,-60.15,56.78,-89.78,34.56,-23.45,28.3,240.75,13.37,10026.67
702,0.3,-0.48,0.52,-26.33,37.45,-48.56,11.52,-11.52,5.26,441.17,8.19,8690.0
703,-0.11,0.15,-0.11,4.11,-3.78,-3.29,-29.71,5.26,-4.11,650.6,11.6,7013.33
704,-0.52,0.86,-0.67,60.49,-56.45,30.86,-86.08,17.19,-27.15,650.74,6.63,6993.33
705,-0.04,-0.11,0.11,41.15,-29.71,-21.81,-65.6,7.82,-15.22,450.18,11.82,8333.33
706,-0.11,0.22,-0.04,30.04,-15.22,-14.41,-47.41,14.08,-16.37,240.98,18.75,10010.0
707,-0.08,-0.03,-0.26,7.82,-33.41,11.52,-47.41,14.08,-16.37,443.56,11.78,8600.0
708,-0.08,0.08,-0.22,-18.11,-33.41,11.52,-22.96,14.08,-16.37,682.51,5.04,5885.0
709,-0.11,0.15,-0.3,7.48,-33.41,29.71,-30.37,17.78,-22.63,682.44,-1.89,5878.33
710,-0.45,0.37,-0.19,-7.33,-44.85,3.78,-0.74,21.48,-12.67,480.0,11.82,7298.33
711,-0.93,1.23,-1.01,37.93,-71.6,56.45,-49.37,41.97,-28.3,241.52,16.78,10003.33
712,-0.82,1.0,-0.64,49.38,-67.89,41.97,-71.6,34.56,-32.0,241.45,22.15,9993.33
713,-0.45,0.86,-0.71,74.97,-56.45,45.67,-71.6,34.56,-32.0,437.27,6.63,8823.33
714,-0.19,0.22,-0.08,66.74,-22.3,22.63,-44.85,11.52,-5.26,436.93,8.41,8826.67
715,0.41,-0.33,0.19,-4.11,-6.67,-22.3,1.56,-4.11,25.19,436.87,15.15,8843.33
716,0.28,-0.36,0.13,-7.52,18.93,3.63,5.26,-4.11,25.19,494.54,32.23,6743.33
717,-0.06,0.2,-0.58,15.52,-15.22,56.3,-14.08,15.22,4.7,494.74,27.04,6740.0
718,-0.24,0.05,-0.28,30.0,21.81,67.08,-7.82,11.52,-5.26,494.71,11.52,6723.33
719,0.19,-0.52,0.41,-37.45,37.45,3.3,5.26,-5.26,4.11,240.88,9.97,9983.33
720,0.52,-1.08,1.12,-60.49,71.6,-49.37,32.0,-20.89,17.19,446.69,-0.37,8445.0
721,0.49,-1.15,1.01,-86.41,41.97,-49.37,28.3,-14.63,16.04,618.44,9.97,8243.33
722,-0.03,-0.3,0.19,-26.34,15.22,10.7,-18.11,-1.56,-3.29,832.53,6.49,6416.67
723,-0.37,0.37,-0.45,7.48,-18.93,63.37,-52.26,6.67,-18.93,861.7,18.53,5375.0
724,-0.78,0.9,-1.12,78.34,-41.97,123.45,-79.0,16.04,-27.15,934.93,10.0,2666.67
725,-0.93,0.78,-0.86,63.53,-67.89,97.52,-56.78,23.45,-23.45,721.1,1.37,4500.0
726,-0.86,0.75,-0.86,37.93,-67.89,67.89,-53.08,23.45,-23.45,686.35,-0.33,5750.0
727,-0.82,1.0,-0.64,49.38,-67.89,41.97,-63.86,24.6,-23.45,441.54,9.89,8666.67
728,-0.0,0.45,-0.41,15.56,-22.63,-14.41,-29.71,5.26,-4.11,670.58,20.23,6291.67
729,0.37,-0.15,0.19,-29.71,11.52,-41.15,0.74,-2.97,11.52,470.09,23.64,7631.67
730,1.01,-0.67,0.56,-74.97,27.15,-67.89,38.26,-16.04,30.86,469.96,27.12,7628.33
731,0.41,0.07,0.15,-41.15,7.82,-15.22,11.52,-0.41,17.78,240.98,23.71,10003.33
732,0.18,0.34,-0.34,29.71,-40.82,18.93,-44.85,11.52,-5.26,241.12,18.75,10010.0
733,-0.6,0.93,-1.08,52.75,-60.15,71.6,-64.19,30.86,-25.74,415.9,15.27,9680.0
734,-0.6,0.93,-1.08,52.75,-60.15,71.6,-71.6,34.56,-32.0,415.83,8.34,9686.67
735,-0.26,0.41,-0.34,7.82,10.7,33.74,-25.19,11.52,-5.26,415.67,11.6,9686.67
736,-0.08,0.08,-0.19,7.82,-3.78,33.74,-28.89,4.11,-7.82,241.05,16.82,10033.33
737,0.41,-0.89,0.6,-11.52,22.96,-18.93,-4.7,-16.37,7.82,240.78,28.93,10023.33
738,-0.15,-0.11,-0.33,22.63,-33.41,41.15,-25.19,2.97,-11.52,241.05,34.15,10010.0
739,0.11,-0.3,0.19,-37.45,15.22,-15.22,1.56,-12.67,1.56,420.85,20.3,9455.0
740,0.34,0.0,0.07,-26.34,7.82,14.41,11.52,-11.52,5.26,420.92,18.52,9458.33
741,0.34,0.0,0.07,-26.34,7.82,14.41,-14.41,-7.82,-2.15,420.82,10.04,9471.67
742,0.41,-0.22,-0.0,44.59,-22.63,70.78,-41.15,7.82,-15.22,498.32,18.78,6680.0
743,0.41,-0.22,-0.0,44.59,-22.63,70.78,-51.11,4.11,-7.82,498.38,20.56,6693.33
744,0.45,-0.08,-0.0,55.37,-22.63,59.34,-25.19,0.41,-0.41,498.48,29.04,6676.67
745,0.07,0.41,-0.37,40.82,-40.82,22.3,-51.11,4.11,-7.82,241.08,25.67,10003.33
746,-0.52,0.67,-0.97,63.86,-74.64,74.97,-75.3,27.15,-34.56,241.22,13.56,9986.67
747,-0.41,0.27,-0.74,49.37,-89.12,49.38,-75.3,27.15,-34.56,241.22,13.56,9993.33
748,-0.41,0.45,-0.6,75.3,-70.93,60.49,-75.3,27.15,-34.56,241.22,13.56,10000.0
749,-0.38,0.52,-0.56,86.08,-70.93,38.26,-75.3,27.15,-34.56,241.22,13.56,9996.67
750,-0.3,0.52,-0.6,100.56,-70.93,53.08,-79.0,38.26,-38.26,241.18,-0.3,9986.67
751,0.11,-0.29,-0.11,44.19,-47.89,-3.3,-32.59,22.63,-7.82,438.23,-0.3,8778.33
752,-0.04,0.04,-0.22,18.6,-33.41,-10.7,-25.19,18.93,-1.56,438.3,6.63,8795.0
753,-0.11,0.04,-0.19,4.11,-33.41,-25.52,-21.48,7.82,2.15,627.67,6.63,7885.0
754,-0.75,0.86,-0.64,30.86,-86.08,45.34,-56.45,20.89,-17.19,430.66,-0.33,9106.67
755,-0.78,0.93,-0.71,56.45,-86.08,63.53,-60.15,13.49,-19.75,430.62,6.59,9093.33
756,-0.78,0.93,-0.71,56.45,-86.08,63.53,-74.64,14.63,-16.04,450.51,6.59,8343.33
757,0.04,0.37,-0.48,15.22,-40.82,4.11,-37.11,-5.85,-0.41,450.31,16.82,8343.33
758,0.56,-0.56,0.45,-29.71,15.56,-44.52,-10.37,-21.48,12.67,450.11,-0.44,8353.33
759,0.75,-0.86,0.93,-49.04,64.19,-60.15,27.15,-32.0,20.89,240.58,11.67,10020.0
760,0.71,-0.89,0.78,-30.86,64.19,-71.6,27.15,-22.04,13.49,240.55,13.37,10000.0
761,0.08,-0.19,0.26,-4.11,-18.11,-22.96,-14.07,-5.26,4.11,438.8,27.12,8743.33
762,-0.19,0.45,-0.37,4.11,-52.26,0.08,-63.04,7.82,-15.22,439.0,20.38,8753.33
763,-0.86,1.26,-0.86,45.34,-71.6,70.93,-112.01,20.89,-34.56,439.2,15.41,8766.67
764,-0.86,1.26,-0.86,37.93,-49.37,70.93,-97.52,30.86,-41.97,481.02,15.41,7266.67
765,-0.93,1.19,-0.93,52.75,-49.37,100.56,-67.89,34.56,-32.0,481.15,16.97,7253.33
766,-0.78,0.71,-0.78,41.97,-63.86,112.01,-56.45,32.0,-20.89,481.18,10.0,7250.0
767,-0.15,-0.11,-0.33,22.63,-33.41,41.15,-33.41,8.96,5.85,241.15,11.78,10003.33
768,-0.08,-0.03,-0.26,7.82,-33.41,11.52,-63.04,5.26,-4.11,241.02,10.22,10010.0
769,-0.19,0.37,-0.34,-7.0,-18.93,-18.11,-63.04,5.26,-4.11,241.02,10.22,10010.0
770,-0.0,0.63,-0.56,-21.48,-26.33,-6.67,-65.6,7.82,-15.22,423.08,11.96,9381.67
771,0.45,-0.19,-0.04,4.19,-22.63,22.96,-39.67,4.11,-7.82,680.48,15.33,6045.0
772,0.71,-0.82,0.6,-4.04,11.52,-0.08,-2.15,-16.37,7.82,680.28,25.56,6045.0
773,0.67,-0.86,0.45,14.15,11.52,-11.52,7.82,-15.22,11.52,498.15,22.04,6666.67
774,0.37,-0.37,0.04,14.07,-6.67,-33.74,4.11,-4.11,7.82,240.82,13.3,9993.33
775,0.18,0.11,-0.3,59.34,-37.11,-7.0,-44.85,18.93,-18.93,240.98,10.04,9990.0
776,-0.0,-0.07,0.04,29.71,-29.71,15.22,-54.82,7.82,-15.22,240.95,8.34,10003.33
777,0.48,-0.48,0.34,-11.52,4.11,-44.85,-24.37,-18.93,1.56,240.78,4.93,10016.67
778,0.86,-1.26,0.79,-93.82,27.15,-79.0,22.04,-34.56,32.0,240.72,11.67,10010.0
779,0.26,-0.48,0.37,-41.15,-25.52,-30.37,1.56,-15.22,12.67,240.98,16.89,9993.33
780,-0.41,0.33,-0.11,0.08,-44.85,40.49,-25.19,0.41,-0.41,241.18,34.15,10000.0
781,-0.59,0.63,-0.23,37.11,-37.45,47.89,-18.93,-3.29,-10.37,241.15,18.63,10000.0
782,-0.33,0.37,-0.48,44.52,-26.0,59.34,-18.93,-3.29,-10.37,241.15,18.63,10020.0
783,-0.37,0.23,-0.48,33.74,-26.0,70.78,-44.85,0.41,-17.78,241.05,10.15,10003.33
784,-0.0,0.19,-0.59,26.33,-40.82,70.78,-51.11,0.41,-17.78,477.47,25.67,7385.0
785,0.3,0.07,-0.15,-22.3,7.82,-0.08,-30.63,-11.52,5.26,477.3,23.93,7378.33
786,0.15,-0.04,0.11,-37.11,-18.11,-26.0,-8.41,-4.11,8.96,649.97,32.41,7131.67
787,-0.07,0.11,0.11,-55.3,-3.3,-44.19,-5.85,-7.82,15.22,413.48,28.93,9750.0
788,-0.56,0.56,-0.48,-6.67,-37.45,26.67,-40.82,5.26,-4.11,413.58,15.22,9736.67
789,0.15,-0.22,0.11,-26.0,15.22,-29.71,-14.07,-25.19,18.93,240.75,10.0,9980.0
790,-0.19,0.15,-0.11,44.85,-15.22,15.22,-37.11,-5.85,-0.41,241.02,15.22,10000.0
791,0.59,-0.45,0.63,21.81,4.11,-37.45,7.82,-15.22,11.52,240.85,27.15,10006.67
792,0.59,-0.34,0.7,21.81,33.74,-15.22,5.26,-15.22,11.52,240.85,27.15,10026.67
793,0.97,-1.12,1.15,-60.49,56.78,-49.37,25.74,-27.15,34.56,240.68,25.41,10026.67
794,0.74,-1.41,1.27,-71.6,64.19,-79.0,18.34,-38.26,38.26,240.65,23.71,10020.0
795,0.11,-0.71,0.74,-44.85,-18.11,-30.37,1.56,-11.52,21.48,240.95,22.01,10006.67
796,-0.41,0.15,-0.08,15.22,-44.85,29.71,-18.93,0.41,-1.56,241.12,23.75,10003.33
797,-0.26,0.37,-0.45,18.93,-52.26,29.71,-21.48,10.37,-8.96,241.08,27.23,10010.0
798,-0.18,0.23,-0.63,48.56,-40.82,11.52,-51.11,10.37,-18.93,495.82,34.15,6760.0
799,0.56,-0.41,0.0,-0.08,-21.48,-59.34,-24.37,-5.26,-5.85,495.62,16.89,6750.0
800,0.63,-0.33,0.26,7.33,-21.48,-29.71,-24.37,-15.22,1.56,495.65,13.41,6743.33
801,0.82,-0.44,0.19,-14.89,-21.48,-0.08,-24.37,-18.93,1.56,443.36,-2.04,8576.67
802,0.52,-0.33,0.22,-26.34,-6.67,14.41,-20.67,-11.52,4.11,443.33,11.71,8583.33
803,-0.41,0.15,-0.26,-18.11,-51.93,41.15,-44.85,18.93,-18.93,443.56,3.07,8600.0
804,-0.67,0.41,-0.0,-25.52,-63.37,29.71,-33.41,16.37,-7.82,241.02,3.07,10013.33
805,-0.78,0.37,0.03,11.52,-63.37,33.41,-43.37,12.67,-0.41,241.08,4.85,10000.0
806,-0.41,0.22,-0.04,37.11,-51.93,37.11,-54.15,2.7,7.0,241.05,3.26,10003.33
807,0.45,-0.3,0.3,21.48,-6.67,-4.11,-9.22,-6.67,18.93,240.88,15.19,10006.67
808,0.45,-0.3,0.3,21.48,-6.67,-4.11,-2.96,-10.37,8.96,240.85,-0.33,10020.0
809,0.78,-0.82,1.04,-23.45,64.19,-41.97,32.0,-30.86,24.6,240.65,9.89,10020.0
810,-0.15,-0.34,0.56,-15.22,18.93,-15.22,-24.37,-18.93,1.56,240.78,4.93,10026.67
811,0.07,-0.56,0.78,-26.33,41.15,-22.63,-28.07,-15.22,11.52,240.68,6.74,10036.67
812,-0.45,0.37,-0.15,18.6,-15.22,26.0,-63.04,5.26,-4.11,240.88,-3.48,10033.33
813,0.19,0.03,0.33,10.37,44.85,-18.93,-10.37,-17.78,22.63,474.78,-10.45,7485.0
814,0.15,-0.04,0.22,-15.56,15.22,-18.93,-12.93,-17.78,22.63,474.92,3.26,7461.67
815,0.67,-0.97,1.15,-60.49,71.6,-67.56,22.04,-28.3,30.86,474.68,16.96,7455.0
816,0.33,-0.6,0.78,-15.22,41.15,-22.63,-8.41,2.15,7.82,240.85,18.56,10000.0
817,-0.15,0.41,-0.04,55.63,14.41,26.0,-25.19,21.48,-12.67,241.05,13.37,10013.33
818,-0.52,0.86,-0.82,89.78,-56.45,86.08,-60.15,32.0,-20.89,241.28,-0.33,10013.33
819,-0.52,0.67,-0.97,63.86,-74.64,74.97,-70.93,22.04,-13.49,241.25,-1.93,10003.33
820,-0.52,0.56,-0.71,45.67,-74.64,74.97,-70.93,18.34,-13.49,490.96,-3.48,6913.33
821,-0.71,0.9,-0.86,45.67,-60.15,74.97,-60.15,28.3,-20.89,491.0,-1.89,6910.0
822,-0.82,1.3,-1.08,60.15,-45.67,100.56,-41.97,34.56,-22.04,491.1,6.63,6930.0
823,-0.63,1.01,-1.15,78.34,-60.15,89.78,-60.15,32.0,-20.89,241.28,-0.33,10020.0
824,-0.82,0.86,-0.86,63.53,-56.45,63.86,-82.38,24.6,-24.6,466.76,11.78,7770.0
825,-0.93,0.63,-0.45,45.34,-82.38,63.86,-112.01,20.89,-34.56,466.63,10.22,7760.0
826,-0.67,0.44,-0.04,-14.07,-33.74,15.22,-74.48,10.37,-26.33,466.4,23.93,7746.67
827,-0.04,0.07,0.33,-59.34,-3.3,-15.22,-28.07,-12.67,0.41,240.68,20.45,10010.0
828,-0.04,0.07,0.33,-59.34,-3.3,-15.22,-2.15,-16.37,7.82,240.78,28.93,10000.0
829,-0.3,0.26,-0.08,0.08,-51.93,33.41,-25.19,-7.0,-4.11,241.08,30.67,10016.67
830,-0.66,0.49,-0.62,67.53,-74.97,93.49,-38.26,19.75,-20.89,494.87,35.71,6736.67
831,-0.1,0.12,-0.43,26.3,-14.89,34.07,-11.52,4.11,-7.82,494.67,18.45,6740.0
832,0.02,-0.18,0.09,-7.52,33.74,3.63,18.93,-4.11,7.82,494.44,14.93,6726.67
833,0.49,-0.78,0.82,-49.04,49.37,-82.38,34.56,-23.45,28.3,240.75,13.37,9996.67
834,0.78,-0.93,0.97,-23.45,34.56,-64.19,28.3,-19.75,38.26,240.78,28.89,10013.33
835,0.59,-0.45,0.63,21.81,4.11,-37.45,-2.15,-11.52,22.63,241.02,30.67,10013.33
836,0.18,0.37,0.14,78.19,-18.93,18.93,-39.67,1.56,3.29,241.12,16.96,10013.33
837,-0.52,1.04,-0.53,86.41,-38.26,41.97,-74.64,14.63,-16.04,241.22,3.26,9996.67
838,0.07,0.48,-0.26,15.56,-22.63,-2.96,-44.19,6.41,-0.41,240.98,-1.93,10006.67
839,0.11,0.37,-0.45,-10.37,-40.82,0.74,-26.0,8.96,-11.52,478.48,-3.74,7336.67
840,-0.11,0.19,-0.26,-10.37,-66.74,4.44,-15.22,18.93,-18.93,478.51,-2.15,7340.0
841,-0.52,0.26,-0.19,15.22,-51.93,22.63,-15.22,18.93,-18.93,478.51,1.26,7330.0
842,-0.85,0.33,-0.11,4.11,-63.37,18.93,-33.41,16.37,-7.82,241.02,3.07,9996.67
843,-0.63,0.52,-0.3,4.11,-37.45,15.22,-55.63,8.96,-11.52,240.95,8.45,10006.67
844,-0.22,0.45,-0.37,-21.48,-52.26,-2.96,-59.34,1.56,-14.08,240.98,-5.3,10010.0
845,0.11,0.23,-0.48,-6.67,-40.82,22.96,-41.15,7.82,-15.22,241.08,3.23,10003.33
846,-0.04,0.08,-0.15,0.74,-66.74,41.15,-15.22,4.11,-7.82,241.18,11.71,9993.33
847,-0.08,0.11,-0.19,18.93,-66.74,59.34,-21.48,4.11,-7.82,477.6,27.23,7368.33
848,0.45,-0.22,0.15,-11.52,-32.92,-22.96,1.56,-18.93,2.7,647.08,30.63,7250.0
849,0.6,-0.07,-0.18,-18.93,-7.0,-41.15,-2.15,-7.82,-1.0,647.05,16.78,7263.33
850,-0.11,0.52,-0.78,11.52,-26.33,11.52,-18.93,15.22,-11.52,410.87,11.6,9885.0
851,-0.74,1.27,-1.19,27.15,-45.67,64.19,-71.6,34.56,-32.0,241.25,6.63,10020.0
852,-0.33,0.74,-0.67,-6.67,-11.52,22.96,-44.85,4.11,-8.96,241.02,15.27,10000.0
853,0.37,0.07,-0.18,-37.11,7.82,-59.34,-21.81,-18.93,1.56,240.78,4.93,10010.0
854,0.86,-0.78,0.67,-56.45,64.19,-89.78,30.86,-38.26,22.04,240.68,-3.85,9993.33
855,0.78,-1.0,1.01,-56.45,49.38,-101.23,30.86,-27.15,25.74,491.95,-2.22,6875.0
856,0.11,-0.22,0.52,-33.41,30.04,-30.37,0.41,-0.41,8.96,719.96,6.56,4535.0
857,-0.37,0.63,-0.34,-14.07,-26.33,0.08,-40.82,16.37,-0.41,720.1,8.37,4545.0
858,-0.0,0.71,-0.52,11.52,-26.33,29.71,-40.82,15.22,-11.52,468.8,10.22,7676.67
859,0.04,0.67,-0.45,4.11,-26.33,11.52,-37.11,4.11,-7.82,240.98,18.7,10003.33
860,0.04,0.67,-0.49,18.93,-15.22,11.52,-37.11,4.11,-7.82,461.8,27.23,7916.67
861,-0.15,0.45,-0.67,7.82,21.81,4.11,-39.67,-5.85,-0.41,708.11,23.75,4951.67
862,0.56,-0.22,-0.0,-0.41,41.15,-18.93,-16.63,-25.19,18.93,707.85,18.53,4958.33
863,0.52,-0.15,-0.04,10.37,30.04,-0.74,1.56,-18.93,17.78,694.07,16.97,5458.33
864,0.67,0.04,0.04,-4.11,-7.0,-11.52,4.11,-11.52,21.48,447.88,20.45,8420.0
865,0.04,0.56,-0.34,41.15,-22.63,15.22,-22.63,18.93,-1.56,448.12,11.82,8416.67
866,0.34,-0.15,0.37,7.33,11.52,-26.0,-3.29,-0.41,18.93,240.98,18.56,10000.0
867,0.15,-0.41,0.59,21.81,18.93,-37.45,4.11,3.29,11.52,240.92,16.78,9990.0
868,0.78,-0.93,0.97,-23.45,34.56,-64.19,34.56,-23.45,28.3,240.75,13.37,9996.67
869,0.93,-0.82,1.0,-49.04,34.56,-82.38,38.26,-27.15,18.34,453.57,-0.33,8205.0
870,0.93,-0.82,1.0,-49.04,34.56,-82.38,34.56,-34.56,15.78,453.6,-14.08,8221.67
871,0.49,-0.78,0.97,-49.04,49.37,-82.38,30.86,-30.86,25.74,453.63,1.44,8218.33
872,0.19,-0.67,0.37,-0.41,0.74,-11.52,-10.37,-14.08,16.37,240.92,1.44,10020.0
873,0.15,-0.63,0.34,-26.34,0.74,10.7,-10.37,-14.08,16.37,240.92,1.44,10023.33
874,0.37,-0.96,0.49,-37.45,-6.67,-18.93,-2.96,-10.37,8.96,240.85,-0.33,10023.33
875,0.19,-0.63,0.34,-37.45,7.82,-18.93,11.52,-11.52,5.26,240.92,15.11,10013.33
876,0.0,-0.33,0.22,-0.41,15.22,-11.52,7.82,-7.82,15.22,240.95,30.63,10000.0
877,-0.07,0.11,-0.04,-14.89,22.63,-0.08,0.41,-8.96,11.52,433.76,18.7,8958.33
878,-0.22,-0.0,0.22,-29.71,-3.3,-26.0,-3.29,2.15,7.82,606.33,18.7,8708.33
879,0.19,-0.08,0.15,-55.3,-18.11,-44.19,-3.29,-5.26,4.11,606.23,15.22,8721.67
880,-0.3,0.15,-0.22,15.56,-66.74,-2.96,-52.26,11.52,-15.22,668.42,30.67,6513.33
881,0.34,-0.19,0.11,-18.26,-6.67,-47.89,-18.11,-7.82,4.11,495.62,27.15,6766.67
882,-0.56,0.33,-0.26,15.56,-51.93,-2.96,-55.63,12.67,-11.52,495.82,16.93,6753.33
883,-0.07,0.11,0.11,-55.3,-3.3,-44.19,-9.22,-6.67,18.93,240.88,1.48,10000.0
884,-0.34,0.41,-0.41,-21.48,-51.93,0.74,-54.15,2.7,3.29,488.37,3.26,6996.67
885,-0.19,0.52,-0.67,-6.67,-26.0,26.67,-35.97,8.96,2.15,663.06,13.48,6663.33
886,-0.11,0.08,-0.41,7.82,-33.41,15.22,-35.97,8.96,2.15,860.17,20.45,5458.33
887,-0.41,0.15,-0.08,15.22,-44.85,29.71,-25.19,18.93,-1.56,612.88,8.34,8451.67
888,-0.49,0.07,0.33,7.82,-70.78,18.26,-43.37,12.67,-0.41,438.2,-1.89,8798.33
889,-0.63,0.3,0.4,-6.67,-78.19,18.26,-40.82,16.37,-0.41,492.25,3.0,6881.67
890,-0.48,0.45,0.07,-14.07,-52.26,0.08,-63.04,8.96,-4.11,492.18,8.37,6891.67
891,0.08,0.07,0.41,-55.3,7.82,-59.34,-21.81,-7.82,5.26,704.9,8.37,5086.67
892,0.45,0.15,0.22,-29.71,7.82,-29.71,-21.81,-8.96,-5.85,453.6,10.22,8218.33
893,1.15,-0.52,0.67,-45.34,27.15,-52.75,27.15,-22.04,13.49,668.65,16.96,6340.0
894,1.01,-0.63,0.63,-19.75,27.15,-34.56,20.89,-25.74,19.75,455.73,27.19,8128.33
895,0.97,-0.67,0.52,-45.34,27.15,-52.75,20.89,-28.3,30.86,455.86,27.19,8125.0
896,0.75,-0.86,0.93,-49.04,64.19,-60.15,20.89,-38.26,38.26,240.65,23.71,9996.67
897,0.33,-0.37,0.63,-33.41,4.11,-18.93,-14.07,-17.78,22.63,240.85,13.48,10013.33
898,-0.41,0.26,-0.0,15.22,-15.22,51.93,-63.04,-2.15,-7.82,240.92,6.74,10006.67
899,-0.19,0.45,-0.19,26.33,-52.26,59.34,-63.04,7.82,-15.22,240.88,10.22,10016.67
900,0.23,-0.04,0.11,10.7,7.82,18.11,-21.81,-8.96,-5.85,240.75,8.41,10016.67
901,0.75,-0.78,0.71,21.55,11.52,18.11,4.11,-12.67,1.56,498.15,11.78,6686.67
902,0.75,-0.78,0.71,21.55,11.52,18.11,7.82,-18.93,2.7,498.25,-3.74,6683.33
903,0.75,-0.78,0.71,21.55,11.52,18.11,7.82,-18.93,2.7,498.25,-3.74,6676.67
904,0.56,-0.6,0.82,-12.34,41.97,-34.56,30.86,-30.86,25.74,240.78,-0.37,10010.0
905,0.34,-0.78,1.0,-23.45,79.0,-41.97,27.15,-34.56,32.0,240.72,11.67,10003.33
906,-0.15,-0.34,0.56,21.81,18.93,-15.22,-14.07,-17.78,22.63,473.51,28.93,7496.67
907,-0.04,-0.3,0.52,-15.22,18.93,-18.93,-6.67,-14.08,15.22,473.45,27.15,7503.33
908,-0.56,0.63,-0.41,29.71,-37.45,29.71,-44.19,6.41,-0.41,473.65,16.93,7506.67
909,0.04,0.22,-0.0,-52.59,22.63,-0.74,-2.96,-10.37,8.96,240.85,-0.33,10016.67
910,0.15,-0.15,0.19,-26.67,15.22,-26.67,-6.67,-17.78,6.41,240.88,-14.08,10013.33
911,0.33,-0.56,0.37,-26.67,0.74,-37.45,7.82,-18.93,2.7,240.95,-15.89,10006.67
912,0.63,-0.67,0.34,-15.22,-14.07,-51.93,1.56,-12.67,1.56,423.05,1.37,9371.67
913,-0.0,0.15,-0.11,11.52,-66.74,18.93,-25.19,2.97,-11.52,423.25,18.63,9361.67
914,0.33,-0.48,0.56,-33.41,-25.52,-41.15,-4.7,-8.96,11.52,423.08,34.15,9365.0
915,-0.49,0.07,0.33,7.82,-70.78,18.26,-28.89,11.52,-4.11,241.15,20.3,10003.33
916,-0.41,0.15,-0.08,15.22,-44.85,29.71,-28.89,11.52,-4.11,241.15,20.3,10020.0
917,-0.22,0.41,-0.3,0.74,-52.26,41.15,-22.63,7.82,-14.08,241.12,4.78,10023.33
918,0.56,-0.18,-0.22,-22.3,-7.0,-29.71,4.11,-15.22,12.67,240.98,16.89,10003.33
919,1.27,-0.82,0.6,-56.45,27.15,-100.56,30.86,-27.15,25.74,497.02,1.48,6701.67
920,1.01,-0.63,0.56,-56.45,41.97,-100.56,34.56,-19.75,28.3,670.81,3.29,6410.0
921,0.78,-0.41,0.67,-74.64,56.78,-89.12,32.0,-19.75,28.3,670.81,3.29,6423.33
922,0.78,-0.45,0.34,-70.93,41.97,-100.56,28.3,-17.19,27.15,414.47,15.19,9708.33
923,0.11,-0.15,0.11,-22.3,11.52,-55.63,-5.85,-7.82,7.82,493.14,16.78,6833.33
924,-0.52,0.19,-0.22,11.52,-48.56,-10.7,-52.26,7.82,-22.63,493.2,10.04,6840.0
925,-0.71,0.0,0.11,-18.11,-41.15,11.52,-48.56,1.56,-21.48,493.3,-3.7,6843.33
926,-0.3,-0.11,-0.07,-7.33,-59.34,15.22,-48.56,11.52,-21.48,241.02,-3.7,10003.33
927,-0.0,-0.07,0.04,29.71,-29.71,15.22,-37.11,8.96,-10.37,241.05,-10.67,10000.0
928,-0.19,0.22,-0.08,66.74,-22.3,22.63,-33.41,16.37,-7.82,241.02,3.07,10000.0
929,-0.19,0.22,-0.08,66.74,-22.3,22.63,-29.71,5.26,-4.11,241.05,16.93,10006.67
930,-0.26,0.37,-0.37,29.71,-26.0,18.93,-18.93,15.22,-11.52,241.08,18.52,10010.0
931,-0.56,1.08,-1.08,63.53,-60.15,60.15,-63.86,24.6,-23.45,241.25,6.59,10013.33
932,-0.6,1.01,-1.12,63.53,-60.15,82.38,-63.86,24.6,-23.45,464.34,-8.86,7846.67
933,0.07,0.3,-0.56,47.89,-29.71,41.15,-37.11,-5.85,-0.41,686.29,5.0,5708.33
934,-0.11,0.04,-0.3,22.3,-55.63,26.67,-26.33,4.11,-7.82,686.32,6.59,5708.33
935,0.45,-0.26,0.19,-37.11,-21.81,-44.19,0.41,-11.52,5.26,463.03,4.78,7875.0
936,-0.15,0.11,-0.22,-10.37,-66.74,-10.37,-37.11,8.96,-10.37,241.05,-10.67,10000.0
937,0.74,-0.41,0.15,-44.19,-21.48,-55.3,-10.37,-14.08,16.37,240.92,1.44,10003.33
938,-0.15,0.11,-0.22,-10.37,-66.74,-10.37,-63.04,5.26,-4.11,241.02,10.22,10010.0
939,-0.3,0.37,-0.45,-6.67,-52.26,26.67,-74.48,7.82,-15.22,454.88,20.45,8176.67
940,-1.19,0.89,-0.82,27.15,-97.52,71.6,-112.01,20.89,-34.56,454.98,6.74,8166.67
941,-0.33,0.34,-0.59,11.52,-52.26,15.22,-63.04,-2.15,-7.82,454.81,10.0,8170.0
942,-0.48,0.22,-0.33,-3.29,-78.19,-10.7,-63.04,-2.15,-7.82,432.51,15.22,9003.33
943,-0.48,0.22,-0.33,-3.29,-78.19,-10.7,-74.48,0.41,-18.93,624.08,30.67,8010.0
944,-1.12,0.97,-0.75,12.34,-97.52,41.97,-93.82,27.15,-35.71,624.38,28.97,8010.0
945,-0.75,0.82,-0.82,37.93,-86.08,45.67,-93.82,27.15,-35.71,432.78,20.49,9013.33
946,-0.38,0.67,-0.89,63.53,-74.64,49.37,-64.19,30.86,-25.74,437.13,3.23,8846.67
947,-0.11,0.04,-0.26,55.3,-40.49,26.33,-37.45,15.22,-12.67,436.87,6.63,8850.0
948,0.37,-0.37,0.04,14.07,-6.67,-33.74,11.52,-7.82,14.08,436.7,9.89,8856.67
949,0.19,0.04,-0.15,14.07,7.82,-22.96,7.82,-15.22,11.52,240.85,27.15,10020.0
950,-0.07,0.67,-0.82,37.11,-15.22,0.08,-37.11,-5.85,-0.41,461.83,23.75,7923.33
951,-0.74,1.49,-1.3,78.34,-34.56,70.93,-74.64,14.63,-16.04,462.03,13.52,7913.33
952,-0.26,0.48,-0.48,7.48,-7.82,22.3,-54.15,2.7,7.0,461.86,11.78,7910.0
953,0.45,-0.19,0.22,-15.56,0.41,-0.74,-12.93,-14.08,16.37,240.92,1.44,9990.0
954,1.19,-0.93,0.97,-49.38,19.75,-41.97,22.04,-24.6,24.6,240.68,15.15,10003.33
955,1.38,-0.74,0.63,-19.75,12.34,-64.19,32.0,-20.89,17.19,240.62,13.37,10006.67
956,1.08,-0.6,0.49,-45.34,27.15,-82.38,32.0,-20.89,17.19,240.62,13.37,10006.67
957,0.45,-0.26,-0.03,-26.0,-6.67,-66.74,11.52,-11.52,5.26,240.92,15.11,9990.0
958,-0.41,0.3,-0.26,-10.37,-51.93,-10.37,-33.41,-2.15,-6.67,241.08,3.18,10000.0
959,-0.75,0.67,-0.49,60.49,-82.38,34.56,-74.64,14.63,-16.04,241.25,15.22,10003.33
960,-0.19,0.26,-0.22,33.74,-48.56,-10.7,-44.19,6.41,-0.41,241.02,11.71,10003.33
961,0.57,-0.43,0.12,-15.22,7.82,-52.23,-10.37,-6.67,18.93,496.0,22.04,6696.67
962,1.17,-0.98,0.38,-86.08,23.45,-97.16,24.6,-17.19,27.15,677.93,27.26,6071.67
963,0.38,-0.39,0.3,-63.04,-21.81,-26.3,-31.78,-5.26,4.11,678.23,29.04,6085.0
964,-0.15,0.48,-0.23,-14.07,-52.26,11.52,-47.41,14.08,-16.37,423.35,27.23,9378.33
965,-0.22,0.59,-0.15,-25.52,-37.45,29.71,-37.45,7.82,-16.37,489.95,9.97,6961.67
966,-0.0,0.41,-0.34,-18.11,-26.0,4.11,-7.82,11.52,-6.41,720.08,-2.15,4535.0
967,0.45,-0.52,0.41,-63.37,0.74,-26.33,18.93,-4.11,6.67,719.82,-2.15,4551.67
968,-0.13,-0.29,-0.17,4.08,-22.3,30.04,-4.11,18.93,-2.7,724.84,14.93,4326.67
969,0.2,-0.48,0.21,-44.56,26.33,-3.78,15.22,-7.82,14.08,494.37,23.56,6736.67
970,-0.32,0.38,-0.61,15.52,-0.41,56.3,-15.22,0.41,-1.56,494.61,30.49,6736.67
971,0.34,0.04,-0.11,-40.49,7.82,-18.26,-2.15,-26.33,15.22,240.82,25.45,10000.0
972,0.04,0.15,-0.56,8.15,-40.82,52.59,-21.48,0.41,-1.56,241.12,23.75,10006.67
973,0.82,-0.44,0.19,-14.89,-21.48,-0.08,-1.0,-18.93,17.78,240.85,18.53,9990.0
974,0.26,0.0,-0.26,30.04,-55.3,48.56,-17.78,4.11,-8.96,478.55,6.49,7326.67
975,0.52,-0.19,0.26,-30.04,-6.67,-7.82,5.26,-18.93,1.56,478.31,-3.85,7326.67
976,0.19,-0.11,0.19,-67.08,8.15,-11.52,7.82,-18.93,1.56,478.31,-3.85,7340.0
977,0.52,-0.78,0.82,-123.45,49.37,-49.37,24.6,-41.97,28.3,240.62,8.19,10016.67
978,0.3,-0.52,0.34,-52.59,0.74,-15.22,-5.85,-15.22,11.52,240.78,11.6,10023.33
979,-0.11,0.15,-0.33,18.26,-33.41,29.71,-43.37,5.26,-4.11,240.98,1.37,10026.67
980,0.15,0.41,-0.41,55.3,-40.82,37.11,-43.37,15.22,-11.52,240.95,4.85,10030.0
981,0.45,-0.19,0.22,-15.56,0.41,-0.74,-19.19,-15.22,11.52,240.72,13.48,10033.33
982,1.19,-0.93,0.97,-49.38,19.75,-41.97,15.78,-28.3,30.86,240.62,27.19,10036.67
983,0.26,-0.45,0.48,-41.15,-25.52,-15.22,-30.63,-15.22,11.52,240.82,20.45,10036.67
984,-0.11,0.15,-0.11,15.22,-66.74,7.82,-65.6,5.26,-4.11,450.31,11.82,8360.0
985,-1.04,0.63,-0.6,23.45,-112.01,34.56,-86.08,17.19,-27.15,450.48,13.56,8356.67
986,-0.75,0.49,-0.63,34.56,-100.56,23.45,-56.45,20.89,-17.19,450.61,15.11,8350.0
987,-0.56,0.19,-0.15,15.22,-51.93,7.82,-21.48,7.82,2.15,241.22,27.23,10010.0
988,-0.26,0.22,-0.04,52.26,-22.3,7.82,-47.41,11.52,-5.26,241.12,18.75,9993.33
989,-0.33,0.56,-0.19,41.15,-7.82,15.22,-65.6,5.26,-4.11,241.02,10.22,9990.0
990,-0.08,0.33,0.03,30.04,14.41,7.82,-65.6,7.82,-15.22,444.78,6.74,8538.33
991,-0.37,0.3,-0.08,-7.0,-15.22,7.82,-39.67,4.11,-7.82,444.88,15.22,8548.33
992,-0.23,-0.04,0.04,18.6,-29.71,15.22,-25.19,2.97,-11.52,444.95,13.41,8538.33
993,-0.9,0.67,-0.49,45.34,-112.01,63.86,-71.6,16.04,-30.86,241.42,16.89,10006.67
994,-0.9,0.67,-0.49,45.34,-112.01,63.86,-75.3,27.15,-34.56,241.38,3.04,10003.33
995,-0.37,0.3,-0.04,-14.07,-78.19,15.22,-52.26,15.22,-11.52,241.22,18.56,10013.33
996,-0.22,0.45,-0.37,-21.48,-52.26,-2.96,-30.04,22.63,-7.82,241.32,16.78,10000.0
997,0.07,0.3,-0.41,-10.37,-40.82,-14.07,-30.04,22.63,-7.82,241.32,16.78,10010.0
998,0.04,0.26,-0.56,7.82,-40.82,-25.52,-30.04,22.63,-7.82,241.32,16.78,10000.0
999,-0.0,0.3,-0.63,15.22,-40.82,-7.33,-30.04,22.63,-7.82,468.97,11.82,7670.0
1000,0.04,0.23,-0.7,18.93,-40.82,29.71,-40.82,12.67,-0.41,468.93,10.22,7656.67
1001,-0.19,0.45,-0.59,0.74,-26.0,41.15,-33.41,16.37,-7.82,468.87,8.45,7666.67
1002,0.56,-0.26,-0.07,-22.3,-6.67,-0.08,-6.67,-4.11,7.82,456.0,15.19,8125.0
1003,0.45,0.15,-0.15,-37.11,7.82,-29.71,-6.67,-4.11,7.82,456.0,15.19,8131.67
1004,0.11,0.52,-0.37,33.74,-22.63,15.22,-63.04,7.82,-15.22,456.13,10.22,8128.33
1005,-0.19,0.67,-0.3,15.56,-7.82,-2.96,-65.6,5.26,-4.11,241.02,-3.48,10000.0
1006,0.3,-0.3,0.48,-3.78,18.93,-55.63,-24.37,-11.52,5.26,240.88,-5.3,10006.67
1007,0.3,-0.48,0.34,-26.0,0.74,-66.74,5.26,-7.82,15.22,471.18,-10.67,7590.0
1008,-0.15,0.0,-0.0,15.22,-33.41,-7.33,-11.52,7.82,-5.26,721.1,-3.7,4510.0
1009,-0.19,0.04,-0.04,-10.7,-33.41,14.89,-17.78,4.11,1.0,721.03,8.34,4510.0
1010,0.41,-0.33,0.37,-59.34,0.41,-18.93,1.56,-15.22,21.48,490.66,20.45,6930.0
1011,0.37,-0.37,0.11,-51.93,0.41,-7.48,-16.63,-17.78,22.63,240.85,13.48,10006.67
1012,-0.22,0.41,-0.3,-6.67,-22.63,41.15,-33.41,8.96,5.85,459.53,15.19,7996.67
1013,-0.97,1.04,-0.93,41.97,-41.97,112.01,-56.45,20.89,-17.19,459.7,16.93,7996.67
1014,-0.89,1.12,-0.86,27.15,-41.97,82.38,-56.45,20.89,-17.19,459.7,16.93,8000.0
1015,-0.6,0.93,-1.08,52.75,-60.15,71.6,-63.86,24.6,-23.45,241.25,6.59,10006.67
1016,0.11,0.26,-0.59,22.3,-40.82,-10.7,-40.82,12.67,-0.41,241.08,4.85,9996.67
1017,0.48,-0.33,0.0,-22.96,-6.67,-37.45,4.11,3.29,11.52,240.92,16.78,10000.0
1018,0.41,-0.33,0.04,-37.45,-6.67,-52.26,7.82,-7.82,15.22,240.95,30.63,9996.67
1019,0.48,-0.26,0.3,-30.04,-6.67,-22.63,5.26,-5.26,4.11,240.82,30.63,10016.67
1020,0.11,0.34,-0.3,15.22,-40.82,4.11,-39.67,4.11,-7.82,240.98,18.7,10020.0
1021,0.18,0.34,-0.34,29.71,-40.82,18.93,-39.67,4.11,-7.82,240.98,18.7,10016.67
1022,-0.75,0.82,-0.82,37.93,-86.08,45.67,-60.15,13.49,-19.75,241.28,20.44,10013.33
1023,-0.37,0.22,-0.22,-7.33,-51.93,18.93,-25.19,0.41,-0.41,241.18,34.15,10013.33
1024,-0.45,0.41,-0.04,4.11,-33.74,15.22,-39.67,1.56,3.29,241.12,18.7,10016.67
1025,-0.22,0.59,-0.23,4.11,-7.82,11.52,-35.97,8.96,5.85,241.15,11.78,10016.67
1026,0.11,0.52,-0.15,41.15,-22.63,15.22,-35.97,1.56,2.15,241.05,8.3,10006.67
1027,0.45,0.15,0.07,-29.71,7.82,-29.71,8.96,-7.82,14.08,240.88,20.23,10006.67
1028,0.22,-0.04,0.26,7.33,-18.11,-26.0,-9.22,-14.08,15.22,473.45,27.15,7496.67
1029,-0.11,0.03,0.19,-29.71,-3.3,-29.71,-9.22,-4.11,7.82,473.58,18.52,7506.67
1030,-0.11,0.03,0.19,-29.71,-3.3,-29.71,-19.19,-15.22,11.52,473.55,16.82,7503.33
1031,0.13,-0.14,0.06,-44.56,33.74,-0.08,2.7,-8.96,10.37,494.47,16.63,6736.67
1032,0.02,-0.18,0.09,-7.52,33.74,3.63,2.7,-8.96,10.37,494.31,28.75,6743.33
1033,-0.24,0.01,-0.32,51.89,-14.89,52.26,-32.26,11.52,-5.26,494.51,18.52,6750.0
1034,0.41,-0.33,0.19,-4.11,-6.67,-22.3,-9.22,-4.11,7.82,240.75,11.78,10023.33
1035,-0.0,0.15,-0.11,11.52,-66.74,18.93,-33.41,16.37,-7.82,241.02,-0.33,10006.67
1036,0.33,-0.48,0.56,-33.41,-25.52,-41.15,1.56,3.29,11.52,240.92,13.37,9996.67
1037,-0.41,0.15,-0.08,15.22,-44.85,29.71,-43.37,12.67,-0.41,241.08,4.85,9996.67
1038,-0.48,0.11,-0.22,7.82,-44.85,15.22,-35.97,8.96,5.85,241.15,11.78,10000.0
1039,-0.89,0.75,-0.86,38.26,-86.08,60.49,-70.93,22.04,-13.49,241.25,-1.93,9996.67
1040,-1.04,0.63,-0.6,23.45,-112.01,34.56,-60.15,32.0,-20.89,413.88,13.52,9740.0
1041,-0.71,0.41,-0.71,38.26,-100.56,60.49,-89.78,28.3,-30.86,413.75,11.96,9743.33
1042,-0.3,-0.22,-0.07,7.82,-59.34,15.22,-48.56,11.52,-21.48,413.62,18.93,9750.0
1043,0.37,-0.85,0.52,-11.52,-6.67,-18.93,-21.81,-11.52,5.26,472.45,12.01,7541.67
1044,0.19,-0.52,0.37,-11.52,7.82,-18.93,7.82,-7.82,15.22,472.58,13.56,7538.33
1045,-0.22,0.3,-0.11,44.85,-15.22,37.45,-33.41,8.96,5.85,472.71,6.6,7548.33
1046,-0.67,1.12,-0.9,64.19,-41.97,67.89,-52.75,28.3,-14.63,241.35,6.6,10006.67
1047,-0.82,1.0,-0.64,49.38,-67.89,41.97,-60.15,32.0,-20.89,241.28,-0.33,10020.0
1048,-0.41,0.3,-0.08,-7.0,-15.22,7.82,-15.22,22.63,-8.96,241.12,11.6,10016.67
1049,0.26,-0.41,0.48,-40.82,4.11,-33.41,1.56,5.85,0.41,240.78,16.78,10013.33
1050,0.41,-0.3,0.22,-26.0,30.04,-7.48,5.26,-5.26,4.11,240.82,30.63,10006.67
1051,-0.11,0.63,-0.71,18.93,-26.33,41.15,-25.19,2.97,-11.52,241.05,34.15,10013.33
1052,-0.33,0.41,-0.52,7.48,-18.93,51.93,-18.93,-3.29,-10.37,431.77,28.97,9058.33
1053,0.45,-0.19,0.22,-15.56,0.41,-0.74,4.11,-22.63,8.96,431.5,28.97,9061.67
1054,0.48,-0.33,0.19,-26.34,11.52,-18.93,-21.81,-15.22,11.52,673.82,22.04,6215.0
1055,0.52,-0.37,0.22,-0.41,11.52,-41.15,-21.81,-15.22,11.52,483.2,11.71,7183.33
1056,-0.34,0.15,-0.11,15.22,-33.74,0.08,-48.56,15.22,-11.52,483.43,-2.15,7190.0
1057,-0.49,0.07,0.33,7.82,-70.78,18.26,-37.11,8.96,-10.37,241.05,-10.67,10020.0
1058,-1.04,0.97,-0.53,41.97,-97.52,100.56,-89.78,28.3,-30.86,241.15,-1.89,10006.67
1059,-0.19,0.45,-0.19,26.33,-52.26,59.34,-65.6,7.82,-15.22,240.88,10.22,10006.67
1060,-0.26,0.41,-0.34,18.93,-52.26,44.85,-77.04,10.37,-26.33,432.45,25.67,9010.0
1061,0.26,-0.45,0.48,-41.15,-25.52,-15.22,-30.63,-5.26,4.11,432.38,32.41,9026.67
1062,-0.45,0.22,-0.19,-32.92,-44.85,7.82,-77.04,7.82,-15.22,432.58,25.67,9023.33
1063,-0.15,0.08,-0.22,-21.81,-33.41,-3.29,-51.11,4.11,-7.82,430.42,11.82,9106.67
1064,-0.52,0.67,-0.82,34.56,-74.64,19.75,-71.6,16.04,-30.86,619.93,-0.3,8176.67
1065,-0.04,-0.18,0.04,15.22,-18.26,-10.7,-18.93,-3.29,-10.37,619.83,-9.08,8173.33
1066,0.33,-0.78,0.63,-41.15,22.96,-33.74,4.11,-12.67,1.56,430.19,3.04,9090.0
1067,0.74,-1.3,1.34,-71.6,93.82,-56.78,24.6,-32.0,20.89,240.58,11.67,10010.0
1068,0.93,-1.15,1.04,-86.08,56.78,-67.56,28.3,-24.6,23.45,240.55,22.01,10010.0
1069,0.41,-0.3,0.22,-26.0,30.04,-7.48,5.26,-15.22,11.52,240.85,23.75,10013.33
1070,-0.07,0.56,-0.63,-6.67,-26.33,22.96,-18.93,15.22,-11.52,241.08,15.11,10016.67
1071,-0.78,1.34,-1.27,52.75,-45.67,82.38,-63.86,24.6,-23.45,241.25,6.59,10010.0
1072,-0.63,1.08,-1.04,49.04,-60.15,45.34,-60.15,32.0,-20.89,241.28,-0.33,10020.0
1073,0.04,0.37,-0.48,15.22,-40.82,4.11,-26.0,12.67,-1.56,241.08,6.6,10020.0
1074,0.07,0.3,-0.41,-10.37,-40.82,-14.07,-11.52,11.52,-5.26,441.41,15.12,8686.67
1075,-0.15,0.48,-0.23,-14.07,-52.26,11.52,-29.71,5.26,-4.11,441.31,6.6,8670.0
1076,-0.37,0.26,-0.04,-25.52,-44.85,22.3,-39.67,-5.85,-0.41,441.27,8.3,8673.33
1077,-0.3,-0.07,0.11,-14.41,-59.34,14.89,-39.67,-5.85,-0.41,241.02,15.22,10003.33
1078,-0.37,-0.11,-0.04,-21.81,-59.34,0.41,-51.11,-3.29,-11.52,240.98,22.19,10013.33
1079,-0.45,0.22,-0.19,-21.81,-51.93,4.11,-51.11,-3.29,-11.52,240.98,22.19,10016.67
1080,-0.04,-0.3,0.52,-52.26,18.93,-18.93,-28.07,-22.63,7.82,240.72,16.97,10016.67
1081,0.6,-0.64,1.0,-86.08,79.0,-63.86,24.6,-41.97,28.3,453.47,10.0,8218.33
1082,0.86,-0.78,0.82,-56.45,64.19,-89.78,30.86,-38.26,22.04,453.53,-2.04,8218.33
1083,0.86,-0.89,0.75,-56.45,34.56,-112.01,38.26,-27.15,18.34,453.57,-0.33,8215.0
1084,0.41,-0.41,0.26,-15.22,0.41,-52.59,15.22,-7.82,7.82,490.66,6.63,6923.33
1085,0.45,-0.37,0.41,-33.41,0.41,-41.15,8.96,-11.52,14.08,490.6,18.67,6906.67
1086,-0.11,0.52,-0.45,0.74,-26.33,41.15,-21.48,-3.29,-1.56,490.83,22.19,6916.67
1087,-0.15,0.49,-0.71,8.15,-26.33,52.59,-28.89,4.11,-7.82,241.05,16.82,9993.33
1088,-0.67,0.86,-1.15,67.56,-60.15,101.23,-75.3,27.15,-34.56,241.22,13.56,9993.33
1089,-0.75,0.78,-0.75,60.15,-86.08,89.78,-101.23,30.86,-41.97,241.12,5.08,9993.33
1090,-0.08,0.26,-0.04,0.08,-51.93,37.11,-67.08,4.11,-26.33,489.65,1.67,6958.33
1091,0.45,-0.11,0.41,-59.34,-18.11,-11.52,-14.41,-15.22,-5.85,489.55,-7.11,6955.0
1092,1.08,-0.93,0.86,-86.08,34.56,-82.38,32.0,-30.86,24.6,686.6,-7.11,5743.33
1093,0.86,-0.93,0.82,-86.08,34.56,-86.08,24.6,-24.6,24.6,437.8,8.41,8781.67
1094,0.04,-0.37,0.59,-44.85,-10.7,-26.67,1.56,-1.56,14.08,438.03,18.75,8788.33
1095,-0.34,0.19,-0.11,-10.7,-51.93,55.63,-18.93,10.37,-8.96,241.08,27.23,10003.33
1096,-0.64,0.63,-0.41,71.6,-82.38,86.08,-45.67,30.86,-24.6,241.35,15.11,10010.0
1097,-0.71,0.6,-0.56,64.19,-82.38,71.6,-49.37,23.45,-27.15,241.32,22.04,10013.33
1098,-1.04,0.82,-0.45,49.38,-93.82,45.67,-53.08,34.56,-30.86,413.88,22.04,9756.67
1099,-1.19,0.89,-0.82,27.15,-97.52,71.6,-45.67,30.86,-24.6,413.95,28.97,9750.0
1100,-0.7,0.45,-0.37,18.93,-37.45,44.85,-18.93,15.22,-11.52,413.75,11.71,9740.0
1101,-0.18,0.0,0.07,-26.34,22.63,18.11,5.26,-5.26,4.11,467.81,-5.55,7698.33
1102,0.0,-0.33,0.22,-26.34,8.15,18.11,-24.37,-8.96,-5.85,467.68,-7.11,7701.67
1103,0.15,-0.22,0.11,-51.93,8.15,-0.08,-30.63,-5.26,4.11,467.71,-5.3,7705.0
1104,0.56,-0.26,0.15,-14.89,-6.67,-0.08,-30.63,-5.26,4.11,240.78,10.22,10010.0
1105,0.86,-0.38,0.74,-63.53,41.97,-70.93,22.04,-24.6,24.6,453.53,3.26,8218.33
1106,0.89,-0.78,0.97,-74.97,34.56,-60.15,24.6,-32.0,20.89,453.43,13.48,8221.67
1107,0.26,-0.26,0.59,-29.71,18.93,-33.41,0.41,-11.52,5.26,453.7,1.37,8205.0
1108,-0.19,0.22,0.11,11.52,-15.22,26.0,-22.63,7.82,-5.26,490.8,8.34,6913.33
1109,-0.71,1.08,-0.71,71.6,-41.97,86.08,-60.15,28.3,-20.89,491.2,8.34,6926.67
1110,-0.71,0.9,-0.86,45.67,-60.15,74.97,-82.38,20.89,-24.6,661.76,8.34,6763.33
1111,-0.6,0.78,-0.75,75.3,-56.45,60.49,-86.08,17.19,-27.15,412.01,16.82,9860.0
1112,-0.08,-0.07,0.07,15.22,-29.71,0.41,-48.56,4.11,-7.82,411.71,20.3,9853.33
1113,0.52,-0.45,0.48,-29.71,4.11,-33.41,-2.15,-11.52,22.63,241.02,32.41,10030.0
1114,1.12,-1.0,0.75,-100.56,19.75,-78.34,24.6,-27.15,35.71,442.38,32.41,8641.67
1115,1.12,-1.0,0.75,-100.56,19.75,-78.34,32.0,-23.45,28.3,442.32,30.63,8638.33
1116,0.71,-0.93,0.82,-74.97,34.56,-60.15,32.0,-23.45,28.3,442.32,30.63,8621.67
1117,0.11,-0.56,0.41,-30.04,0.74,-26.33,5.26,-7.82,15.22,430.29,16.78,9080.0
1118,-0.41,0.3,-0.41,30.04,-26.0,33.74,-21.48,7.82,2.15,430.56,13.37,9080.0
1119,-0.74,0.86,-1.12,53.08,-60.15,86.41,-45.67,30.86,-24.6,430.69,1.26,9086.67
1120,-0.15,0.49,-0.71,8.15,-26.33,52.59,-22.63,18.93,-1.56,241.18,15.11,10003.33
1121,-0.0,0.23,-0.48,4.44,-40.82,15.56,-30.04,22.63,-7.82,241.12,8.18,10010.0
1122,0.07,0.3,-0.41,-10.37,-40.82,-14.07,-22.63,18.93,-1.56,241.18,15.11,10010.0
1123,-0.63,1.08,-1.04,49.04,-60.15,45.34,-41.97,38.26,-22.04,448.32,6.63,8426.67
1124,-0.0,0.74,-0.52,29.71,-26.33,29.71,-15.22,7.82,1.0,448.08,20.49,8423.33
1125,0.07,0.59,-0.23,66.74,-22.63,33.41,-44.85,4.11,-8.96,447.95,18.93,8416.67
1126,-0.04,0.37,0.18,48.56,-48.56,33.41,-52.26,7.82,-15.22,240.95,13.56,10013.33
1127,-0.3,0.22,0.03,82.45,-64.19,86.08,-75.3,27.15,-34.56,498.52,8.45,6673.33
1128,-0.0,-0.23,0.33,0.15,-33.74,55.63,-28.89,14.08,-15.22,498.48,3.07,6683.33
1129,0.15,-0.08,-0.0,-7.26,-7.82,37.45,-51.11,6.67,-18.93,679.36,10.0,6086.67
1130,-0.52,0.56,-0.34,-32.92,-37.45,11.52,-77.04,10.37,-26.33,421.96,6.63,9433.33
1131,-0.41,0.19,-0.15,-7.0,-44.85,-14.41,-70.78,4.11,-25.19,421.9,3.23,9433.33
1132,0.04,-0.74,0.6,-52.26,-18.11,-44.85,-14.41,-7.82,-2.15,240.82,6.63,10013.33
1133,0.74,-1.41,1.27,-71.6,64.19,-79.0,32.0,-23.45,28.3,240.75,13.37,10000.0
1134,0.04,-0.63,0.67,-52.26,11.52,-22.63,-20.67,-4.11,7.82,240.85,22.15,10003.33
1135,0.07,-0.56,0.78,-26.33,41.15,-22.63,-28.07,-7.82,15.22,240.78,10.22,10023.33
1136,-0.45,0.37,-0.15,18.6,-15.22,26.0,-48.56,4.11,-7.82,240.95,11.96,10036.67
1137,0.48,-0.11,0.33,10.37,30.04,-0.74,4.11,-15.22,12.67,240.85,3.18,10033.33
1138,-0.0,0.74,-0.52,29.71,-26.33,29.71,-18.93,-3.29,-10.37,441.41,11.71,8683.33
1139,0.52,-0.3,0.33,-15.22,0.41,-41.15,4.11,-15.22,12.67,441.24,9.97,8673.33
1140,-0.45,0.15,-0.11,-7.0,-15.22,-14.41,-48.56,4.11,-7.82,666.89,25.49,6420.0
1141,-0.6,0.0,0.22,0.41,-41.15,3.78,-44.85,11.52,-5.26,466.66,25.49,7753.33
1142,-1.01,0.63,-0.41,30.86,-82.38,49.04,-64.19,30.86,-25.74,466.86,20.3,7756.67
1143,-0.75,0.86,-0.64,30.86,-86.08,45.34,-52.75,28.3,-14.63,241.35,6.6,10010.0
1144,-0.08,0.15,-0.11,4.11,-3.78,-3.29,-26.0,12.67,-1.56,425.32,8.3,9301.67
1145,-0.19,0.52,-0.34,0.41,10.7,22.3,-33.41,16.37,-7.82,653.11,6.74,6961.67
1146,-0.17,0.16,-0.28,22.6,21.81,55.63,-11.52,22.63,-8.96,906.7,22.01,3691.67
1147,-0.24,0.08,-0.39,-3.33,-7.82,55.63,-21.48,18.93,-1.56,722.52,25.49,4413.33
1148,-0.47,-0.18,-0.02,4.08,-4.11,41.15,-21.48,8.96,-1.56,746.96,20.11,3580.0
1149,-0.56,0.11,-0.15,-3.3,-15.22,37.45,-25.19,8.96,-1.56,493.47,13.37,6850.0
1150,-1.0,1.04,-0.9,41.97,-41.97,67.89,-60.15,22.04,-20.89,493.57,-0.33,6840.0
1151,-0.6,0.93,-1.08,52.75,-60.15,71.6,-70.93,22.04,-13.49,241.25,-1.93,10013.33
1152,-0.45,0.86,-0.71,74.97,-56.45,45.67,-74.64,14.63,-16.04,241.22,3.26,10006.67
1153,0.18,0.11,-0.3,59.34,-37.11,-7.0,-39.67,-5.85,-0.41,429.55,15.19,9128.33
1154,0.48,-0.37,0.11,59.41,-18.93,15.22,-25.19,-7.0,-4.11,686.92,25.52,5788.33
1155,1.08,-0.93,0.38,6.74,7.82,-29.71,-2.15,-26.33,15.22,908.83,27.26,3666.67
1156,1.12,-0.89,0.52,-11.45,7.82,-18.26,0.41,-16.37,7.82,720.27,29.04,4545.0
1157,1.12,-1.0,0.75,-82.38,30.86,-78.34,23.45,-25.74,19.75,462.67,32.41,7878.33
1158,1.12,-1.0,0.75,-100.56,19.75,-78.34,30.86,-14.63,16.04,240.52,28.89,9996.67
1159,0.41,-0.22,0.11,-41.15,0.41,-18.93,-18.11,-1.56,-3.29,240.72,22.15,10000.0
1160,0.48,-0.19,-0.15,-15.22,30.04,-18.93,-20.67,-11.52,4.11,487.03,18.67,7041.67
1161,0.26,-0.41,0.04,-26.67,37.45,-8.15,-24.37,-18.93,1.56,677.68,15.27,6090.0
1162,0.26,-0.41,0.04,-26.67,37.45,-8.15,-24.37,-18.93,1.56,677.68,15.27,6090.0
1163,0.45,-0.19,0.0,-22.96,0.41,-0.74,-21.81,-8.96,-5.85,646.61,18.75,7173.33
1164,-0.22,0.56,-0.56,22.3,-52.26,33.41,-74.48,10.37,-26.33,647.69,25.67,7131.67
1165,-0.04,0.15,-0.37,22.3,-66.74,22.63,-48.56,6.67,-18.93,647.79,34.15,7135.0
1166,-0.3,-0.11,-0.07,-7.33,-59.34,15.22,-48.56,4.11,-7.82,432.68,34.15,9016.67
1167,0.63,-0.59,0.19,-22.96,-14.07,-11.52,0.41,-8.96,11.52,456.13,32.41,8141.67
1168,0.93,-1.19,0.82,-93.82,27.15,-49.37,27.15,-24.6,24.6,455.93,15.15,8145.0
1169,0.97,-1.12,0.93,-67.89,56.78,-49.37,24.6,-24.6,24.6,455.93,15.15,8138.33
1170,0.52,-1.08,1.12,-60.49,71.6,-49.37,22.04,-34.56,32.0,408.48,15.15,9971.67
1171,0.56,-1.12,1.15,-34.56,71.6,-71.6,15.78,-38.26,38.26,408.42,27.19,9965.0
1172,-0.07,-0.41,0.63,-7.82,-10.7,-22.96,-30.63,-22.63,7.82,408.48,20.45,9961.67
1173,0.37,-0.45,0.67,-7.82,-25.52,-22.96,-30.63,-22.63,7.82,240.72,16.97,9996.67
1174,0.37,-0.45,0.67,-7.82,-25.52,-22.96,-30.63,-15.22,11.52,437.93,13.71,8781.67
1175,0.67,-0.63,0.45,10.37,-14.07,-33.74,-30.63,-15.22,11.52,437.93,13.71,8798.33
1176,-0.08,0.11,-0.3,44.19,-33.41,7.48,-54.82,15.22,-11.52,438.16,5.08,8808.33
1177,-0.78,0.89,-0.89,63.53,-86.08,63.86,-71.6,34.56,-32.0,241.25,6.63,10013.33
1178,-1.0,1.15,-1.08,52.75,-71.6,86.08,-49.37,41.97,-28.3,241.32,1.26,9993.33
1179,-0.86,0.67,-0.93,41.97,-86.08,97.52,-49.37,41.97,-28.3,241.32,1.26,9986.67
1180,-0.67,0.93,-1.19,67.56,-60.15,112.01,-79.0,38.26,-38.26,241.18,-0.3,9990.0
1181,0.11,0.34,-0.45,44.52,-40.82,59.34,-52.26,7.82,-15.22,240.95,13.56,10003.33
1182,0.07,0.59,-0.23,66.74,-22.63,33.41,-44.85,4.11,-8.96,241.02,20.49,10000.0
1183,0.48,-0.08,0.44,-4.11,11.52,-11.52,1.56,-18.93,17.78,240.85,23.75,10013.33
1184,0.26,-0.37,0.56,-15.22,18.93,-41.15,1.56,-8.96,10.37,240.82,22.01,10020.0
1185,0.45,-0.86,0.89,-60.49,49.37,-67.89,20.89,-35.71,27.15,240.52,23.71,10030.0
1186,0.71,-1.0,0.71,-30.86,34.56,-93.82,23.45,-25.74,19.75,240.48,25.41,10010.0
1187,0.75,-0.89,0.78,-30.86,64.19,-71.6,30.86,-24.6,23.45,424.79,21.93,9288.33
1188,0.89,-0.78,0.67,-56.45,64.19,-89.78,38.26,-13.49,19.75,424.82,23.64,9295.0
1189,0.52,-0.67,0.89,-49.04,79.0,-60.15,35.71,-23.45,27.15,592.62,25.41,9260.0
1190,0.15,-0.15,0.15,-4.11,8.15,-22.3,1.56,-4.11,7.82,408.58,16.78,9961.67
1191,0.19,-0.56,0.37,-15.56,0.74,-11.52,-8.41,-5.26,4.11,408.52,18.56,9945.0
1192,0.63,-0.63,0.19,-22.96,-2.96,-29.71,-2.15,2.15,7.82,484.56,20.3,7111.67
1193,0.97,-1.26,0.86,-67.89,38.26,-89.78,24.6,-20.89,34.56,484.43,32.41,7121.67
1194,0.89,-0.93,0.71,-67.89,45.67,-86.08,27.15,-30.86,41.97,683.88,20.3,5836.67
1195,0.67,-1.08,1.12,-71.6,71.6,-75.3,20.89,-38.26,38.26,440.07,15.08,8715.0
1196,0.86,-0.82,0.89,-86.08,64.19,-63.86,20.89,-38.26,38.26,440.07,15.08,8715.0
1197,0.63,-0.45,0.3,-40.82,15.56,-33.41,-16.63,-17.78,18.93,488.17,27.19,7006.67
1198,0.22,0.26,-0.26,15.56,-37.11,0.74,-33.41,8.96,2.15,488.47,25.49,7010.0
1199,0.03,0.0,-0.04,30.04,-29.71,-10.7,-33.41,1.56,-1.56,666.36,18.75,6548.33
1200,-0.19,0.15,-0.11,44.85,-15.22,15.22,-44.85,4.11,-8.96,419.0,12.01,9545.0
1201,0.22,-0.67,0.37,-11.52,7.82,-41.15,-21.81,-18.93,1.56,418.77,10.45,9538.33
1202,0.2,-0.43,0.39,-11.52,15.22,-18.93,-10.7,-7.82,-2.15,493.17,3.34,6763.33
1203,0.72,-1.28,1.21,-71.6,41.97,-79.0,38.26,-20.89,17.19,664.82,4.89,6558.33
1204,0.76,-1.17,1.28,-71.6,71.6,-56.78,41.97,-13.49,19.75,849.03,8.15,5850.0
1205,0.74,-1.38,1.23,-97.52,64.19,-56.78,28.3,-14.63,16.04,596.6,22.01,9076.67
1206,0.93,-1.19,0.9,-67.89,56.78,-79.0,32.0,-20.89,17.19,594.57,25.41,9160.0
1207,0.78,-0.89,0.64,-82.38,56.78,-75.3,24.6,-20.89,17.19,651.66,16.78,7076.67
1208,1.01,-0.67,0.45,-70.93,49.38,-86.08,30.86,-27.15,18.34,651.76,1.26,7076.67
1209,0.75,-0.52,0.63,-100.56,64.19,-60.15,24.6,-20.89,17.19,482.11,-9.08,7205.0
1210,0.48,-0.37,0.11,-51.93,-6.67,-3.78,-12.93,-11.52,5.26,240.95,-10.67,9993.33
1211,-0.08,-0.07,-0.37,-3.3,-40.49,67.08,-39.67,4.11,-7.82,241.15,6.59,10006.67
1212,-0.52,0.45,-1.04,56.78,-74.64,123.45,-56.45,20.89,-17.19,241.32,13.52,10006.67
1213,-0.67,0.9,-1.19,49.37,-60.15,112.01,-45.67,30.86,-24.6,469.2,20.49,7676.67
1214,-0.11,0.6,-0.71,0.74,-26.33,41.15,-15.22,22.63,-8.96,468.97,16.97,7676.67
1215,0.67,0.0,0.04,-22.3,-7.0,-11.52,1.56,5.85,0.41,468.63,22.15,7686.67
1216,0.67,-0.07,0.3,-22.3,-7.0,-11.52,8.96,-1.56,6.67,490.56,22.15,6936.67
1217,0.37,0.04,0.33,-33.74,7.82,2.96,1.56,-12.67,10.37,689.95,11.82,5638.33
1218,-0.37,0.78,-0.41,0.08,-11.52,44.19,-18.93,-3.29,-1.56,690.25,13.56,5621.67
1219,0.04,0.22,-0.0,-52.59,22.63,-0.74,4.11,-22.63,8.96,440.3,4.78,8715.0
1220,-0.26,0.48,-0.45,3.78,-26.0,18.6,-15.22,4.11,-7.82,241.18,11.71,10020.0
1221,0.26,-0.56,0.41,-41.15,0.74,-52.26,15.22,-4.11,7.82,240.95,8.19,10023.33
1222,0.33,-0.89,0.56,-41.15,-6.67,-55.96,8.96,-7.82,14.08,451.52,18.53,8305.0
1223,0.33,-0.71,0.71,-15.22,11.52,-44.85,8.96,-7.82,14.08,451.52,18.53,8298.33
1224,-0.04,-0.15,-0.0,29.71,-29.71,37.45,-21.48,0.41,-1.56,674.84,6.6,6131.67
1225,-0.0,-0.07,0.11,55.63,-0.08,37.45,-11.52,11.52,-5.26,464.24,10.0,7846.67
1226,0.07,-0.26,-0.07,44.19,-18.26,41.15,-15.22,4.11,-7.82,464.21,-0.33,7833.33
1227,0.07,-0.26,-0.07,33.41,-18.26,41.15,-29.71,5.26,-4.11,241.05,-0.33,10003.33
1228,-0.3,0.19,-0.85,67.56,-89.12,101.23,-74.64,14.63,-16.04,241.22,-12.26,9993.33
1229,-0.19,-0.11,-0.33,33.74,-40.49,70.78,-51.6,2.7,7.0,427.35,-12.26,9208.33
1230,0.3,-0.3,0.22,-26.34,8.15,18.11,-6.67,-14.08,15.22,675.91,-14.08,6163.33
1231,0.82,-0.63,0.56,-56.78,41.97,-64.19,28.3,-34.56,30.86,675.71,-3.85,6170.0
1232,0.71,-0.33,0.04,-22.96,-6.67,-33.74,-9.22,-21.48,11.52,489.52,-2.04,6968.33
1233,-0.11,0.08,-0.41,22.3,-66.74,-7.0,-39.67,-5.85,-0.41,241.02,15.22,10020.0
1234,-0.04,0.15,-0.15,29.71,-66.74,22.63,-29.71,5.26,-4.11,241.05,16.93,10016.67
1235,0.22,-0.04,0.26,-29.71,-18.11,-26.0,15.22,-4.11,7.82,414.71,16.93,9718.33
1236,0.59,-0.19,0.19,-4.11,-6.67,-22.3,11.52,7.0,4.11,630.81,-0.33,7791.67
1237,0.59,-0.19,0.19,-4.11,-6.67,-22.3,11.52,7.0,4.11,825.8,1.44,6666.67
1238,0.26,0.19,-0.04,66.74,-37.11,22.63,-33.41,16.37,-7.82,652.14,1.44,6968.33
1239,0.52,-0.0,0.37,7.33,11.52,-26.0,0.74,-2.97,11.52,435.81,15.19,8888.33
1240,0.22,0.14,0.22,-18.26,26.33,-44.19,-6.67,-4.11,7.82,433.63,1.48,8971.67
1241,-0.0,0.14,0.26,-47.89,-3.3,-29.71,4.11,5.85,0.41,433.66,3.07,8975.0
1242,-0.56,0.52,0.07,-6.67,-63.37,29.71,-52.26,17.78,-22.63,433.96,4.85,8981.67
1243,-0.49,0.07,0.33,7.82,-70.78,18.26,-48.56,11.52,-21.48,241.18,3.04,10033.33
1244,0.37,-0.45,0.67,-7.82,-25.52,-22.96,-18.11,-15.22,-4.7,241.02,-0.37,10023.33
1245,0.97,-1.23,1.08,-60.49,27.15,-71.6,30.86,-28.3,14.63,240.65,-0.37,10013.33
1246,0.45,-0.19,0.22,-15.56,0.41,-0.74,0.41,-1.56,-2.15,240.82,3.04,10013.33
1247,0.37,-0.26,-0.03,-22.96,0.41,-30.37,0.41,-1.56,-2.15,410.53,16.78,9885.0
1248,0.63,0.0,-0.11,14.07,-7.0,-22.96,7.82,-0.41,1.56,410.6,15.0,9895.0
1249,0.82,-0.41,0.08,14.07,-21.48,-33.74,7.82,-0.41,1.56,410.6,15.0,9891.67
1250,0.11,0.26,-0.41,44.52,-40.82,48.56,-44.85,18.93,-18.93,454.88,13.3,8183.33
1251,-0.63,1.01,-1.15,78.34,-60.15,89.78,-89.78,28.3,-30.86,455.05,1.37,8173.33
1252,-0.52,0.71,-0.63,44.52,-11.52,59.34,-55.63,8.96,-11.52,660.92,-2.04,6625.0
1253,0.08,-0.08,0.3,10.37,44.85,-0.74,0.74,-2.97,11.52,631.13,-2.04,7750.0
1254,0.26,-0.48,0.48,10.37,30.37,-11.52,-10.7,-0.41,0.41,631.1,4.93,7746.67
1255,0.48,-0.71,0.71,-0.74,52.59,-18.93,-14.41,-7.82,-2.15,425.06,4.93,9281.67
1256,-0.19,0.0,0.18,18.6,-7.48,29.71,-44.85,11.52,-21.48,480.92,6.63,7240.0
1257,-0.26,0.0,0.22,4.11,-7.48,14.89,-18.93,7.82,-14.08,481.02,15.11,7246.67
1258,-0.3,-0.07,0.11,-21.81,-37.11,14.89,-15.22,15.22,-11.52,480.98,28.86,7250.0
1259,-0.22,0.0,-0.3,-7.0,-33.41,26.34,-18.93,15.22,-11.52,434.78,27.15,8916.67
1260,-0.37,0.04,-0.3,18.93,-33.41,33.74,-44.85,22.63,-18.93,689.55,27.15,5663.33
1261,-0.33,0.11,-0.19,44.85,-3.78,33.74,-54.82,21.48,-22.63,689.49,28.93,5670.0
1262,0.37,-0.56,0.3,14.41,15.56,-48.56,-30.63,1.0,-7.0,495.52,32.41,6753.33
1263,1.08,-1.0,0.56,-38.26,49.38,-101.23,18.34,-18.34,23.45,448.85,28.89,8378.33
1264,0.74,-0.48,-0.18,6.67,-21.48,-63.37,-2.15,-8.96,11.52,449.15,13.37,8368.33
1265,0.07,0.34,-0.67,47.89,-40.82,7.48,-26.33,11.52,-4.11,449.41,1.26,8365.0
1266,0.15,0.41,-0.41,55.3,-40.82,37.11,-22.63,7.82,-14.08,241.12,-12.48,9993.33
1267,-0.04,0.82,-0.6,55.3,-26.33,47.89,-48.56,11.52,-21.48,241.02,-3.7,10006.67
1268,0.71,0.07,0.15,21.48,-7.0,6.67,-21.81,-18.93,1.56,240.78,10.15,10016.67
1269,-0.04,0.82,-0.6,55.3,-26.33,47.89,-63.04,-2.15,-7.82,240.92,11.96,10023.33
1270,0.67,0.04,0.04,-4.11,-7.0,-11.52,-14.07,-15.22,11.52,240.72,18.7,10020.0
1271,0.11,0.37,-0.52,29.71,-40.82,18.93,-40.82,15.22,-11.52,457.08,1.44,8096.67
1272,0.11,0.26,-0.26,11.52,-40.82,18.93,-22.63,17.78,-12.67,706.9,8.41,5003.33
1273,0.07,0.23,-0.41,29.71,-40.82,7.48,-25.19,17.78,-12.67,706.9,8.41,5000.0
1274,0.34,0.04,0.0,-29.71,7.82,-41.15,8.96,-1.56,6.67,664.39,10.22,6625.0
1275,1.04,-0.63,0.38,-70.93,27.15,-100.56,28.3,-17.19,27.15,414.47,18.7,9708.33
1276,0.82,-0.41,0.49,-89.12,41.97,-89.12,30.86,-27.15,34.56,414.51,15.22,9701.67
1277,0.26,-0.04,0.3,-55.3,11.52,-29.71,4.11,-11.52,21.48,459.33,27.15,7993.33
1278,0.07,-0.19,0.59,-40.82,48.56,-18.93,7.82,-15.22,11.52,459.3,9.89,8000.0
1279,-0.37,0.41,-0.0,18.6,14.41,40.49,-15.22,4.11,-7.82,459.57,15.11,8020.0
1280,-0.11,0.15,-0.26,33.41,-3.78,51.93,-15.22,4.11,-7.82,241.18,11.71,10013.33
1281,-0.22,0.41,-0.52,7.48,-26.0,55.63,-18.93,0.41,-1.56,440.53,15.11,8715.0
1282,-0.26,0.26,-0.52,-3.3,-26.0,67.08,-44.85,4.11,-8.96,440.43,6.63,8715.0
1283,0.11,-0.19,0.26,-37.45,44.85,7.0,-25.52,-12.67,0.41,440.1,11.82,8731.67
1284,0.19,-0.52,0.41,-37.45,37.45,3.3,-25.52,-12.67,0.41,240.68,20.45,10023.33
1285,0.22,-0.37,0.41,-26.67,37.45,-8.15,-3.29,-5.26,4.11,240.75,15.08,10006.67
1286,-0.48,0.3,-0.26,-7.33,-44.85,26.0,-40.82,5.26,-4.11,240.98,1.37,9990.0
1287,-0.45,0.37,-0.19,-7.33,-44.85,3.78,-18.93,15.22,-11.52,479.9,-1.89,7281.67
1288,-0.34,-0.04,0.04,-21.81,-59.34,-21.81,-41.15,7.82,-15.22,479.83,3.48,7278.33
1289,-0.04,-0.18,-0.0,-10.7,-47.89,-32.92,-30.37,17.78,-22.63,479.86,5.08,7295.0
1290,-0.67,0.52,-0.49,41.97,-100.56,37.93,-75.3,27.15,-34.56,241.22,13.56,10003.33
1291,-0.11,0.11,-0.22,15.22,-66.74,-7.33,-18.93,15.22,-11.52,241.08,18.52,10013.33
1292,0.19,-0.15,0.22,-41.15,-18.11,-26.67,5.26,-7.82,15.22,460.7,18.52,7961.67
1293,0.3,0.07,-0.18,-22.96,7.82,-26.67,5.26,-7.82,15.22,460.7,18.52,7958.33
1294,0.3,0.07,-0.18,-22.96,7.82,-26.67,1.56,-15.22,12.67,630.45,18.52,7830.0
1295,0.63,0.0,-0.33,6.67,-7.0,-22.96,4.11,-12.67,1.56,625.81,30.63,7996.67
1296,1.3,-0.82,0.16,-34.56,12.34,-93.82,30.86,-28.3,14.63,795.33,27.12,7875.0
1297,0.63,0.0,-0.33,6.67,-7.0,-22.96,-10.37,-11.52,5.26,625.75,15.19,8000.0
1298,-0.15,0.6,-0.85,37.11,-26.33,29.71,-29.71,5.26,-4.11,585.42,11.71,9541.67
1299,-0.15,0.6,-0.85,37.11,-26.33,29.71,-35.97,11.52,-5.26,415.6,13.48,9666.67
1300,0.34,-0.41,-0.03,-33.74,0.41,-18.93,-1.0,-8.96,10.37,415.4,23.71,9676.67
1301,0.86,-1.15,0.82,-67.89,27.15,-79.0,18.34,-28.3,30.86,472.18,22.01,7551.67
1302,0.07,-0.56,0.74,-44.85,-18.11,-8.15,1.56,-11.52,21.48,472.51,16.82,7551.67
1303,0.33,-0.3,0.67,-7.82,-25.52,-0.74,7.82,-7.82,15.22,472.58,4.78,7551.67
1304,0.37,-0.34,0.74,-7.82,4.11,-0.74,5.26,-5.26,4.11,240.88,9.97,10013.33
1305,1.19,-0.89,0.97,-49.04,49.38,-60.15,28.3,-28.3,14.63,240.65,-0.37,10013.33
1306,1.12,-0.97,0.71,-56.45,49.38,-89.78,28.3,-28.3,14.63,240.65,-0.37,10010.0
1307,1.04,-0.63,0.38,-70.93,27.15,-100.56,30.86,-28.3,14.63,433.53,-14.08,8965.0
1308,0.45,-0.08,0.11,-0.08,11.52,-55.63,4.11,-12.67,1.56,433.73,3.18,8971.67
1309,0.35,-0.21,0.23,-33.41,22.63,-40.78,-3.29,-8.96,11.52,688.85,15.33,5665.0
1310,0.57,-0.43,0.12,-15.22,7.82,-52.23,4.11,-7.82,15.22,496.04,27.26,6710.0
1311,0.98,-1.13,0.68,-71.6,60.49,-86.38,27.15,-19.75,38.26,495.74,11.82,6720.0
1312,0.59,-0.59,0.26,2.96,15.56,-41.15,4.11,3.29,11.52,456.92,-0.33,8103.33
1313,0.33,-0.45,0.45,-26.67,30.37,-15.22,0.41,-4.11,8.96,456.95,-14.08,8110.0
1314,0.56,-0.26,0.26,-15.56,-6.67,-7.82,-2.15,-4.11,8.96,457.08,-0.37,8106.67
1315,0.26,-0.08,0.48,-33.74,-18.11,2.96,1.56,-15.22,12.67,240.98,16.89,10023.33
1316,0.37,-0.45,0.67,-7.82,-25.52,-22.96,-4.7,-8.96,11.52,240.88,32.41,10020.0
1317,0.15,-0.74,0.78,-18.93,-18.11,-52.59,1.56,-12.67,1.56,240.85,16.89,10016.67
1318,0.71,-1.12,0.97,-60.15,41.97,-112.01,22.04,-22.04,13.49,240.55,15.15,10023.33
1319,0.89,-0.86,0.75,-56.45,45.67,-100.56,24.6,-32.0,20.89,462.77,16.89,7891.67
1320,0.89,-0.86,0.75,-56.45,45.67,-100.56,28.3,-24.6,23.45,462.73,30.63,7875.0
1321,1.12,-1.08,0.64,-38.26,30.86,-112.01,34.56,-30.86,24.6,462.83,15.11,7881.67
1322,0.3,-0.52,0.41,-15.22,-25.52,-52.59,-14.41,-7.82,-2.15,240.82,6.63,10010.0
1323,-0.34,0.3,-0.04,11.52,-78.19,18.26,-59.34,1.56,-14.08,439.1,6.63,8766.67
1324,-0.49,0.18,0.4,7.82,-41.15,40.49,-55.63,8.96,-11.52,439.06,20.38,8766.67
1325,-0.26,0.0,0.22,11.52,-29.71,14.89,-29.71,5.26,-4.11,439.16,28.86,8760.0
1326,0.33,-0.78,0.63,-41.15,22.96,-33.74,7.82,-5.26,4.11,412.66,25.45,9801.67
1327,0.48,-0.67,0.19,-37.45,-14.07,-55.96,7.82,-5.26,4.11,412.66,25.45,9801.67
1328,0.19,-0.52,0.23,-48.56,-25.52,-44.85,4.11,5.85,0.41,412.63,11.6,9805.0
1329,0.19,-0.52,0.23,-48.56,-25.52,-44.85,11.52,7.0,4.11,240.85,11.6,10023.33
1330,-0.45,0.22,-0.19,-32.92,-44.85,7.82,-33.41,16.37,-7.82,241.02,-0.33,10013.33
1331,-0.21,0.05,-0.32,-10.74,-7.82,37.45,-22.3,12.67,-1.56,494.57,13.34,6746.67
1332,-0.88,0.79,-0.88,34.53,-60.49,71.6,-67.23,22.04,-13.49,494.74,4.81,6743.33
1333,-0.91,0.86,-0.95,60.12,-60.49,89.78,-52.75,20.89,-17.19,663.31,11.78,6656.67
1334,-0.86,0.89,-0.86,49.04,-86.08,49.04,-60.15,13.49,-19.75,409.79,11.96,9920.0
1335,0.07,0.41,-0.37,40.82,-40.82,22.3,-25.19,2.97,-11.52,409.56,25.67,9926.67
1336,0.74,-0.41,0.11,-0.41,-21.48,-48.56,-4.7,-16.37,7.82,240.78,28.93,10013.33
1337,1.3,-0.74,0.49,-27.15,12.34,-64.19,15.78,-32.0,20.89,477.0,27.19,7391.67
1338,1.3,-0.74,0.49,-27.15,12.34,-64.19,22.04,-38.26,22.04,477.1,11.67,7375.0
1339,1.04,-0.6,0.67,-56.78,27.15,-38.26,32.0,-27.15,18.34,477.13,13.37,7365.0
1340,0.67,-0.56,0.78,-49.38,41.97,-38.26,38.26,-27.15,18.34,240.72,-2.15,9996.67
1341,-0.07,0.18,0.04,-15.56,22.63,2.96,15.22,-4.11,7.82,447.88,6.63,8416.67
1342,-0.59,0.63,-0.23,37.11,-37.45,47.89,-29.71,5.26,-4.11,448.05,-5.3,8436.67
1343,-0.86,1.26,-0.86,45.34,-71.6,70.93,-56.45,20.89,-17.19,648.51,5.04,7096.67
1344,-0.34,0.22,-0.0,0.41,-44.85,0.08,-39.67,1.56,3.29,638.49,5.04,7471.67
1345,-0.34,0.22,-0.0,0.41,-44.85,0.08,-51.11,4.11,-7.82,638.45,12.01,7455.0
1346,0.07,-0.3,0.52,-33.41,-10.7,-41.15,-28.07,-15.22,11.52,437.93,13.71,8781.67
1347,0.22,-0.08,0.15,-29.71,-18.11,-41.15,-25.52,-12.67,0.41,240.68,20.45,10000.0
1348,0.78,-0.45,0.34,-70.93,41.97,-100.56,27.15,-32.0,20.89,240.58,11.67,10000.0
1349,0.86,-0.78,0.67,-56.45,64.19,-89.78,30.86,-28.3,14.63,240.65,-0.37,10000.0
1350,0.22,-0.04,0.26,-40.82,44.85,-37.11,-6.67,-17.78,6.41,240.88,-14.08,9986.67
1351,0.52,-0.19,0.41,-15.22,30.04,-18.93,-12.93,-21.48,12.67,240.82,-2.04,9983.33
1352,0.15,0.41,-0.34,15.22,-40.82,18.93,-35.97,-2.15,-7.82,478.45,-2.04,7323.33
1353,0.63,-0.56,0.45,-4.11,-14.07,-33.74,5.26,-18.93,1.56,478.31,-3.85,7330.0
1354,0.37,-0.82,0.52,-41.15,-6.67,-41.15,15.22,-7.82,-2.15,478.35,-2.15,7333.33
1355,0.19,-0.63,0.34,-37.45,7.82,-18.93,-14.41,-7.82,-2.15,454.71,9.89,8166.67
1356,-0.15,0.0,-0.33,7.48,-33.41,41.15,-44.85,18.93,-18.93,454.88,13.3,8156.67
1357,0.07,0.23,-0.52,18.93,-40.82,30.37,-54.82,17.78,-22.63,454.81,15.08,8156.67
1358,0.63,-0.56,0.41,-15.22,15.56,-29.71,-5.85,2.15,7.82,240.72,4.85,10006.67
1359,0.26,-0.41,0.48,-40.82,4.11,-33.41,-2.15,-8.96,11.52,452.26,18.7,8263.33
1360,-0.04,-0.3,0.52,-52.26,18.93,-18.93,0.41,-8.96,11.52,452.26,18.7,8263.33
1361,-0.45,0.41,-0.04,4.11,-33.74,15.22,-48.56,6.67,-18.93,452.46,25.67,8246.67
1362,0.19,0.07,0.3,-29.71,26.33,-29.71,-25.52,-12.67,0.41,240.68,20.45,10006.67
1363,0.26,-0.26,0.45,-29.71,18.93,-33.41,-21.81,-18.93,1.56,431.4,15.27,9051.67
1364,0.04,-0.26,0.48,-59.34,-10.7,-18.93,0.41,-11.52,5.26,431.47,9.89,9065.0
1365,-0.41,0.33,-0.11,0.08,-44.85,40.49,-18.93,15.22,-11.52,431.77,8.19,9068.33
1366,-0.37,0.3,-0.08,26.0,-44.85,18.26,-25.19,21.48,-12.67,241.05,13.37,10033.33
1367,0.22,-0.48,0.34,-26.67,7.82,-30.37,1.56,-1.56,14.08,240.92,25.49,10026.67
1368,0.71,-1.49,1.16,-97.52,34.56,-79.0,18.34,-28.3,30.86,240.62,27.19,10023.33
1369,0.71,-1.49,1.16,-97.52,34.56,-79.0,18.34,-28.3,30.86,240.62,27.19,10023.33
1370,0.63,-1.15,1.01,-97.52,41.97,-75.3,25.74,-24.6,23.45,240.55,25.41,10016.67
1371,0.78,-0.97,0.67,-86.08,34.56,-97.52,35.71,-13.49,19.75,469.82,27.12,7631.67
1372,0.97,-0.71,0.45,-100.56,27.15,-86.08,38.26,-23.45,27.15,469.86,23.64,7638.33
1373,1.08,-1.08,0.64,-74.64,19.75,-112.01,28.3,-27.15,34.56,469.92,25.41,7635.0
1374,0.33,-0.48,0.56,-33.41,-25.52,-41.15,-28.07,-15.22,11.52,240.82,20.45,10013.33
1375,-0.49,0.07,0.33,7.82,-70.78,18.26,-51.11,4.11,-7.82,419.84,22.15,9500.0
1376,-0.82,0.71,-0.34,52.75,-112.01,78.34,-75.3,27.15,-34.56,419.97,10.04,9496.67
1377,-0.9,0.67,-0.49,45.34,-112.01,63.86,-53.08,34.56,-30.86,420.04,4.67,9503.33
1378,-0.3,-0.11,-0.07,-7.33,-59.34,15.22,-26.33,18.93,-17.78,241.08,-9.08,10016.67
1379,0.04,-0.63,0.67,-52.26,11.52,-22.63,-2.15,-4.11,8.96,240.95,3.04,10023.33
1380,0.22,-0.37,0.41,-26.67,37.45,-8.15,-12.93,-14.08,16.37,428.18,8.41,9180.0
1381,0.26,-0.41,0.52,-0.74,67.08,-30.37,-9.22,-6.67,18.93,645.64,17.19,7208.33
1382,0.45,-0.26,0.22,-15.22,30.04,-41.15,-9.22,-6.67,18.93,645.64,17.19,7218.33
1383,0.5,-0.7,0.35,-18.63,41.15,-26.0,12.67,-0.41,17.78,711.96,25.49,4785.0
1384,0.65,-0.47,-0.09,-14.93,4.11,-26.0,5.26,-4.11,25.19,702.8,30.45,5118.33
1385,-0.24,0.05,-0.46,18.89,-41.15,18.93,-41.15,11.52,-5.26,894.47,32.19,4108.33
1386,-0.11,0.08,-0.41,22.3,-66.74,-7.0,-48.56,4.11,-7.82,640.94,32.37,7375.0
1387,-0.6,0.49,-0.71,63.53,-100.56,53.08,-97.52,19.75,-38.26,432.75,27.41,9013.33
1388,0.29,-0.03,-0.33,29.71,-55.3,8.15,-44.85,0.41,-17.78,442.62,27.41,8638.33
1389,0.59,-0.63,0.3,-41.15,-14.07,-29.71,-24.37,-18.93,1.56,652.98,20.49,6930.0
1390,0.71,-1.19,0.86,-74.97,56.78,-67.56,46.49,-41.97,20.89,906.59,22.08,3708.33
1391,0.67,-1.23,0.71,-56.78,56.78,-79.0,46.49,-41.97,20.89,705.03,4.82,5096.67
1392,0.3,-0.45,0.26,25.52,33.74,-44.85,0.08,-18.93,-5.85,494.56,3.26,6805.0
1393,-0.04,0.37,-0.48,48.56,-22.63,15.22,-44.85,0.41,-17.78,241.05,10.15,10023.33
1394,-0.56,0.71,-0.82,79.0,-56.45,97.52,-75.3,27.15,-34.56,241.22,13.56,10006.67
1395,-0.0,0.12,-0.7,26.33,-40.82,41.15,-26.33,11.52,-4.11,241.15,20.3,10000.0
1396,0.18,-0.22,-0.55,26.33,-55.3,41.15,-22.63,18.93,-1.56,241.05,20.3,9983.33
1397,0.07,0.19,-0.63,11.52,-40.82,11.52,-18.93,7.82,2.15,241.08,34.15,9993.33
1398,-0.56,0.93,-1.04,27.15,-60.15,64.19,-38.26,27.15,-18.34,241.28,28.97,9993.33
1399,-0.89,1.15,-0.93,12.34,-71.6,38.26,-56.45,20.89,-17.19,241.32,13.52,9993.33
1400,-0.26,0.41,-0.52,-3.29,-52.26,-14.41,-35.97,11.52,-5.26,241.02,11.78,9986.67
1401,-0.41,0.26,-0.19,4.11,-78.19,3.78,-65.6,7.82,-15.22,240.88,10.22,9996.67
1402,0.3,-0.41,0.48,-15.22,4.11,-30.37,-28.07,-12.67,0.41,240.68,20.45,10000.0
1403,0.37,-0.34,0.74,-7.82,4.11,-0.74,-28.07,-15.22,11.52,416.63,20.45,9625.0
1404,0.59,-0.52,0.56,-4.11,15.56,-26.33,-2.15,-18.93,18.93,606.07,15.08,8705.0
1405,-0.11,0.15,-0.11,15.22,-66.74,7.82,-39.67,1.56,3.29,606.27,4.85,8708.33
1406,-0.11,0.15,-0.11,15.22,-66.74,7.82,-29.71,5.26,-4.11,625.38,4.85,7958.33
1407,-0.22,0.56,-0.34,29.71,-52.26,33.41,-55.63,8.96,-11.52,435.94,10.22,8881.67
1408,0.48,-0.11,0.33,10.37,30.04,-0.74,-14.41,-7.82,-2.15,435.81,8.41,8875.0
1409,-0.15,0.41,-0.04,55.63,14.41,26.0,-44.85,0.41,-17.78,241.05,10.15,10006.67
1410,-0.34,0.15,0.22,30.04,-11.52,11.52,-44.85,0.41,-17.78,432.65,18.63,9000.0
1411,-0.37,0.18,0.15,30.04,-41.15,11.52,-48.56,4.11,-7.82,664.24,28.97,6548.33
1412,-0.34,-0.07,-0.07,7.82,-59.34,37.45,-44.85,11.52,-5.26,664.14,28.97,6535.0
1413,0.56,-0.59,0.3,-26.0,-14.07,-7.48,11.52,-0.41,17.78,472.41,22.04,7541.67
1414,0.56,-0.7,0.26,-51.93,-14.07,-7.48,11.52,2.15,6.67,412.56,22.04,9791.67
1415,0.52,-0.45,0.48,-29.71,4.11,-33.41,7.82,-5.26,4.11,412.66,20.3,9795.0
1416,0.22,-0.3,0.52,-29.71,41.15,-18.93,0.41,-5.26,4.11,653.99,13.37,6996.67
1417,0.48,-0.04,0.44,7.33,33.74,-11.52,0.41,-15.22,11.52,482.17,20.3,7211.67
1418,1.12,-0.56,0.82,-37.93,49.38,-38.26,23.45,-34.56,30.86,481.91,16.82,7215.0
1419,1.23,-0.97,1.0,-23.45,19.75,-64.19,27.15,-41.97,28.3,240.62,13.41,10016.67
1420,0.89,-0.89,0.93,-60.49,34.56,-67.89,34.56,-30.86,24.6,240.65,9.89,10003.33
1421,0.04,-0.37,0.59,-44.85,-10.7,-26.67,-14.41,-7.82,-2.15,240.98,13.37,10013.33
1422,-0.04,0.07,0.33,-59.34,-3.3,-15.22,-10.7,-0.41,0.41,414.77,15.19,9711.67
1423,0.22,-0.08,0.15,-29.71,-18.11,-41.15,-18.11,-4.11,7.82,623.1,15.19,8093.33
1424,1.04,-0.63,0.38,-70.93,27.15,-100.56,34.56,-23.45,28.3,824.4,16.93,6708.33
1425,1.34,-0.78,0.52,-45.34,12.34,-82.38,27.15,-34.56,32.0,650.55,32.37,7006.67
1426,0.82,-0.44,0.19,-14.89,-21.48,-0.08,-21.81,-18.93,1.56,644.93,20.44,7215.0
1427,0.11,0.34,-0.45,44.52,-40.82,59.34,-52.26,7.82,-15.22,443.53,6.59,8593.33
1428,0.07,0.3,-0.56,18.93,-40.82,41.15,-52.26,15.22,-11.52,443.63,4.85,8590.0
1429,-0.26,0.52,-0.45,4.11,-52.26,15.22,-26.33,11.52,-4.11,241.15,20.3,10016.67
1430,-0.08,0.11,-0.26,4.11,-66.74,4.44,-18.93,7.82,2.15,241.22,27.23,10023.33
1431,-0.82,0.75,-0.89,52.75,-86.08,75.3,-67.89,23.45,-28.3,241.28,20.49,10033.33
1432,-0.33,0.3,-0.45,44.52,-26.0,48.56,-44.85,11.52,-5.26,241.12,18.75,10023.33
1433,-0.41,0.48,-0.26,55.96,-7.82,44.85,-44.85,11.52,-5.26,241.12,18.75,10006.67
1434,-0.26,0.22,-0.04,52.26,-22.3,7.82,-33.41,8.96,5.85,241.15,11.78,9993.33
1435,-0.56,0.93,-0.75,86.08,-56.45,49.04,-56.45,20.89,-17.19,241.32,13.52,9990.0
1436,-0.19,0.15,-0.3,3.78,-33.41,14.89,-37.11,4.11,-7.82,240.98,18.7,9996.67
1437,0.19,-0.34,0.08,18.34,-15.22,51.93,-22.63,2.97,-11.52,498.35,29.04,6663.33
1438,0.71,-1.27,1.01,-26.59,41.15,3.3,7.82,-5.26,4.11,498.12,25.52,6673.33
1439,0.26,-0.41,0.15,33.48,25.52,33.74,-41.15,11.52,-5.26,740.73,20.34,3840.0
1440,0.26,-0.52,0.37,-37.45,48.56,-26.33,-14.41,-4.11,7.82,483.23,8.19,7170.0
1441,0.19,-0.19,0.04,-51.93,26.33,-37.11,-21.81,-15.22,11.52,483.2,6.49,7173.33
1442,0.26,-0.45,0.3,-55.63,0.74,-44.52,-10.37,-21.48,12.67,240.82,-2.04,10000.0
1443,0.22,-0.04,0.08,-44.19,8.15,-55.3,-16.63,-17.78,22.63,240.85,-0.22,10000.0
1444,-0.41,0.3,-0.26,-10.37,-51.93,-10.37,-54.15,2.7,7.0,241.05,-10.45,9996.67
1445,-0.11,0.03,0.19,-66.74,-3.3,-29.71,-16.63,-7.82,15.22,240.82,3.26,10000.0
1446,-0.45,0.41,-0.04,4.11,-33.74,15.22,-33.41,11.52,-5.26,241.02,11.78,10010.0
1447,-0.15,0.44,0.07,41.15,-4.11,15.22,-18.93,10.37,-8.96,241.08,25.49,10000.0
1448,-0.45,0.89,-0.23,123.45,-34.56,45.67,-41.97,19.75,-20.89,241.38,25.49,10000.0
1449,-0.08,0.11,0.22,41.15,-11.52,11.52,-15.22,4.11,-7.82,241.12,28.89,9990.0
1450,0.11,-0.37,0.56,-4.11,18.93,-15.22,15.22,-4.11,7.82,446.96,13.37,8451.67
1451,0.52,-1.08,1.12,-60.49,71.6,-49.37,35.71,-13.49,19.75,446.66,13.37,8458.33
1452,0.56,-1.12,1.15,-34.56,71.6,-71.6,35.71,-13.49,19.75,446.66,13.37,8461.67
1453,0.3,-0.48,0.52,-26.33,37.45,-48.56,5.26,-5.26,4.11,240.82,30.63,10010.0
1454,0.28,-0.35,0.46,-26.33,15.22,-48.56,18.93,-4.11,7.82,493.24,16.78,6773.33
1455,0.5,-0.06,0.35,-15.22,7.82,-18.93,11.52,-15.22,11.52,493.21,20.3,6780.0
1456,0.61,-0.46,0.43,-0.41,-6.67,10.7,11.52,-15.22,11.52,493.21,20.3,6780.0
1457,0.15,0.26,-0.37,18.93,-40.82,41.15,-18.93,0.41,-1.56,241.12,28.97,10023.33
1458,-0.49,0.6,-0.89,38.26,-74.64,56.78,-45.67,30.86,-24.6,241.35,15.11,10016.67
1459,0.07,0.3,-0.41,-10.37,-40.82,-14.07,-15.22,22.63,-8.96,241.12,11.6,10003.33
1460,0.71,-0.44,0.0,-26.0,-21.48,-66.74,7.82,-0.41,1.56,240.88,1.26,10000.0
1461,0.97,-0.85,0.71,-70.93,12.34,-112.01,34.56,-19.75,28.3,491.91,11.52,6875.0
1462,0.41,-0.41,0.26,-26.0,-21.48,-63.37,7.82,-7.82,5.26,729.58,-2.22,4215.0
1463,-0.15,0.19,0.15,26.67,-37.11,-7.0,-18.93,7.82,-7.82,729.78,15.04,4215.0
1464,-0.64,0.78,-0.38,60.49,-52.75,63.86,-38.26,23.45,-28.3,697.2,15.11,5340.0
1465,-0.04,0.37,0.18,41.15,-18.93,33.41,-15.22,4.11,-7.82,459.57,15.11,8010.0
1466,0.59,-0.15,0.55,-4.11,-3.29,6.67,11.52,-11.52,5.26,459.37,-2.15,8006.67
1467,1.23,-0.86,1.08,-23.45,49.38,-41.97,28.3,-30.86,25.74,240.78,-0.37,10006.67
1468,0.63,-0.45,0.52,-4.11,15.56,-11.52,5.26,-11.52,5.26,478.41,-0.37,7336.67
1469,0.63,-0.45,0.52,-4.11,15.56,-11.52,1.56,-5.26,4.11,478.31,15.15,7340.0
1470,0.59,-0.52,0.41,-30.04,-14.07,-11.52,4.11,-2.7,-7.0,478.18,15.15,7340.0
1471,0.89,-0.78,0.82,-74.97,34.56,-60.15,23.45,-15.78,12.34,240.45,30.67,10000.0
1472,0.89,-0.78,0.6,-82.38,34.56,-60.15,23.45,-15.78,12.34,455.7,30.67,8118.33
1473,0.45,0.15,-0.15,-37.11,7.82,-29.71,-25.52,-2.7,-7.0,455.9,23.93,8128.33
1474,0.3,0.04,-0.04,-11.52,7.82,-11.52,-25.52,-2.7,-7.0,455.9,23.93,8135.0
1475,-0.14,0.07,0.15,-4.11,22.63,-11.52,-21.81,-8.96,-5.85,240.75,8.41,10023.33
1476,-0.22,0.0,0.07,10.7,22.63,18.11,4.11,-12.67,1.56,240.85,16.89,10023.33
1477,-0.52,0.71,-0.63,44.52,-11.52,59.34,-15.22,4.11,-7.82,448.12,10.15,8440.0
1478,-0.37,0.82,-0.74,18.93,-11.52,41.15,-18.93,10.37,-8.96,448.02,25.67,8420.0
1479,-0.37,0.59,-0.52,41.15,-26.0,11.52,-44.85,17.78,-16.37,702.79,25.67,5160.0
1480,-0.22,0.11,-0.37,30.37,-40.49,22.96,-44.85,17.78,-16.37,495.72,34.15,6736.67
1481,0.07,-0.07,-0.44,48.56,-44.19,22.96,-41.15,15.22,-5.26,739.57,35.89,3868.33
1482,0.52,-0.37,0.0,-33.74,4.44,-3.78,7.82,-4.11,25.19,484.63,34.15,7128.33
1483,0.89,-0.93,0.71,-67.89,45.67,-86.08,24.6,-30.86,41.97,484.46,28.93,7141.67
1484,0.82,-0.97,0.67,-67.89,34.56,-97.52,18.34,-38.26,38.26,240.65,23.71,10020.0
1485,0.3,-0.52,0.41,-15.22,-25.52,-52.59,-19.19,-25.19,18.93,240.75,10.0,10023.33
1486,-0.26,0.37,-0.45,18.93,-52.26,29.71,-54.15,-4.7,3.29,240.95,-0.22,10023.33
1487,-0.97,1.04,-0.93,49.37,-71.6,112.01,-78.34,25.74,-19.75,241.18,-8.86,10013.33
1488,-0.11,0.52,-0.6,33.74,-26.33,70.78,-43.37,12.67,-0.41,416.9,4.85,9625.0
1489,0.34,0.0,0.07,-26.34,7.82,14.41,1.56,3.29,11.52,416.73,16.78,9625.0
1490,0.48,-0.08,0.44,-4.11,11.52,-11.52,8.96,-0.41,17.78,416.8,23.71,9638.33
1491,-0.26,0.67,-0.3,29.71,-7.82,29.71,-37.45,15.22,-12.67,241.05,16.97,10020.0
1492,-0.04,0.52,-0.48,41.15,-22.63,3.78,-37.45,15.22,-12.67,470.29,16.97,7638.33
1493,-0.26,0.52,-0.45,11.52,-52.26,18.26,-67.08,11.52,-22.63,470.16,15.41,7628.33
1494,-0.08,0.11,-0.26,11.52,-66.74,7.48,-44.85,18.93,-18.93,686.36,6.63,5705.0
1495,-0.26,0.33,-0.15,11.52,-51.93,18.93,-44.85,18.93,-18.93,457.12,6.63,8090.0
1496,0.56,-0.22,0.08,-11.52,4.44,-40.49,4.11,-4.11,7.82,679.13,15.11,5968.33
1497,0.26,-0.04,0.3,-29.71,-7.0,-29.71,-6.67,-14.08,15.22,462.97,16.93,7898.33
1498,0.48,-0.26,0.19,-11.52,-21.81,-41.15,-16.63,-25.19,18.93,462.93,15.22,7891.67
1499,-0.11,0.3,-0.08,41.15,-48.56,3.78,-39.67,-5.85,-0.41,241.02,13.48,10013.33
1500,0.41,-0.15,0.19,-11.52,11.52,-41.15,-2.15,-16.37,7.82,240.78,27.19,9996.67
1501,-0.15,0.26,-0.08,15.22,-22.3,4.11,-22.63,2.97,-11.52,241.05,32.41,9996.67
1502,-0.08,0.08,-0.26,3.78,-40.49,7.82,-48.56,6.67,-18.93,240.95,25.67,10003.33
1503,-0.34,0.27,-0.78,63.86,-89.12,64.19,-67.89,23.45,-28.3,241.15,27.41,10000.0
1504,0.07,-0.37,-0.15,33.41,-47.89,18.93,-37.45,15.22,-12.67,240.92,23.89,9990.0
1505,0.63,-0.7,0.41,-0.41,-14.07,-11.52,8.96,-0.41,17.78,240.85,30.63,10000.0
1506,0.63,-0.7,0.41,-0.41,-14.07,-11.52,8.96,-0.41,17.78,240.98,23.71,10006.67
1507,-0.0,0.11,-0.04,26.33,-66.74,59.34,-17.78,15.22,4.7,241.25,20.3,10013.33
1508,-0.3,0.26,-0.19,0.74,-51.93,41.15,-15.22,17.78,-6.41,241.12,20.3,9993.33
1509,-0.34,0.33,-0.11,-2.96,-51.93,4.11,-18.93,10.37,-8.96,430.42,13.37,9076.67
1510,-0.41,0.3,-0.26,-10.37,-51.93,-10.37,-37.11,4.11,-7.82,430.32,4.85,9076.67
1511,-0.71,0.41,-0.71,38.26,-100.56,60.49,-86.08,17.19,-27.15,430.52,-1.89,9083.33
1512,-1.01,0.56,-0.67,27.15,-112.01,71.6,-82.38,24.6,-24.6,241.22,10.22,10003.33
1513,-0.93,0.6,-0.52,34.56,-112.01,86.08,-67.89,23.45,-28.3,420.04,22.15,9503.33
1514,-0.56,0.15,0.26,0.41,-41.15,26.0,-11.52,11.52,-5.26,419.91,27.12,9510.0
1515,-0.23,-0.07,0.15,15.22,-29.71,51.93,-18.93,15.22,-11.52,602.82,13.41,8840.0
1516,-0.11,0.15,-0.26,33.41,-3.78,51.93,-22.63,26.33,-15.22,424.03,3.07,9350.0
1517,-0.15,0.08,-0.37,7.48,-33.41,51.93,-22.63,26.33,-15.22,424.03,-0.33,9353.33
1518,-0.3,0.56,-0.52,18.26,-18.93,40.49,-15.22,22.63,-8.96,241.12,8.19,10033.33
1519,-0.3,0.45,-0.26,0.08,-18.93,40.49,-7.82,15.22,-2.7,490.9,13.56,6940.0
1520,-0.26,0.52,-0.19,0.08,-18.93,18.26,6.67,14.08,-6.41,729.78,12.01,4221.67
1521,-0.15,0.11,0.04,-14.41,-33.41,-7.33,2.96,6.67,-8.96,919.08,5.08,3291.67
1522,0.37,-0.82,0.63,-41.15,-6.67,-78.19,19.74,-8.96,11.52,866.28,5.08,5166.67
1523,-0.37,-0.18,0.04,4.11,-29.71,-21.81,-51.11,4.11,-7.82,853.08,11.82,5625.0
1524,-0.45,0.15,-0.15,7.82,-4.11,-14.41,-65.6,5.26,-4.11,884.49,18.75,4458.33
1525,-0.48,0.19,-0.19,-18.11,-4.11,7.82,-65.6,-2.15,-7.82,687.28,22.01,5676.67
1526,0.26,-0.56,0.37,-37.45,18.93,-48.56,-12.93,-21.48,12.67,461.63,15.27,7926.67
1527,0.93,-1.26,0.97,-86.08,27.15,-89.78,24.6,-41.97,28.3,240.62,16.97,10023.33
1528,1.12,-1.08,0.64,-56.45,19.75,-112.01,24.6,-41.97,28.3,429.15,18.67,9138.33
1529,1.01,-0.71,0.45,-82.38,27.15,-86.08,20.89,-38.26,38.26,429.18,25.41,9148.33
1530,0.3,0.07,-0.18,-22.96,7.82,-26.67,-2.15,-18.93,18.93,429.45,30.63,9131.67
1531,0.3,0.07,-0.18,-22.96,7.82,-26.67,7.82,-7.82,15.22,240.95,30.63,10020.0
1532,0.41,-0.19,0.08,2.96,30.04,-30.37,15.22,-4.11,7.82,240.88,28.86,10023.33
1533,0.89,-1.19,0.9,-67.89,56.78,-79.0,35.71,-23.45,27.15,451.25,21.93,8318.33
1534,0.71,-1.38,1.23,-97.52,64.19,-56.78,32.0,-30.86,24.6,451.28,8.19,8318.33
1535,0.22,-0.52,0.37,-78.19,7.82,-26.33,5.26,-15.22,11.52,451.55,4.78,8305.0
1536,-0.15,0.08,-0.22,-21.81,-33.41,-3.29,-29.71,5.26,-4.11,241.12,-3.74,10006.67
1537,0.04,0.26,-0.56,7.82,-40.82,-25.52,-35.97,8.96,5.85,241.15,11.78,10000.0
1538,-0.04,0.19,-0.63,22.63,-40.82,4.11,-43.37,12.67,-0.41,241.08,4.85,9993.33
1539,0.3,0.0,-0.26,-22.3,7.82,-29.71,-2.15,-4.11,8.96,240.95,3.04,9996.67
1540,0.3,0.0,-0.26,-22.3,7.82,-29.71,4.11,-7.82,-1.0,240.92,-12.48,9996.67
1541,0.75,-0.52,0.41,-82.38,41.97,-86.08,28.3,-30.86,25.74,240.78,-0.37,10006.67
1542,0.11,-0.19,0.08,-48.56,-18.11,-41.15,-24.37,-11.52,5.26,240.88,8.41,10016.67
1543,-0.15,-0.04,0.26,-78.19,-3.3,-15.22,-24.37,-11.52,5.26,420.88,11.82,9468.33
1544,-0.04,-0.41,0.45,-52.26,-10.7,-41.15,-24.37,-11.52,5.26,420.88,11.82,9461.67
1545,0.3,-0.63,0.34,-37.45,0.74,-15.22,-12.93,-14.08,16.37,420.92,4.85,9458.33
1546,0.63,-0.7,0.41,-0.41,-14.07,-11.52,-16.63,-10.37,26.33,240.95,16.96,9996.67
1547,0.82,-0.44,0.19,-14.89,-21.48,-0.08,-14.07,-17.78,22.63,240.85,13.48,10013.33
1548,1.19,-0.89,0.97,-49.04,49.38,-60.15,23.45,-38.26,38.26,240.65,23.71,10006.67
1549,0.97,-1.19,1.08,-60.15,56.78,-89.78,30.86,-34.56,30.86,240.58,21.93,10003.33
1550,0.04,-0.71,0.82,10.7,41.15,-44.85,11.52,-7.82,14.08,425.92,25.41,9240.0
1551,-0.37,0.0,0.26,67.08,-11.52,-10.7,-15.22,22.63,-8.96,426.15,16.78,9246.67
1552,-0.86,0.97,-0.53,86.41,-38.26,41.97,-41.97,38.26,-22.04,426.42,13.37,9253.33
1553,0.04,0.45,-0.41,33.74,-22.63,-14.41,-15.22,22.63,-8.96,241.12,11.6,10000.0
1554,0.45,-0.37,0.08,-22.63,0.41,-70.78,11.52,-7.82,14.08,418.87,16.97,9538.33
1555,0.45,-0.37,0.08,-22.63,0.41,-70.78,-6.67,-14.08,15.22,418.77,8.45,9535.0
1556,-0.41,0.19,-0.15,-7.0,-44.85,-14.41,-63.04,-2.15,-7.82,418.9,3.48,9551.67
1557,-1.12,0.97,-0.75,12.34,-97.52,41.97,-112.01,20.89,-34.56,432.68,11.96,9010.0
1558,-0.48,0.26,-0.0,-7.0,-63.37,0.74,-70.78,7.82,-25.19,688.78,12.0,5721.67
1559,0.26,-0.41,0.67,-26.33,18.93,-33.41,-24.37,-5.26,-5.85,892.48,15.26,4250.0
1560,1.15,-0.93,1.04,-60.15,64.19,-78.34,22.04,-28.3,20.89,700.71,10.04,5246.67
1561,0.59,-0.37,0.59,-3.78,33.74,-33.41,-4.7,-16.37,7.82,444.68,23.71,8535.0
1562,0.34,-0.15,0.37,7.33,11.52,-26.0,-4.7,-18.93,18.93,240.92,27.19,9986.67
1563,0.15,-0.3,0.67,21.81,48.56,-15.22,1.56,-15.22,12.67,240.98,15.15,9996.67
1564,0.0,-0.22,0.3,-0.41,44.85,10.7,5.26,-7.82,15.22,241.02,9.97,10003.33
1565,-0.15,0.0,-0.26,22.63,-3.78,63.37,-29.71,5.26,-4.11,241.12,-3.74,10013.33
1566,0.07,0.19,-0.45,33.74,-40.82,70.78,-35.97,8.96,5.85,416.96,11.78,9631.67
1567,0.26,-0.14,-0.3,33.74,-55.3,70.78,-35.97,8.96,5.85,416.96,11.78,9621.67
1568,0.26,-0.14,-0.3,33.74,-55.3,70.78,-25.19,18.93,-1.56,599.98,11.78,8951.67
1569,-0.45,0.53,-0.97,41.97,-74.64,93.82,-49.37,41.97,-28.3,424.5,10.0,9323.33
1570,-0.19,0.34,-0.45,-18.11,-26.0,37.45,-32.59,25.19,-18.93,424.33,3.07,9333.33
1571,-0.19,0.34,-0.45,-18.11,-26.0,37.45,-28.89,14.08,-15.22,241.38,18.52,10006.67
1572,0.48,-0.37,0.11,-51.93,-6.67,-3.78,-2.15,-16.37,7.82,240.95,16.82,10023.33
1573,0.11,0.23,-0.48,-6.67,-40.82,22.96,-18.93,0.41,-1.56,241.12,23.75,10013.33
1574,0.52,-0.26,-0.07,-40.82,30.04,-37.11,1.56,-18.93,17.78,487.13,18.53,7048.33
1575,-0.22,0.37,-0.71,7.82,10.7,33.74,-35.97,1.56,2.15,487.33,8.3,7041.67
1576,0.19,-0.15,-0.18,-26.0,44.85,-7.48,-16.63,-25.19,18.93,487.03,10.0,7058.33
1577,-0.26,0.41,-0.52,4.44,-26.0,15.56,-40.82,5.26,-4.11,240.98,1.37,10026.67
1578,-0.19,0.48,-0.45,-10.37,-26.0,-14.07,-40.82,5.26,-4.11,240.98,1.37,10023.33
1579,-0.15,0.08,-0.22,-21.81,-33.41,-3.29,-43.37,12.67,-0.41,241.08,4.85,10026.67
1580,0.19,-0.11,0.15,-66.74,15.22,-37.11,-19.19,-10.37,26.33,240.95,3.26,10013.33
1581,0.78,-0.71,0.78,-112.01,49.37,-60.15,25.74,-27.15,34.56,489.52,1.44,6968.33
1582,0.45,-0.19,0.11,-51.93,8.15,-0.08,8.96,-7.82,14.08,489.72,-3.74,6955.0
1583,0.52,-0.63,0.37,-37.45,0.74,-11.52,8.96,-15.22,10.37,489.62,6.49,6965.0
1584,-0.23,-0.18,0.07,15.22,-59.34,29.71,-21.48,0.41,-1.56,241.12,23.75,10006.67
1585,-0.49,0.07,0.33,7.82,-70.78,18.26,-28.89,4.11,-7.82,241.05,16.82,10020.0
1586,-0.49,0.18,0.4,7.82,-41.15,40.49,-28.89,4.11,-7.82,241.05,16.82,10016.67
1587,-0.56,0.15,0.26,0.41,-41.15,26.0,-54.82,7.82,-15.22,240.95,8.34,10030.0
1588,-0.34,0.15,0.22,30.04,-11.52,11.52,-51.11,-3.29,-11.52,240.98,22.19,10023.33
1589,-0.45,0.41,-0.04,4.11,-33.74,15.22,-48.56,4.11,-7.82,241.08,25.67,10030.0
1590,0.19,0.07,0.3,-29.71,26.33,-29.71,0.41,-18.93,18.93,240.92,28.93,10026.67
1591,0.19,0.07,0.3,-29.71,26.33,-29.71,4.11,-11.52,21.48,240.95,22.01,10013.33
1592,0.3,-0.19,0.56,-3.78,48.56,-33.41,11.52,-7.82,14.08,240.88,20.23,10016.67
1593,0.52,-0.41,0.45,14.41,33.74,-44.85,15.22,-4.11,7.82,240.95,8.19,10020.0
1594,0.93,-1.12,1.01,-41.97,86.41,-79.0,41.97,-19.75,20.89,240.68,11.6,10033.33
1595,0.22,-0.45,0.34,-22.63,4.11,-44.85,7.82,-0.41,1.56,413.48,15.11,9770.0
1596,0.07,-0.67,0.71,-26.33,11.52,-44.85,7.82,-0.41,1.56,413.48,15.11,9766.67
1597,-0.34,-0.15,-0.0,4.11,-59.34,-21.81,-18.93,15.22,-11.52,413.75,11.71,9773.33
1598,0.56,-0.67,0.37,-29.71,-14.07,-66.74,5.26,-7.82,15.22,241.02,9.97,10033.33
1599,0.41,-0.44,0.45,-44.19,-21.48,-66.74,1.56,-0.41,25.19,492.21,23.64,6898.33
1600,0.8,-0.84,1.1,-74.64,27.15,-89.78,32.0,-16.04,38.26,744.3,14.97,3651.67
1601,0.06,-0.2,0.46,-26.0,7.82,-18.93,15.22,3.29,17.78,919.09,11.49,3308.33
1602,0.13,0.02,0.13,-26.0,22.63,-7.48,15.22,2.15,6.67,667.79,13.34,6426.67
1603,0.19,-0.11,0.19,-26.0,44.85,-7.48,1.56,1.0,2.97,619.26,23.71,8201.67
1604,0.52,-0.67,0.89,-49.04,79.0,-60.15,28.3,-14.63,16.04,650.49,11.67,6993.33
1605,-0.04,-0.3,0.7,-7.82,18.93,-0.74,-9.22,-4.11,7.82,848.83,9.89,5750.0
1606,-0.63,0.48,-0.23,26.33,-37.45,59.34,-55.63,8.96,-11.52,859.03,9.89,5375.0
1607,-0.82,0.78,-0.71,45.67,-86.08,74.97,-112.01,20.89,-34.56,653.09,18.67,6923.33
1608,-0.71,1.01,-1.12,63.86,-60.15,74.97,-97.52,19.75,-38.26,455.05,22.19,8186.67
1609,0.04,0.37,-0.48,15.22,-40.82,4.11,-44.85,0.41,-17.78,442.62,27.41,8645.0
1610,0.67,0.04,0.04,-4.11,-7.0,-11.52,11.52,-11.52,5.26,442.48,32.37,8648.33
1611,1.3,-0.63,0.74,-74.97,27.15,-52.75,41.97,-27.15,17.19,690.98,15.11,5593.33
1612,0.56,0.0,0.11,-26.34,7.82,18.11,-10.7,-7.82,-3.29,489.52,6.63,6981.67
1613,0.15,0.04,0.07,-63.37,22.63,18.11,-20.67,-8.96,-7.0,716.38,-7.11,4680.0
1614,-0.03,0.11,-0.04,-51.93,22.63,-0.08,-28.07,-5.26,4.11,467.71,8.41,7735.0
1615,0.45,-0.34,0.56,-100.56,56.78,-70.93,28.3,-17.19,27.15,641.4,1.44,7430.0
1616,0.11,0.37,-0.15,-29.71,22.63,-29.71,11.52,-0.41,17.78,621.74,10.22,8138.33
1617,0.15,-0.04,0.08,-41.15,15.22,-18.93,8.96,-7.82,14.08,832.27,5.04,6416.67
1618,0.45,-0.19,0.22,-15.56,0.41,-0.74,5.26,-15.22,11.52,658.48,3.23,6705.0
1619,1.12,-1.0,0.71,-56.78,19.75,-71.6,24.6,-34.56,32.0,451.35,9.97,8281.67
1620,0.63,0.0,-0.11,14.07,-7.0,-22.96,-10.37,-14.08,16.37,428.18,8.41,9156.67
1621,0.41,-0.3,0.0,2.96,0.41,-52.59,-16.63,-7.82,15.22,428.08,23.93,9156.67
1622,0.26,-0.52,0.37,-0.74,7.82,-52.59,-16.63,-15.22,11.52,427.98,20.45,9156.67
1623,1.0,-1.3,0.9,-41.97,38.26,-112.01,24.6,-28.3,30.86,484.33,28.93,7115.0
1624,0.63,-0.74,0.19,-7.82,-2.96,-29.71,7.82,-11.52,21.48,484.66,23.75,7118.33
1625,0.63,-0.74,0.19,-7.82,-2.96,-29.71,7.82,-11.52,21.48,662.65,20.49,6666.67
1626,0.07,-0.37,-0.15,33.41,-47.89,18.93,-33.41,1.56,2.15,595.78,3.23,9125.0
1627,-0.04,0.04,-0.22,18.6,-33.41,-10.7,-63.04,-2.15,-7.82,595.65,1.67,9128.33
1628,0.11,0.26,-0.59,22.3,-40.82,-10.7,-63.04,-2.15,-7.82,417.66,4.93,9596.67
1629,0.45,-0.26,0.15,-22.63,30.04,-48.56,-28.07,-22.63,7.82,240.72,16.97,10026.67
1630,0.22,-0.45,0.34,-22.63,4.11,-44.85,1.56,-18.93,17.78,240.85,18.53,10020.0
1631,-0.15,-0.34,0.56,-15.22,18.93,-15.22,1.56,-18.93,17.78,240.85,18.53,10013.33
1632,-0.18,-0.3,0.22,29.78,-33.74,44.85,-18.93,0.41,-1.56,498.42,18.64,6666.67
1633,0.19,-0.45,0.15,55.37,-22.3,48.56,-26.33,4.11,-7.82,498.35,11.71,6663.33
1634,0.03,-0.22,-0.41,78.41,-70.93,101.23,-75.3,27.15,-34.56,701.1,1.48,5243.33
1635,-0.04,0.0,-0.33,7.48,-40.49,44.85,-48.56,11.52,-21.48,443.6,-10.67,8586.67
1636,-0.34,0.19,-0.11,-10.7,-51.93,55.63,-70.78,4.11,-25.19,443.53,-5.3,8596.67
1637,-0.3,0.26,-0.08,0.08,-51.93,33.41,-48.56,11.52,-21.48,457.15,-7.11,8096.67
1638,-0.75,0.78,-0.75,60.15,-86.08,89.78,-89.78,28.3,-30.86,457.48,4.93,8100.0
1639,-0.0,0.19,-0.67,18.93,-40.82,18.93,-33.41,16.37,-7.82,686.59,9.89,5721.67
1640,-0.15,0.52,-0.78,-6.67,-26.33,11.52,-29.71,5.26,-4.11,470.49,27.15,7631.67
1641,0.34,0.07,-0.18,-55.3,7.82,-59.34,15.22,-4.11,7.82,470.12,28.86,7628.33
1642,-0.3,0.89,-0.67,4.11,-11.52,11.52,-11.52,11.52,-5.26,241.15,25.45,10010.0
1643,-0.37,0.82,-0.74,18.93,-11.52,41.15,-37.45,15.22,-12.67,241.05,16.97,10030.0
1644,-0.18,0.6,-0.85,18.93,-26.33,29.71,-37.45,15.22,-12.67,470.29,16.97,7645.0
1645,0.12,-0.11,-0.15,-14.89,7.82,-11.52,-10.7,-0.41,0.41,470.02,20.38,7635.0
1646,0.45,-0.67,0.56,-37.93,41.97,-64.19,38.26,-23.45,27.15,469.86,23.64,7625.0
1647,0.56,-0.6,0.82,-12.34,41.97,-34.56,38.26,-23.45,27.15,240.62,23.64,10000.0
1648,0.15,-0.11,0.52,-4.11,4.11,6.67,7.82,-4.11,7.82,480.72,23.64,7253.33
1649,-0.26,0.37,0.22,11.52,-55.96,47.89,-15.22,15.22,-11.52,480.98,28.86,7243.33
1650,-1.01,1.11,-0.53,45.34,-75.3,89.12,-41.97,30.86,-24.6,481.25,25.45,7256.67
1651,-0.19,0.56,-0.3,11.52,-52.26,29.71,-11.52,11.52,-5.26,241.15,25.45,10000.0
1652,0.45,-0.15,0.22,-15.22,30.04,-18.93,11.52,-0.41,17.78,240.98,23.71,10016.67
1653,0.22,-0.45,0.52,-40.82,33.74,-33.41,-18.11,-4.11,7.82,466.4,28.89,7753.33
1654,0.19,-0.48,0.37,-22.63,33.74,-44.85,-25.52,-7.82,15.22,674.73,28.89,6135.0
1655,-0.03,-0.26,0.15,-11.52,11.52,-37.45,-25.52,-7.82,15.22,861.02,13.37,5333.33
1656,0.15,-0.11,-0.15,3.29,7.82,-11.52,-3.29,-0.41,18.93,829.24,9.89,6500.0
1657,-0.63,0.48,-0.23,26.33,-37.45,59.34,-26.33,11.52,-4.11,799.9,9.89,7625.0
1658,-0.26,0.37,-0.45,18.93,-52.26,29.71,-28.89,4.11,-7.82,613.51,21.93,8420.0
1659,-0.26,0.37,-0.45,18.93,-52.26,29.71,-39.67,-5.85,-0.41,419.77,11.71,9510.0
1660,0.52,-0.22,-0.37,-4.11,-7.0,-41.15,-19.19,-15.22,11.52,240.72,13.48,10010.0
1661,-0.04,0.37,-0.48,48.56,-22.63,15.22,-39.67,4.11,-7.82,240.98,16.96,10003.33
1662,0.74,-0.22,0.26,25.52,-3.29,-37.45,1.56,-12.67,1.56,240.85,15.15,10006.67
1663,0.78,-0.19,0.41,7.33,-3.29,-26.0,11.52,-11.52,5.26,240.92,13.37,10013.33
1664,0.71,-0.04,0.11,-29.71,-7.0,-29.71,-14.41,-7.82,-2.15,240.82,6.63,10026.67
1665,0.07,0.48,-0.26,15.56,-22.63,-2.96,-44.85,18.93,-18.93,240.98,10.04,10020.0
1666,0.07,0.48,-0.26,15.56,-22.63,-2.96,-52.26,15.22,-11.52,241.05,11.82,10016.67
1667,-0.19,0.26,0.03,52.59,-18.93,0.74,-30.04,22.63,-7.82,445.87,18.56,8506.67
1668,0.11,-0.19,0.33,-29.71,11.52,-29.71,4.11,3.29,11.52,445.67,28.89,8496.67
1669,0.15,-0.15,0.44,-4.11,11.52,-11.52,7.82,-0.41,1.56,445.63,13.37,8503.33
1670,0.86,-0.86,0.89,-86.41,34.56,-45.67,34.56,-23.45,28.3,240.75,13.37,10010.0
1671,0.89,-0.78,0.82,-74.97,34.56,-60.15,27.15,-24.6,24.6,240.68,15.15,10010.0
1672,0.04,-0.26,0.48,-59.34,-10.7,-18.93,-3.29,2.15,7.82,240.85,18.56,10006.67
1673,-0.56,0.52,0.07,-6.67,-63.37,29.71,-52.26,17.78,-22.63,240.92,11.82,10003.33
1674,-0.56,0.52,0.22,18.93,-63.37,29.71,-48.56,7.82,-15.22,475.02,-1.89,7468.33
1675,0.07,-0.19,0.74,-7.82,18.93,-18.93,-21.81,-22.63,7.82,474.78,6.74,7458.33
1676,0.63,-0.56,0.93,-49.04,79.0,-78.34,34.56,-34.56,30.86,474.65,11.71,7465.0
1677,0.86,-0.78,0.67,-56.45,64.19,-89.78,28.3,-24.6,23.45,240.55,25.41,10006.67
1678,0.52,-0.26,-0.07,-11.52,-6.67,-51.93,1.56,5.85,0.41,240.78,16.78,10016.67
1679,0.37,-0.37,0.04,14.07,-6.67,-33.74,-2.15,-1.56,-2.15,240.82,3.04,10020.0
1680,-0.26,0.37,-0.37,29.71,-26.0,18.93,-22.63,7.82,-14.08,241.12,4.78,10026.67
1681,-0.3,0.3,-0.41,18.93,-26.0,41.15,-22.63,7.82,-14.08,241.12,4.78,10016.67
1682,-0.6,0.97,-1.12,34.56,-60.15,82.38,-53.08,34.56,-30.86,469.13,13.56,7670.0
1683,-0.52,0.82,-0.82,71.6,-56.45,86.08,-49.37,41.97,-28.3,469.17,6.63,7670.0
1684,-0.0,0.48,-0.48,41.15,-22.63,3.78,-15.22,22.63,-8.96,468.97,16.97,7686.67
1685,0.04,0.45,-0.41,33.74,-22.63,-14.41,-7.82,18.93,-2.7,241.18,18.53,10020.0
1686,-0.26,0.41,-0.52,-3.29,-52.26,-14.41,-26.0,12.67,-1.56,241.08,10.0,10013.33
1687,-1.15,0.93,-0.64,27.15,-67.89,41.97,-60.15,22.04,-20.89,493.57,-0.33,6833.33
1688,-1.01,0.6,-0.52,52.75,-82.38,49.37,-63.86,14.63,-23.45,493.54,6.59,6833.33
1689,-0.11,0.08,-0.15,18.93,-37.11,4.44,-26.33,-5.85,-7.82,493.34,16.82,6846.67
1690,0.78,-0.44,-0.03,-11.52,-21.48,-51.93,7.82,-15.22,11.52,240.85,27.15,10016.67
1691,1.15,-0.97,0.6,-56.45,49.38,-89.78,34.56,-30.86,24.6,465.12,21.93,7808.33
1692,1.19,-0.93,0.71,-30.86,49.38,-71.6,32.0,-30.86,24.6,465.12,21.93,7788.33
1693,1.26,-0.86,0.97,-23.45,49.38,-41.97,28.3,-38.26,22.04,465.15,8.19,7788.33
1694,1.23,-0.86,1.08,-23.45,49.38,-41.97,28.3,-38.26,22.04,240.68,-3.85,9990.0
1695,1.0,-1.15,1.19,-34.56,56.78,-71.6,34.56,-34.56,15.78,240.75,-15.89,10006.67
1696,0.97,-1.19,1.08,-60.15,56.78,-89.78,28.3,-30.86,25.74,240.78,-0.37,10013.33
1697,0.97,-1.3,1.01,-60.15,27.15,-112.01,32.0,-23.45,28.3,240.75,13.37,10020.0
1698,0.97,-1.3,1.01,-60.15,27.15,-112.01,25.74,-17.19,27.15,240.65,28.89,10016.67
1699,0.44,-0.93,0.56,-0.74,-6.67,-63.37,-20.67,-1.56,-3.29,240.72,22.15,10010.0
1700,0.22,-0.59,0.41,10.37,0.74,-33.74,-20.67,-1.56,-3.29,446.79,8.41,8468.33
1701,0.41,-0.33,0.19,-4.11,-6.67,-22.3,-20.67,-11.52,4.11,446.82,4.93,8458.33
1702,0.64,-0.6,0.67,-74.97,41.97,-56.45,28.3,-34.56,30.86,646.07,-0.44,7163.33
1703,1.08,-0.63,0.49,-82.38,27.15,-56.45,20.89,-35.71,27.15,655.18,15.08,6830.0
1704,0.48,-0.08,0.22,-11.52,11.52,-11.52,4.11,-8.96,10.37,655.48,13.37,6840.0
1705,0.13,0.16,-0.32,55.93,-11.52,48.56,-11.52,17.78,-6.41,709.85,27.04,4865.0
1706,-0.62,0.79,-0.58,78.97,-30.86,89.78,-30.86,30.86,-15.78,744.65,20.3,3656.67
1707,0.02,0.27,-0.21,33.71,-15.22,63.04,-7.82,7.82,-5.26,744.42,9.97,3653.33
1708,0.37,0.04,0.33,-33.74,7.82,2.96,5.26,-11.52,15.22,490.73,8.41,6923.33
1709,1.12,-0.6,0.82,-49.38,27.15,-38.26,32.0,-23.45,28.3,240.75,13.37,10006.67
1710,0.67,-0.56,0.78,-49.38,41.97,-38.26,25.74,-19.75,38.26,240.78,28.89,9996.67
1711,0.41,-0.37,0.26,10.7,-6.67,18.11,1.56,3.29,11.52,423.9,15.19,9326.67
1712,0.15,-0.63,0.34,-26.34,0.74,10.7,-8.41,-0.41,18.93,423.97,16.96,9320.0
1713,0.33,-0.93,0.45,-63.37,-6.67,3.3,-2.15,-4.11,8.96,423.93,1.44,9323.33
1714,0.67,-1.45,1.12,-123.45,34.56,-56.78,28.3,-30.86,25.74,240.78,-0.37,10003.33
1715,0.89,-1.23,0.93,-112.01,27.15,-67.56,30.86,-38.26,22.04,240.68,-3.85,10023.33
1716,0.93,-1.15,1.04,-86.08,56.78,-67.56,27.15,-34.56,32.0,240.58,-2.04,10043.33
1717,0.97,-1.08,1.15,-60.15,86.41,-67.56,30.86,-27.15,34.56,240.55,11.71,10043.33
1718,0.93,-1.12,1.01,-41.97,86.41,-79.0,38.26,-16.04,30.86,240.58,13.41,10026.67
1719,0.93,-1.12,1.01,-41.97,86.41,-79.0,35.71,-23.45,27.15,240.62,23.64,10013.33
1720,1.12,-0.97,0.71,-56.45,49.38,-89.78,25.74,-24.6,23.45,422.75,27.15,9375.0
1721,0.45,-0.15,0.22,-15.22,30.04,-18.93,-19.19,-15.22,11.52,422.91,15.22,9378.33
1722,0.6,-0.04,-0.22,-11.52,-7.0,-41.15,-19.19,-15.22,11.52,422.91,15.22,9378.33
1723,-0.0,0.52,-0.48,59.34,-22.63,3.78,-54.15,-4.7,3.29,240.95,-0.22,10013.33
1724,0.67,-0.3,0.0,18.11,-3.29,-67.08,-19.19,-25.19,18.93,429.28,11.71,9138.33
1725,0.45,-0.08,0.11,-0.08,11.52,-55.63,-19.19,-25.19,18.93,429.28,11.71,9135.0
1726,0.15,-0.11,0.0,-0.08,-18.11,-55.63,-19.19,-25.19,18.93,661.95,27.15,6625.0
1727,-0.07,0.11,0.11,-18.26,-3.3,-44.19,-19.19,-15.22,11.52,473.38,28.93,7506.67
1728,-0.52,0.67,-0.48,22.96,-37.45,15.22,-43.37,15.22,-11.52,701.46,25.67,5173.33
1729,-0.22,0.52,-0.52,-2.96,-26.0,4.11,-43.37,15.22,-11.52,468.8,10.22,7666.67
1730,-0.71,0.97,-1.12,45.67,-60.15,74.97,-78.34,25.74,-19.75,469.23,6.74,7673.33
1731,0.04,0.26,-0.37,30.04,-40.82,33.74,-54.15,-4.7,3.29,241.15,10.0,10000.0
1732,0.04,0.45,-0.23,55.96,-22.63,44.85,-65.6,-2.15,-7.82,241.12,16.97,10006.67
1733,0.07,0.48,0.03,48.56,-22.63,33.41,-47.41,0.41,-8.96,490.73,13.71,6910.0
1734,-0.33,0.52,-0.0,11.52,-7.82,33.41,-47.41,10.37,-16.37,717.63,1.67,4625.0
1735,-0.41,0.67,-0.3,-25.52,-11.52,29.71,-25.19,17.78,-12.67,717.69,-3.7,4631.67
1736,0.26,-0.04,-0.07,-48.56,7.82,-41.15,-8.41,2.15,7.82,467.78,3.04,7721.67
1737,0.37,0.07,-0.18,-37.11,7.82,-59.34,1.56,3.29,11.52,414.74,4.85,9721.67
1738,0.97,-0.67,0.23,-70.93,27.15,-112.01,35.71,-16.04,30.86,643.78,15.19,7340.0
1739,0.48,-0.26,-0.07,-29.71,-6.67,-51.93,0.74,-2.97,11.52,643.88,1.48,7346.67
1740,0.15,-0.07,-0.44,15.22,-55.3,-18.11,-44.19,6.41,-0.41,470.22,1.48,7638.33
1741,-0.52,0.6,-0.93,63.86,-74.64,64.19,-89.12,15.78,-12.34,241.15,-10.45,10020.0
1742,-0.6,0.78,-0.75,75.3,-56.45,60.49,-89.12,15.78,-12.34,241.15,-10.45,10010.0
1743,-0.71,1.19,-0.97,89.78,-41.97,86.08,-70.93,22.04,-13.49,241.25,-1.93,10016.67
1744,-0.78,1.11,-0.56,82.38,-67.89,74.64,-60.15,32.0,-20.89,241.28,-0.33,10003.33
1745,-1.01,1.11,-0.53,52.75,-97.52,89.12,-45.67,30.86,-24.6,241.35,15.11,10000.0
1746,-0.97,1.04,-0.45,27.15,-97.52,70.93,-49.37,23.45,-27.15,241.32,22.04,10000.0
1747,-0.86,1.26,-0.86,45.34,-71.6,70.93,-45.67,12.34,-23.45,241.35,35.89,10020.0
1748,-0.86,1.26,-0.86,45.34,-71.6,70.93,-45.67,12.34,-23.45,241.35,35.89,10020.0
1749,-0.15,0.59,-0.19,37.11,-52.26,47.89,-15.22,4.11,-7.82,241.12,32.37,10013.33
1750,-0.15,0.59,-0.19,37.11,-52.26,47.89,-18.93,15.22,-11.52,241.08,18.52,10010.0
1751,0.48,-0.11,0.33,10.37,30.04,-0.74,1.56,3.29,11.52,240.92,16.78,10010.0
1752,-0.37,0.41,-0.0,26.0,-15.22,40.49,-25.19,18.93,-1.56,241.18,13.37,10020.0
1753,-0.07,-0.3,0.7,-7.82,18.93,-0.74,-1.0,-1.56,14.08,240.92,25.49,10020.0
1754,-0.78,0.37,0.03,11.52,-63.37,33.41,-25.19,21.48,-12.67,241.05,13.37,10030.0
1755,-0.22,-0.0,0.22,-29.71,-3.3,-26.0,-8.41,4.7,-3.29,240.72,18.56,10026.67
1756,-0.71,0.44,-0.22,-21.48,-63.37,0.74,-54.82,17.78,-22.63,432.51,20.3,9016.67
1757,0.22,-0.04,0.26,-29.71,-18.11,-26.0,-20.67,-1.56,-3.29,432.31,30.63,9016.67
1758,0.45,-0.22,0.48,-15.22,-18.11,-26.0,-14.41,-4.11,-2.15,688.65,16.96,5718.33
1759,1.01,-0.78,1.15,-49.04,27.15,-82.38,34.56,-16.04,28.3,748.15,13.37,3593.33
1760,0.08,-0.3,0.67,-40.82,-18.11,-55.63,7.82,-0.41,15.22,748.41,9.97,3580.0
1761,-0.56,0.41,-0.08,-21.48,-52.26,-14.41,-44.85,15.22,-5.26,492.28,16.9,6881.67
1762,-0.26,0.41,-0.52,-3.29,-52.26,-14.41,-47.41,11.52,-5.26,241.12,18.75,10013.33
1763,-0.11,0.52,-0.78,11.52,-26.33,11.52,-65.6,5.26,-4.11,241.02,10.22,10023.33
1764,-0.04,0.19,-0.63,22.63,-40.82,4.11,-39.67,1.56,3.29,430.46,4.85,9096.67
1765,-0.6,0.6,-0.89,49.37,-74.64,49.38,-56.45,20.89,-17.19,430.66,-0.33,9096.67
1766,-0.41,0.27,-0.74,49.37,-89.12,49.38,-56.45,20.89,-17.19,430.66,-0.33,9100.0
1767,-0.52,0.56,-0.71,45.67,-74.64,74.97,-52.75,24.6,-14.63,491.06,5.04,6933.33
1768,-0.33,0.26,-0.22,26.33,-26.0,59.34,-26.0,8.96,-1.56,696.87,-5.3,5385.0
1769,0.04,-0.19,0.56,-7.82,44.85,-0.74,8.96,-11.52,14.08,696.67,4.93,5378.33
1770,0.04,-0.08,0.3,10.37,44.85,-0.74,1.56,-4.11,7.82,446.89,-0.44,8471.67
1771,0.22,-0.37,0.41,-26.67,37.45,-8.15,-8.41,-7.82,15.22,240.88,15.08,10006.67
1772,-0.11,0.15,-0.33,18.26,-33.41,29.71,-32.59,22.63,-7.82,241.12,6.44,10010.0
1773,0.52,-0.67,0.15,-41.15,-14.07,-41.15,1.56,3.29,11.52,470.16,16.78,7625.0
1774,0.09,-0.1,-0.54,26.3,-29.71,22.63,-11.52,22.63,-8.96,723.85,18.34,4365.0
1775,0.61,-0.47,-0.09,-33.11,4.11,-26.0,15.22,-7.82,14.08,723.61,26.97,4371.67
1776,0.72,-0.4,0.17,-7.52,4.11,3.63,7.82,-18.93,17.78,494.34,25.27,6746.67
1777,1.19,-1.0,0.89,-49.04,19.75,-82.38,27.15,-41.97,28.3,240.62,8.19,10023.33
1778,0.3,-0.48,0.52,-15.22,-25.52,-37.45,-10.37,-21.48,12.67,240.82,-2.04,10003.33
1779,-0.41,0.19,-0.15,-7.0,-44.85,-14.41,-47.89,-1.0,-2.97,241.02,-12.26,10000.0
1780,-0.75,0.82,-0.82,37.93,-86.08,45.67,-89.12,15.78,-12.34,241.15,-10.45,9996.67
1781,-0.38,0.67,-0.89,63.53,-74.64,49.37,-89.12,15.78,-12.34,241.15,-10.45,10016.67
1782,-0.0,0.08,-0.3,18.26,-40.49,22.63,-51.6,2.7,7.0,241.05,3.26,10030.0
1783,-0.0,0.08,-0.3,18.26,-40.49,22.63,-63.04,5.26,-4.11,241.02,10.22,10020.0
1784,0.56,-0.26,0.26,-15.56,-6.67,-7.82,-18.11,-4.11,7.82,240.85,22.15,10016.67
1785,0.67,-0.63,0.45,10.37,-14.07,-33.74,-18.11,-11.52,4.11,418.73,15.41,9548.33
1786,0.59,-0.45,0.63,21.81,4.11,-37.45,11.52,-7.82,14.08,418.87,16.97,9558.33
1787,0.37,-0.74,0.74,10.7,11.52,-67.08,7.82,-15.22,11.52,418.9,3.23,9558.33
1788,-0.26,0.07,0.29,30.04,-18.93,3.78,-15.22,15.22,-11.52,481.05,8.19,7266.67
1789,-0.37,0.3,-0.08,18.6,-22.63,18.26,-22.63,18.93,-17.78,480.98,1.26,7270.0
1790,-0.78,1.11,-0.56,74.97,-45.67,74.64,-75.3,38.26,-38.26,481.08,10.04,7253.33
1791,-0.04,0.67,-0.26,29.71,-7.82,33.41,-44.85,11.52,-22.63,489.72,-3.7,6961.67
1792,0.41,0.07,0.48,-4.11,26.33,-26.0,-14.41,-18.93,0.41,723.55,-5.3,4410.0
1793,0.75,-0.3,0.71,-74.97,56.78,-70.93,41.97,-30.86,23.45,897.24,-12.26,4125.0
1794,0.82,-0.41,0.63,-63.53,41.97,-89.12,32.0,-24.6,23.45,830.64,5.0,6541.67
1795,0.82,-0.41,0.49,-89.12,41.97,-89.12,28.3,-24.6,23.45,596.57,15.22,9093.33
1796,0.52,-0.3,0.04,-40.49,-6.67,-18.26,1.56,-8.96,10.37,423.01,23.75,9378.33
1797,0.56,-0.26,0.15,-14.89,-6.67,-0.08,4.11,-18.93,17.78,240.85,23.75,10010.0
1798,0.78,-0.48,0.04,3.29,-21.48,-11.52,11.52,-7.82,14.08,240.88,25.45,10003.33
1799,0.78,-0.48,0.04,3.29,-21.48,-11.52,-6.67,-14.08,15.22,240.78,16.93,10006.67
1800,0.52,-0.74,0.12,-33.74,-14.07,-18.93,-9.22,-6.67,18.93,240.88,15.19,9993.33
1801,-0.19,-0.07,-0.37,-3.3,-33.41,63.37,-35.97,8.96,5.85,241.15,11.78,9993.33
1802,0.19,-0.63,0.34,-37.45,7.82,-18.93,5.26,-7.82,15.22,241.02,9.97,10000.0
1803,-0.19,-0.03,-0.26,18.93,-33.41,4.11,-11.52,11.52,-5.26,241.22,4.78,10003.33
1804,-0.19,-0.03,-0.26,18.93,-33.41,4.11,-11.52,11.52,-5.26,241.22,4.78,10003.33
1805,-0.71,1.01,-1.12,63.86,-60.15,74.97,-41.97,38.26,-22.04,241.38,8.19,10010.0
1806,-0.3,0.37,-0.48,33.41,-18.93,29.71,-22.63,11.52,-5.26,241.08,9.89,10006.67
1807,-0.15,0.11,-0.26,29.71,-33.41,-7.33,-52.26,7.82,-15.22,411.58,2.96,9836.67
1808,-0.11,0.04,-0.19,4.11,-33.41,-25.52,-74.48,0.41,-18.93,411.51,8.34,9830.0
1809,-0.19,0.48,-0.45,-10.37,-26.0,-14.07,-77.04,7.82,-15.22,411.61,-1.89,9833.33
1810,0.0,0.18,0.04,-29.71,22.63,-29.71,-20.67,-4.11,7.82,446.92,-5.3,8458.33
1811,0.49,-0.67,0.89,-49.04,79.0,-60.15,25.74,-27.15,34.56,446.76,-2.04,8458.33
1812,0.71,-0.89,0.78,-30.86,64.19,-71.6,25.74,-34.56,30.86,446.66,8.19,8465.0
1813,0.45,-0.26,0.15,-22.63,30.04,-48.56,-8.41,-15.22,11.52,240.98,21.93,10003.33
1814,0.45,-0.37,0.08,-22.63,0.41,-70.78,-5.85,-15.22,11.52,418.97,18.67,9541.67
1815,0.3,-0.59,0.45,-26.33,7.82,-70.78,4.11,-4.11,7.82,419.0,20.38,9538.33
1816,0.37,-0.93,0.6,-15.22,-6.67,-78.19,7.82,-15.22,11.52,418.83,23.89,9538.33
1817,-0.0,-0.37,-0.11,18.93,-47.89,4.11,-18.93,15.22,-11.52,241.08,18.52,10010.0
1818,-0.64,0.45,-0.56,45.67,-100.56,74.97,-49.37,23.45,-27.15,420.07,18.52,9510.0
1819,-0.75,0.86,-0.78,60.15,-86.08,100.56,-75.3,27.15,-34.56,419.97,10.04,9513.33
1820,-0.93,1.19,-0.93,60.15,-71.6,100.56,-86.08,17.19,-27.15,419.94,8.45,9506.67
1821,-0.78,1.34,-1.27,52.75,-45.67,82.38,-89.78,28.3,-30.86,241.35,8.45,10003.33
1822,-0.07,0.56,-0.63,-6.67,-26.33,22.96,-43.37,5.26,-4.11,241.18,11.71,10000.0
1823,-0.0,0.63,-0.56,-21.48,-26.33,-6.67,-32.59,15.22,-11.52,241.22,13.3,10006.67
1824,0.52,-0.22,0.3,-40.82,30.04,-37.11,-8.41,-5.26,4.11,444.65,11.6,8551.67
1825,-0.15,0.48,-0.26,-7.0,10.7,4.11,-54.82,17.78,-22.63,444.81,8.34,8558.33
1826,0.33,-0.48,0.52,-26.33,37.45,-48.56,-24.37,-8.96,-5.85,444.65,13.71,8545.0
1827,0.26,-0.45,0.19,18.67,-15.22,11.52,-44.85,0.41,-17.78,498.35,13.82,6670.0
1828,0.22,-0.37,0.11,44.26,-15.22,29.71,-44.85,0.41,-17.78,498.35,13.82,6673.33
1829,-0.52,0.37,-0.37,100.64,-38.26,86.08,-75.3,27.15,-34.56,703.27,20.56,5173.33
1830,-0.33,0.45,-0.48,59.34,-22.63,3.78,-52.26,15.22,-11.52,445.8,23.93,8500.0
1831,0.11,-0.15,0.11,-0.08,11.52,-55.63,-3.29,2.15,7.82,638.48,16.96,7451.67
1832,1.01,-0.67,0.23,-52.75,27.15,-112.01,30.86,-17.19,27.15,433.53,15.19,8965.0
1833,0.67,-0.56,0.45,-82.38,41.97,-82.38,28.3,-14.63,16.04,660.33,-0.33,6680.0
1834,0.11,-0.19,0.26,-41.15,-18.11,-22.96,1.56,5.85,0.41,467.71,1.26,7728.33
1835,-0.41,0.15,-0.08,-10.7,-51.93,59.34,-43.37,15.22,-11.52,467.88,-10.67,7718.33
1836,-0.93,0.6,-0.52,34.56,-112.01,86.08,-67.56,35.71,-27.15,241.22,-7.26,10010.0
1837,-0.86,0.67,-0.93,41.97,-86.08,97.52,-67.56,35.71,-27.15,241.22,-7.26,10003.33
1838,-0.3,0.37,-0.45,-6.67,-52.26,26.67,-26.33,18.93,-17.78,241.08,-9.08,10000.0
1839,-0.3,0.37,-0.45,-6.67,-52.26,26.67,-37.11,8.96,-10.37,241.05,-10.67,9993.33
1840,0.22,-0.37,0.15,4.19,-48.56,26.67,-33.41,-2.15,-6.67,498.38,-1.93,6660.0
1841,-0.52,0.26,-0.48,52.82,-67.89,97.52,-86.08,17.19,-27.15,498.48,6.85,6673.33
1842,0.19,-0.52,0.11,33.48,-15.22,41.15,-44.85,0.41,-17.78,498.35,5.04,6683.33
1843,-0.33,0.23,-0.48,22.63,-18.93,41.15,-44.85,0.41,-17.78,241.05,10.15,10020.0
1844,-0.11,-0.03,-0.3,33.41,-33.41,18.93,-15.22,4.11,-7.82,241.18,11.71,10016.67
1845,-0.11,0.08,-0.22,33.41,-3.78,41.15,-18.93,7.82,2.15,241.22,27.23,10023.33
1846,0.44,-0.82,0.63,-0.74,22.96,-41.15,4.11,-11.52,21.48,240.95,22.01,10013.33
1847,0.44,-0.82,0.63,-0.74,22.96,-41.15,-25.52,-15.22,11.52,240.82,20.45,10000.0
1848,0.33,-0.56,0.37,-26.67,0.74,-37.45,-25.52,-22.63,7.82,240.72,16.97,9996.67
1849,-0.3,0.26,-0.08,0.08,-51.93,33.41,-52.26,7.82,-15.22,240.95,8.34,9996.67
1850,-0.3,0.26,-0.08,0.08,-51.93,33.41,-30.04,15.22,-11.52,241.02,2.96,9993.33
1851,-0.19,-0.11,0.11,26.0,-59.34,7.48,-30.04,15.22,-11.52,241.02,2.96,9980.0
1852,0.11,-0.29,-0.11,44.19,-47.89,-3.3,-40.82,5.26,-4.11,417.73,-0.44,9570.0
1853,0.41,-0.89,0.52,-26.67,-6.67,-41.15,-10.37,-21.48,12.67,417.56,-3.85,9590.0
1854,0.59,-0.63,0.3,-41.15,-14.07,-29.71,-10.37,-11.52,5.26,417.53,-0.37,9600.0
1855,1.15,-0.97,0.86,-74.97,19.75,-60.15,34.56,-20.89,17.19,435.61,15.15,8891.67
1856,0.67,-0.07,0.3,-22.3,-7.0,-11.52,11.52,-1.56,6.67,685.55,23.93,5795.0
1857,-0.07,0.56,-0.34,26.33,-26.33,59.34,-15.22,18.93,-8.96,685.82,11.82,5785.0
1858,-0.11,0.52,-0.45,0.74,-26.33,41.15,-15.22,18.93,-8.96,490.83,10.04,6903.33
1859,0.6,-0.15,-0.07,-40.49,-7.0,-18.26,1.56,-4.11,7.82,240.82,13.3,9983.33
1860,1.04,-0.67,0.6,-100.56,27.15,-74.64,25.74,-27.15,34.56,240.68,25.41,9993.33
1861,1.01,-0.71,0.45,-82.38,27.15,-86.08,18.34,-28.3,30.86,240.62,27.19,10010.0
1862,1.01,-0.71,0.45,-82.38,27.15,-86.08,24.6,-24.6,24.6,442.25,32.41,8638.33
1863,0.56,-0.18,-0.22,-22.3,-7.0,-29.71,7.82,-5.26,4.11,442.45,27.23,8631.67
1864,0.04,0.15,-0.56,8.15,-40.82,52.59,-11.52,11.52,-5.26,442.65,28.97,8615.0
1865,0.04,0.15,-0.56,8.15,-40.82,52.59,-15.22,15.22,4.7,241.12,27.23,9993.33
1866,0.37,-0.41,0.15,-14.89,-6.67,-0.08,11.52,-0.41,17.78,240.85,30.63,9993.33
1867,0.23,0.07,-0.0,-4.11,7.82,-11.52,7.82,-7.82,15.22,240.95,30.63,9996.67
1868,-0.33,0.37,-0.48,44.52,-26.0,59.34,-29.71,5.26,-4.11,241.05,16.93,9990.0
1869,-0.67,0.93,-1.19,67.56,-60.15,112.01,-56.45,20.89,-17.19,415.9,15.22,9660.0
1870,-0.0,0.12,-0.7,26.33,-40.82,41.15,-33.41,8.96,5.85,624.0,11.71,8038.33
1871,0.37,-0.33,0.08,-7.82,30.04,-18.93,7.82,-7.82,15.22,623.86,9.89,8048.33
1872,0.56,-0.67,0.23,-7.82,15.56,-18.93,0.41,-4.11,8.96,632.2,-0.33,7715.0
1873,-0.11,0.15,-0.26,33.41,-3.78,51.93,-37.11,8.96,-10.37,424.03,-12.26,9350.0
1874,-0.11,0.15,-0.26,33.41,-3.78,51.93,-43.37,15.22,-11.52,423.93,3.26,9346.67
1875,-0.26,0.63,-0.41,44.19,10.7,40.49,-35.97,11.52,-5.26,447.95,10.22,8430.0
1876,-0.15,0.22,-0.19,29.71,-3.78,14.89,-25.19,21.48,-12.67,447.98,11.82,8420.0
1877,-0.15,0.11,-0.26,29.71,-33.41,-7.33,-18.93,15.22,-11.52,448.08,5.08,8416.67
1878,-0.04,-0.29,-0.04,15.22,-47.89,-32.92,-26.33,18.93,-17.78,241.08,-0.3,10010.0
1879,0.37,-0.93,0.6,-15.22,-6.67,-78.19,4.11,-7.82,-1.0,240.92,-3.7,10013.33
1880,0.15,-0.59,0.45,-4.11,0.74,-48.56,7.82,-0.41,1.56,240.88,1.26,10026.67
1881,-0.15,-0.45,0.48,-15.22,-10.7,-37.45,-2.96,-10.37,8.96,240.85,-0.33,10016.67
1882,-0.15,-0.45,0.48,-15.22,-10.7,-37.45,-2.96,-10.37,8.96,240.85,-0.33,10023.33
1883,-0.34,-0.15,-0.0,4.11,-59.34,-21.81,-37.11,8.96,-10.37,241.05,-10.67,10013.33
1884,-0.04,-0.11,0.11,41.15,-29.71,-21.81,-26.33,18.93,-17.78,241.08,-9.08,10016.67
1885,-0.78,0.63,-0.38,75.3,-52.75,34.56,-56.78,35.71,-34.56,493.54,-5.67,6840.0
1886,-0.45,0.44,-0.0,30.37,-4.11,0.74,-32.59,12.67,-7.82,493.4,6.44,6843.33
1887,-0.59,0.52,-0.37,8.15,-7.82,26.67,-25.19,8.96,-1.56,493.47,13.37,6843.33
1888,0.37,0.07,-0.0,-14.89,7.82,-0.08,5.26,-7.82,15.22,241.02,9.97,10020.0
1889,-0.26,0.41,-0.34,18.93,-52.26,44.85,-29.71,5.26,-4.11,241.12,-3.74,10020.0
1890,0.48,-0.22,0.3,-29.71,-32.92,-26.0,-10.37,-21.48,12.67,240.82,-2.04,10030.0
1891,0.45,-0.26,0.19,-55.3,-32.92,-44.19,-14.07,-17.78,22.63,240.85,13.48,10023.33
1892,1.04,-0.67,0.6,-100.56,27.15,-74.64,30.86,-27.15,34.56,240.68,25.41,10023.33
1893,0.64,-0.6,0.67,-74.97,41.97,-56.45,34.56,-23.45,28.3,240.75,13.37,10003.33
1894,0.67,-0.56,0.78,-49.38,41.97,-38.26,32.0,-23.45,28.3,240.75,13.37,10013.33
1895,0.15,-0.11,0.52,3.29,-18.11,6.67,-24.37,-11.52,5.26,240.88,8.41,10010.0
1896,0.37,-0.45,0.67,-7.82,-25.52,-22.96,-30.63,-5.26,4.11,240.78,23.93,10013.33
1897,0.15,-0.74,0.78,-18.93,-18.11,-52.59,-20.67,-1.56,-3.29,240.72,22.15,10000.0
1898,0.93,-1.34,0.86,-41.97,27.15,-123.45,25.74,-17.19,27.15,240.65,28.89,10003.33
1899,0.41,-0.3,0.0,2.96,0.41,-52.59,5.26,-7.82,15.22,409.46,22.15,9923.33
1900,0.07,0.45,-0.78,22.3,-40.82,3.78,-39.67,1.56,-0.41,656.95,23.93,6923.33
1901,-0.63,1.12,-1.27,52.75,-60.15,86.08,-74.64,14.63,-19.75,657.25,20.45,6930.0
1902,-0.15,0.22,-0.41,7.82,-33.41,37.45,-51.6,2.7,3.29,720.14,22.01,4555.0
1903,-0.45,0.3,-0.08,15.22,-44.85,51.93,-63.04,5.26,-4.11,472.78,15.27,7551.67
1904,0.07,-0.56,0.74,-44.85,-18.11,-8.15,-28.07,-7.82,15.22,472.48,18.75,7531.67
1905,-0.45,0.19,-0.11,-10.7,-44.85,51.93,-51.11,4.11,-7.82,241.08,25.67,10000.0
1906,-0.52,0.15,-0.26,-18.11,-44.85,37.45,-25.19,0.41,-0.41,241.18,34.15,10013.33
1907,-1.04,1.01,-1.08,41.97,-71.6,97.52,-49.37,23.45,-27.15,435.02,30.67,8936.67
1908,-0.52,0.15,-0.26,-18.11,-44.85,37.45,-22.63,7.82,-14.08,625.43,23.75,7968.33
1909,-0.33,0.41,-0.52,7.48,-18.93,51.93,-48.56,11.52,-21.48,625.33,15.27,7965.0
1910,0.15,-0.04,0.08,-41.15,15.22,-18.93,-14.41,-7.82,-2.15,431.43,16.97,9058.33
1911,0.34,0.15,-0.26,-11.52,7.82,-41.15,-20.67,-1.56,-3.29,240.72,22.15,10016.67
1912,1.04,-0.63,0.38,-70.93,27.15,-100.56,25.74,-14.63,16.04,422.71,30.63,9385.0
1913,0.9,-0.74,0.49,-45.34,27.15,-82.38,18.34,-18.34,23.45,422.78,32.41,9375.0
1914,0.64,-0.6,0.67,-74.97,41.97,-56.45,18.34,-20.89,34.56,422.91,32.41,9378.33
1915,0.45,-0.75,0.97,-60.49,79.0,-45.67,28.3,-19.75,38.26,240.78,28.89,10010.0
1916,0.45,-1.01,1.0,-60.49,101.23,-53.08,50.19,-27.15,27.15,494.46,23.75,6801.67
1917,0.49,-0.93,0.93,-49.04,101.23,-67.56,52.75,-27.15,27.15,494.46,23.75,6811.67
1918,0.38,-0.64,0.67,-63.53,101.23,-63.86,45.34,-27.15,27.15,735.78,13.41,4013.33
1919,0.78,-0.45,0.56,-89.12,64.19,-74.64,23.45,-19.75,38.26,482.11,20.3,7221.67
1920,0.86,-0.78,0.89,-74.64,86.41,-63.86,20.89,-27.15,34.56,482.01,16.82,7221.67
1921,0.86,-0.82,0.89,-86.08,64.19,-63.86,18.34,-30.86,41.97,240.75,28.93,10016.67
1922,0.67,-1.08,1.12,-71.6,71.6,-75.3,22.04,-34.56,32.0,240.72,11.67,10026.67
1923,-0.07,-0.45,0.48,-52.26,18.93,-41.15,-24.37,-11.52,5.26,466.43,15.15,7763.33
1924,-0.45,0.15,-0.11,-7.0,-15.22,-14.41,-41.15,7.82,-15.22,466.63,9.97,7770.0
1925,-1.15,0.93,-0.71,12.34,-67.89,41.97,-71.6,34.56,-32.0,466.8,13.37,7770.0
1926,-0.22,0.45,-0.37,-21.48,-52.26,-2.96,-18.93,15.22,-11.52,241.15,-2.15,10020.0
1927,0.19,-0.08,0.15,-55.3,-18.11,-44.19,-2.15,-11.52,5.26,240.85,-0.44,10010.0
1928,0.34,0.04,-0.11,-40.49,7.82,-18.26,-12.93,-21.48,12.67,241.02,8.19,10013.33
1929,-0.48,0.59,-0.34,-6.67,-7.82,41.15,-35.97,1.56,2.15,459.63,21.93,8013.33
1930,-1.12,0.93,-0.67,27.15,-67.89,86.08,-52.75,28.3,-14.63,459.93,20.23,8010.0
1931,-0.41,0.26,-0.19,-3.29,-48.56,3.78,-17.78,7.82,1.0,459.53,20.23,8000.0
1932,0.41,-0.3,0.04,-37.11,-32.92,-55.63,1.56,-11.52,21.48,240.95,23.75,10000.0
1933,0.56,-0.18,-0.22,-22.3,-7.0,-29.71,-28.07,-15.22,11.52,240.82,22.19,10016.67
1934,-0.0,0.41,-0.34,30.37,-22.63,26.67,-63.04,5.26,-4.11,241.02,11.96,10016.67
1935,-0.82,0.97,-0.56,71.6,-67.89,86.08,-89.78,28.3,-30.86,241.15,-1.89,10010.0
1936,-0.67,0.71,-0.34,67.89,-82.38,49.04,-67.56,35.71,-27.15,241.22,-7.26,9996.67
1937,-0.48,0.22,-0.0,22.63,-51.93,22.3,-32.59,25.19,-18.93,240.98,6.44,10003.33
1938,0.15,-0.59,0.45,-4.11,0.74,-48.56,1.56,5.85,0.41,240.78,16.78,10003.33
1939,0.56,-1.23,1.08,-34.56,41.97,-93.82,25.74,-24.6,23.45,240.55,25.41,10010.0
1940,0.78,-1.45,1.3,-45.67,64.19,-101.23,35.71,-23.45,27.15,240.62,23.64,10006.67
1941,0.67,-1.08,1.12,-71.6,71.6,-75.3,28.3,-24.6,23.45,240.55,25.41,10010.0
1942,0.56,-0.71,0.93,-97.52,79.0,-49.37,28.3,-14.63,16.04,240.52,28.89,10016.67
1943,0.75,-0.56,0.63,-112.01,41.97,-60.15,20.89,-18.34,23.45,240.58,32.41,10010.0
1944,0.45,-0.3,0.19,-55.63,-6.67,-40.82,1.56,-1.56,14.08,240.92,27.23,10010.0
1945,0.07,0.3,-0.41,-10.37,-40.82,-14.07,-44.85,11.52,-5.26,422.06,22.04,9413.33
1946,-0.67,0.93,-1.04,38.26,-60.15,56.78,-93.82,27.15,-35.71,636.03,16.82,7580.0
1947,-0.78,1.34,-1.27,52.75,-45.67,82.38,-97.52,19.75,-38.26,635.99,23.75,7596.67
1948,-0.3,0.37,-0.48,33.41,-18.93,29.71,-48.56,4.11,-7.82,454.98,28.93,8183.33
1949,0.45,-0.26,0.15,-15.22,0.41,-41.15,0.41,-8.96,11.52,240.88,32.41,10020.0
1950,0.26,-0.52,0.41,-40.82,-25.52,-55.63,-25.52,-5.26,4.11,240.78,23.93,10020.0
1951,0.04,-0.19,0.26,-29.71,-18.11,-26.0,-21.81,-8.96,-5.85,240.75,8.41,10023.33
1952,0.0,-0.22,0.11,-11.52,-18.11,-37.45,-14.41,-7.82,-2.15,240.82,6.63,10016.67
1953,0.08,-0.19,0.26,-4.11,-18.11,-22.96,-2.96,-10.37,8.96,438.96,11.6,8753.33
1954,-0.41,0.26,-0.19,4.11,-78.19,3.78,-44.19,6.41,-0.41,439.1,13.41,8746.67
1955,-0.78,0.37,0.03,11.52,-63.37,33.41,-47.89,-1.0,-2.97,439.13,-0.33,8763.33
1956,-0.52,0.11,-0.22,18.93,-51.93,44.85,-33.41,-2.15,-6.67,241.08,3.18,10026.67
1957,-0.52,0.11,-0.22,18.93,-51.93,44.85,-15.22,4.11,-7.82,241.18,16.89,10030.0
1958,-0.52,0.11,-0.22,18.93,-51.93,44.85,-18.93,7.82,2.15,427.51,16.89,9225.0
1959,-0.56,0.37,-0.0,41.15,-33.74,18.93,-33.41,8.96,5.85,427.45,1.44,9221.67
1960,-0.22,0.15,-0.11,55.96,-22.3,44.85,-37.11,1.56,3.29,427.41,3.18,9225.0
1961,-0.52,0.86,-0.82,89.78,-56.45,86.08,-86.08,17.19,-27.15,241.18,11.96,10016.67
1962,-0.33,0.37,-0.48,44.52,-26.0,59.34,-48.56,4.11,-7.82,241.08,25.67,10006.67
1963,-0.37,0.45,-0.41,40.82,-26.0,22.3,-48.56,4.11,-7.82,430.42,11.82,9083.33
1964,-0.22,-0.03,-0.26,30.04,-40.49,33.74,-22.63,0.41,-0.41,430.52,20.3,9096.67
1965,0.15,-0.14,-0.48,22.63,-55.3,4.11,-15.22,4.11,-7.82,430.46,18.52,9110.0
1966,0.56,-0.78,0.15,-7.82,-14.07,-41.15,7.82,-7.82,15.22,240.95,30.63,10030.0
1967,1.12,-1.08,0.64,-56.45,19.75,-112.01,28.3,-17.19,27.15,240.65,28.89,10013.33
1968,0.41,-0.41,0.15,-26.0,0.41,-29.71,-28.07,-5.26,4.11,240.78,23.93,10013.33
1969,-0.07,0.56,-0.63,-6.67,-26.33,22.96,-77.04,10.37,-26.33,421.8,18.75,9426.67
1970,-0.44,0.63,-0.56,-18.11,-11.52,41.15,-77.04,10.37,-26.33,648.73,3.23,7138.33
1971,0.26,-0.04,-0.07,-48.56,7.82,-41.15,-30.63,-5.26,4.11,648.66,9.97,7131.67
1972,0.75,-1.0,0.71,-67.89,34.56,-93.82,22.04,-24.6,24.6,467.61,8.41,7715.0
1973,0.71,-1.0,0.71,-30.86,34.56,-93.82,32.0,-23.45,28.3,240.75,22.15,10003.33
1974,0.19,-0.67,0.37,10.37,0.74,-11.52,11.52,-11.52,5.26,464.01,8.45,7830.0
1975,-0.03,-0.59,0.26,21.48,30.37,10.7,29.71,-15.22,4.11,717.72,10.04,4621.67
1976,0.19,-0.93,0.41,10.37,22.96,-18.93,19.74,-18.93,11.52,914.9,5.08,3416.67
1977,0.04,-0.45,0.26,10.37,37.45,-30.37,23.45,-11.52,14.08,691.84,13.6,5596.67
1978,0.41,-0.22,0.11,2.96,0.41,-22.96,-1.0,-7.82,15.22,674.55,18.75,6180.0
1979,-0.07,0.74,-0.67,22.3,-26.33,29.71,-25.19,15.22,-11.52,477.57,13.37,7401.67
1980,-0.07,0.74,-0.67,22.3,-26.33,29.71,-54.82,11.52,-21.48,477.43,11.82,7388.33
1981,-0.63,1.26,-0.9,74.97,-41.97,56.45,-89.78,28.3,-30.86,241.18,8.34,10013.33
1982,-0.71,1.19,-0.97,89.78,-41.97,86.08,-82.38,24.6,-24.6,241.25,15.27,9996.67
1983,-0.04,0.41,-0.15,44.85,-7.82,26.67,-29.71,8.96,-4.11,497.38,8.34,6705.0
1984,0.37,-0.3,0.41,-11.52,44.85,-7.48,5.26,-11.52,11.52,497.15,8.34,6708.33
1985,0.56,-0.63,0.56,-11.52,30.37,-7.48,-24.37,-15.22,1.56,497.02,6.78,6711.67
1986,-0.23,-0.07,0.15,15.22,-29.71,51.93,-77.04,0.41,-18.93,240.88,13.71,10006.67
1987,-0.23,-0.07,0.15,15.22,-29.71,51.93,-67.08,11.52,-22.63,240.92,15.41,10010.0
1988,-0.19,0.0,0.18,26.0,-29.71,29.71,-41.15,7.82,-15.22,241.02,6.63,10003.33
1989,0.67,-0.52,0.52,10.37,15.56,-11.52,7.82,-5.26,4.11,240.82,13.37,10006.67
1990,0.59,-0.19,0.19,-4.11,-6.67,-22.3,0.41,-6.41,0.41,433.63,1.44,8958.33
1991,0.82,-0.45,0.67,-74.97,41.97,-56.45,27.15,-22.04,13.49,613.43,4.85,8423.33
1992,0.75,-0.52,0.41,-82.38,41.97,-86.08,30.86,-28.3,14.63,613.53,-10.67,8430.0
1993,0.48,-0.33,0.0,-22.96,-6.67,-37.45,11.52,-11.52,5.26,420.98,-2.15,9481.67
1994,0.59,-0.7,0.26,2.96,15.56,-63.37,15.22,-4.11,7.82,458.44,3.23,8065.0
1995,0.22,-0.59,0.48,10.37,30.37,-33.74,18.93,3.29,10.37,458.41,16.97,8048.33
1996,-0.15,-0.45,0.56,-15.22,18.93,-37.45,11.52,7.0,4.11,458.34,10.04,8038.33
1997,-0.7,0.45,-0.37,18.93,-37.45,44.85,-22.63,26.33,-15.22,241.05,4.67,9996.67
1998,-1.23,0.86,-0.71,64.19,-67.89,71.6,-49.37,41.97,-28.3,426.35,6.44,9250.0
1999,-0.52,0.19,-0.04,44.85,14.41,37.45,-18.93,15.22,-11.52,426.18,3.04,9256.67
2000,0.04,-0.71,0.82,10.7,41.15,-44.85,7.82,-5.26,4.11,425.92,15.15,9270.0
2001,0.97,-1.19,1.08,-60.15,56.78,-89.78,34.56,-20.89,17.19,240.62,13.37,10026.67
2002,0.89,-0.86,0.75,-74.64,34.56,-100.56,30.86,-17.19,27.15,240.65,28.89,10033.33
2003,0.52,-0.3,0.04,-40.49,-6.67,-18.26,11.52,-0.41,17.78,240.85,30.63,10013.33
2004,0.26,-0.11,0.0,-40.49,8.15,-18.26,11.52,-0.41,17.78,414.67,18.7,9715.0
2005,-0.37,0.22,-0.33,-6.67,-51.93,26.67,-26.0,12.67,-1.56,414.77,5.0,9695.0
2006,-0.22,-0.0,0.22,-29.71,-3.3,-26.0,-9.22,-14.08,15.22,582.37,3.26,9660.0
2007,-0.18,-0.41,0.45,-41.15,-10.7,-15.22,-9.22,-14.08,15.22,408.55,15.19,9955.0
2008,0.0,-0.15,0.19,-15.56,15.22,-0.74,1.56,-4.11,7.82,408.58,16.78,9965.0
2009,0.19,-0.45,0.3,-52.59,7.82,-8.15,1.56,-4.11,7.82,451.45,11.6,8298.33
2010,0.19,-0.45,0.3,-52.59,7.82,-8.15,-5.85,-15.22,11.52,451.42,9.89,8295.0
2011,0.3,-0.67,0.67,-41.15,11.52,-22.63,-28.07,-22.63,7.82,451.35,15.27,8291.67
2012,0.56,-0.41,0.59,-4.11,4.11,-15.22,-18.11,-11.52,4.11,240.75,18.67,10010.0
2013,0.82,-0.15,0.52,32.92,-3.29,-7.82,-18.11,-1.56,-3.29,240.72,22.15,10016.67
2014,1.19,-0.93,0.97,-49.38,19.75,-41.97,30.86,-17.19,27.15,240.65,28.89,10023.33
2015,0.89,-0.78,0.82,-74.97,34.56,-60.15,23.45,-28.3,30.86,240.62,27.19,10006.67
2016,0.67,-1.08,0.93,-86.08,41.97,-89.78,23.45,-30.86,41.97,240.75,27.19,10003.33
2017,0.86,-0.89,0.6,-56.45,34.56,-112.01,20.89,-38.26,38.26,429.18,25.41,9121.67
2018,0.37,-0.44,0.0,-7.82,0.41,-41.15,-2.15,-18.93,18.93,429.45,30.63,9138.33
2019,-0.11,0.52,-0.82,26.33,-15.22,11.52,-39.67,-5.85,-0.41,650.36,25.45,7051.67
2020,-0.11,0.56,-0.48,22.63,-0.41,22.96,-33.41,1.56,-6.67,718.13,13.56,4635.0
2021,-0.04,0.56,-0.52,22.63,10.7,-6.67,-59.34,8.96,-4.11,960.45,6.63,1791.67
2022,0.41,-0.26,0.04,33.48,3.29,22.96,-44.85,7.82,-7.82,997.0,8.45,541.67
2023,0.22,-0.48,0.04,7.56,-4.11,33.74,-48.56,10.37,-8.96,912.51,16.93,3625.0
2024,0.71,-1.27,1.01,-26.59,41.15,3.3,-2.15,-16.37,7.82,669.93,18.64,6461.67
2025,0.37,-0.85,0.56,-37.45,22.96,3.3,1.56,-8.96,10.37,412.66,16.82,9795.0
2026,0.41,-0.78,0.67,-11.52,52.59,3.3,1.56,-8.96,10.37,240.82,22.01,10013.33
2027,0.03,-0.33,-0.11,22.63,-18.26,63.37,-44.85,14.08,-16.37,240.98,18.75,10020.0
2028,0.07,-0.26,-0.07,33.41,-18.26,41.15,-44.85,14.08,-16.37,436.8,8.41,8853.33
2029,-0.34,0.45,-0.63,89.78,-70.93,75.3,-64.19,30.86,-25.74,437.13,3.23,8850.0
2030,0.03,-0.11,0.07,55.63,-29.71,-7.0,-15.22,7.82,1.0,614.95,3.23,8381.67
2031,0.56,-0.48,0.52,14.41,15.22,-55.63,4.11,-18.93,17.78,641.02,20.49,7423.33
2032,0.93,-1.15,0.75,3.04,15.22,-29.71,0.41,-26.33,15.22,898.28,22.3,4083.33
2033,0.71,-0.82,0.6,14.15,22.63,-0.08,-2.15,-26.33,15.22,888.07,29.04,4500.0
2034,0.11,-0.45,0.19,40.89,-22.3,33.74,-25.19,-7.0,-4.11,855.49,15.19,5708.33
2035,0.3,-0.37,0.08,-0.41,-6.67,-48.56,5.26,-15.22,11.52,597.96,16.78,9045.0
2036,0.05,-0.1,-0.5,30.0,-29.71,7.82,-7.82,11.52,-5.26,683.98,18.34,5820.0
2037,0.46,-0.62,0.21,-0.44,41.15,-15.22,22.63,3.29,10.37,494.41,28.67,6750.0
2038,-0.1,-0.21,-0.06,26.3,7.33,30.04,-22.3,12.67,-1.56,494.57,16.74,6746.67
2039,0.3,-0.37,0.41,-29.71,30.37,-44.52,-9.22,-4.11,7.82,240.75,15.19,10020.0
2040,0.26,-0.45,0.3,-55.63,0.74,-44.52,-19.19,-15.22,11.52,451.35,11.78,8298.33
2041,0.45,-0.75,0.78,-74.97,49.37,-60.15,15.78,-35.71,27.15,618.92,25.49,8256.67
2042,0.67,-0.97,0.67,-56.78,34.56,-71.6,22.04,-41.97,28.3,619.02,9.97,8263.33
2043,0.23,-0.04,-0.07,-11.52,7.82,-41.15,-12.93,-21.48,12.67,408.58,1.44,9975.0
2044,-0.19,0.45,-0.37,4.11,-52.26,0.08,-33.41,-2.15,-6.67,419.84,-0.33,9516.67
2045,-0.75,1.04,-0.49,56.78,-67.89,56.45,-56.45,20.89,-17.19,420.07,10.0,9496.67
2046,-0.9,0.89,-0.16,64.19,-93.82,74.64,-38.26,27.15,-18.34,420.17,18.53,9493.33
2047,-0.11,0.3,-0.08,41.15,-48.56,3.78,-15.22,17.78,-6.41,241.12,20.3,10003.33
2048,0.22,-0.08,0.15,-29.71,-18.11,-41.15,1.56,-1.56,14.08,240.92,25.49,10016.67
2049,0.34,0.15,-0.26,-11.52,7.82,-41.15,-2.15,-8.96,11.52,409.39,23.93,9933.33
2050,0.19,-0.08,0.19,-15.22,44.85,-41.15,5.26,-7.82,15.22,626.95,17.19,7965.0
2051,0.48,-0.22,0.33,10.37,30.04,-22.96,5.26,-5.26,4.11,626.81,17.19,7971.67
2052,0.52,-0.3,0.41,-15.22,30.04,-41.15,8.96,2.15,6.67,458.34,18.75,8055.0
2053,0.48,-0.26,0.3,-41.15,0.41,-18.93,5.26,-5.26,4.11,240.88,9.97,10010.0
2054,-0.3,0.34,-0.45,-18.11,-18.93,33.74,-41.15,7.82,-15.22,241.08,3.23,9993.33
2055,-0.22,0.0,-0.3,-7.0,-33.41,26.34,-59.34,1.56,-14.08,240.98,-5.3,9986.67
2056,-0.04,0.19,-0.63,22.63,-40.82,4.11,-65.6,-2.15,-7.82,240.92,6.74,9993.33
2057,0.04,0.26,-0.56,7.82,-40.82,-25.52,-35.97,1.56,2.15,241.05,8.3,9996.67
2058,0.67,-0.07,-0.04,-11.52,-7.0,-41.15,-1.0,-11.52,21.48,240.95,22.01,10016.67
2059,0.71,-0.04,0.11,-29.71,-7.0,-29.71,-1.0,-4.11,25.19,241.05,25.49,10023.33
2060,0.85,-0.37,0.22,-4.11,-21.48,-22.3,-30.63,-7.82,15.22,240.92,23.93,10020.0
2061,0.52,-0.3,0.15,-41.15,-6.67,-26.0,-30.63,-5.26,4.11,240.95,11.82,10010.0
2062,-0.0,0.08,-0.3,18.26,-40.49,22.63,-47.41,14.08,-16.37,241.15,6.63,10010.0
2063,0.52,-0.3,0.15,-41.15,-6.67,-26.0,1.56,-1.56,14.08,241.08,15.11,10013.33
2064,0.07,0.23,-0.52,18.93,-40.82,30.37,-18.93,7.82,2.15,241.22,28.97,10020.0
2065,-0.15,0.49,-0.71,8.15,-26.33,52.59,-48.56,4.11,-7.82,454.98,30.67,8176.67
2066,-1.04,1.01,-1.08,41.97,-71.6,97.52,-97.52,19.75,-38.26,455.05,22.19,8190.0
2067,-1.12,0.93,-0.67,34.56,-97.52,86.08,-112.01,20.89,-34.56,454.98,6.74,8193.33
2068,-1.04,1.0,-0.6,19.75,-97.52,56.45,-100.56,18.34,-23.45,241.12,-3.48,10023.33
2069,-0.37,0.26,-0.04,-25.52,-44.85,22.3,-54.15,-4.7,3.29,240.95,-0.22,10020.0
2070,0.04,-0.22,0.26,-41.15,15.22,-18.93,-16.63,-15.22,11.52,240.72,13.48,10006.67
2071,0.75,-0.89,0.93,-49.38,34.56,-41.97,18.34,-35.71,27.15,240.52,23.71,10003.33
2072,0.08,-0.15,0.37,-4.11,-18.11,-7.82,-16.63,-15.22,11.52,240.72,13.48,9986.67
2073,0.52,-0.22,0.19,-11.52,-21.81,-26.0,-12.93,-17.78,22.63,484.56,15.22,7111.67
2074,-0.11,0.3,-0.19,33.74,-37.45,0.74,-47.89,2.7,7.0,484.76,5.0,7128.33
2075,0.26,0.15,-0.26,59.34,-26.0,4.44,-59.34,5.26,-4.11,484.73,11.96,7131.67
2076,-0.67,0.67,-0.52,74.97,-82.38,49.37,-89.78,28.3,-30.86,241.15,-1.89,10016.67
2077,-0.67,0.49,-0.67,49.04,-100.56,38.26,-101.23,30.86,-41.97,241.12,5.08,10013.33
2078,-0.75,0.49,-0.63,34.56,-100.56,23.45,-79.0,38.26,-38.26,241.18,-0.3,10026.67
2079,-0.04,-0.18,0.04,15.22,-18.26,-10.7,-54.82,17.78,-22.63,240.92,11.82,10020.0
2080,0.33,-0.78,0.63,-41.15,22.96,-33.74,-2.15,-1.56,-2.15,240.82,3.04,10010.0
2081,0.26,-0.45,0.48,-52.26,37.45,-26.33,5.26,-5.26,4.11,240.88,9.97,10010.0
2082,-0.15,0.08,-0.22,-21.81,-33.41,-3.29,-29.71,5.26,-4.11,241.12,-3.74,10006.67
2083,-0.33,0.37,-0.34,15.22,-26.0,4.11,-35.97,8.96,5.85,241.15,11.78,10003.33
2084,-0.22,-0.03,-0.26,30.04,-40.49,33.74,-35.97,8.96,5.85,241.02,18.7,9986.67
2085,0.19,-0.56,0.45,-0.41,30.37,10.7,5.26,-7.82,15.22,240.88,16.89,9980.0
2086,-0.15,0.11,-0.19,33.41,-3.78,63.37,-18.93,4.11,-7.82,476.06,13.41,7403.33
2087,0.19,-0.41,0.48,-26.67,37.45,3.3,4.11,-18.93,2.7,666.57,6.49,6451.67
2088,-0.22,0.3,-0.08,29.71,-15.22,37.45,-48.56,0.41,-17.78,666.67,15.27,6451.67
2089,-0.08,-0.07,0.07,15.22,-29.71,0.41,-70.78,4.11,-25.19,602.2,6.63,8868.33
2090,-0.11,0.33,-0.15,26.67,-22.3,-10.37,-74.48,0.41,-18.93,411.51,8.34,9836.67
2091,0.52,-0.19,0.22,-18.6,-6.67,-37.11,-28.07,-15.22,11.52,411.45,15.08,9856.67
2092,0.52,-0.19,0.22,-18.6,-6.67,-37.11,1.56,-11.52,21.48,240.95,22.01,10036.67
2093,0.37,-0.3,0.33,7.0,-6.67,-18.93,8.96,-0.41,17.78,240.98,23.71,10040.0
2094,-0.41,0.3,-0.41,30.04,-26.0,33.74,-26.0,12.67,-1.56,241.08,10.0,10020.0
2095,-0.55,0.56,-0.63,33.74,-11.52,70.78,-26.0,12.67,-1.56,415.67,11.71,9673.33
2096,-0.18,0.45,-0.85,26.33,-26.33,41.15,-26.0,12.67,-1.56,415.67,11.71,9656.67
2097,0.15,-0.11,-0.15,3.29,7.82,-11.52,15.22,-4.11,7.82,415.53,9.89,9656.67
2098,0.3,-0.19,0.22,25.52,11.52,-37.45,11.52,-11.52,5.26,240.92,15.11,10003.33
2099,0.15,-0.3,0.67,21.81,48.56,-15.22,4.11,-12.67,1.56,240.85,16.89,10016.67
2100,-0.04,0.18,0.33,67.08,18.11,11.52,-26.33,14.08,-15.22,241.02,20.3,10020.0
2101,0.37,-0.52,0.89,10.7,70.78,-22.63,0.41,-1.56,-2.15,240.82,3.04,10000.0
2102,0.26,-0.26,0.63,-15.22,48.56,-18.93,-2.15,-1.56,-2.15,240.82,3.04,10003.33
2103,0.22,-0.52,0.41,-26.67,48.56,7.0,-2.15,-12.67,5.26,485.63,1.44,7090.0
2104,-0.48,0.15,-0.26,-7.33,-33.74,41.15,-32.59,14.08,-11.52,485.8,4.85,7106.67
2105,-0.93,0.67,-0.93,52.75,-67.89,97.52,-56.78,34.56,-27.15,486.06,-7.26,7093.33
2106,-0.26,0.37,-0.56,11.52,-41.15,26.67,-26.33,22.63,-7.82,484.83,8.18,7135.0
2107,0.41,-0.37,0.0,-33.74,11.52,-7.48,4.11,-4.11,8.96,675.28,15.11,6166.67
2108,0.75,-0.93,0.71,-56.78,45.67,-60.15,30.86,-34.56,32.0,675.05,23.75,6170.0
2109,0.52,-1.08,1.12,-60.49,71.6,-49.37,34.56,-30.86,24.6,431.27,20.23,9051.67
2110,-0.15,-0.34,0.56,-15.22,18.93,-15.22,7.82,-15.22,11.52,240.85,27.15,10020.0
2111,-0.41,0.3,-0.08,-7.0,-15.22,7.82,-11.52,11.52,-5.26,241.15,25.45,10016.67
2112,-0.41,0.19,-0.15,-7.0,-44.85,-14.41,-18.93,0.41,-1.56,241.12,23.75,10003.33
2113,-0.19,0.37,-0.34,-7.0,-18.93,-18.11,-18.93,0.41,-1.56,241.12,23.75,9986.67
2114,0.3,-0.59,0.45,-26.33,7.82,-70.78,0.41,-26.33,15.22,240.82,25.45,9980.0
2115,-0.11,0.04,-0.19,4.11,-33.41,-25.52,-48.56,-3.29,-11.52,411.61,16.82,9820.0
2116,-0.15,0.11,-0.26,29.71,-33.41,-7.33,-52.26,7.82,-15.22,411.58,2.96,9830.0
2117,0.04,0.37,-0.48,15.22,-40.82,4.11,-52.26,7.82,-15.22,411.58,2.96,9850.0
2118,0.04,0.37,-0.48,15.22,-40.82,4.11,-22.63,11.52,-5.26,241.08,9.89,10013.33
2119,0.15,0.15,-0.11,26.67,-37.11,-10.37,-18.93,0.41,-1.56,241.12,23.75,10016.67
2120,-0.15,0.26,-0.08,15.22,-22.3,4.11,-21.48,7.82,2.15,241.22,27.23,10006.67
2121,0.48,-0.08,0.44,-4.11,11.52,-11.52,-2.15,-18.93,18.93,240.92,34.15,10016.67
2122,0.45,-0.33,0.22,-15.56,11.52,14.41,-5.85,-18.93,22.63,485.7,18.7,7093.33
2123,0.18,-0.14,-0.3,44.52,-37.11,70.78,-22.63,0.41,2.15,485.9,13.52,7083.33
2124,-0.11,0.0,-0.3,18.93,-22.3,52.59,-18.93,4.11,-4.11,698.81,-1.93,5285.0
2125,-0.04,0.0,-0.3,8.15,-40.49,52.59,-29.71,5.26,-4.11,453.97,-1.93,8205.0
2126,-0.22,0.11,-0.22,30.37,-40.49,22.96,-59.34,5.26,-14.08,708.7,5.0,4961.67
2127,-0.56,0.49,-0.6,101.23,-70.93,67.89,-100.56,22.04,-23.45,496.02,15.22,6753.33
2128,-0.56,0.49,-0.6,101.23,-70.93,67.89,-112.01,24.6,-34.56,495.99,22.19,6760.0
2129,-0.34,0.45,-0.63,89.78,-70.93,75.3,-86.08,17.19,-27.15,241.22,4.93,10003.33
2130,-0.15,-0.03,-0.3,44.52,-40.49,48.56,-44.85,0.41,-17.78,241.05,-7.11,9996.67
2131,-0.41,0.22,-0.04,37.11,-51.93,37.11,-33.41,-2.15,-6.67,241.08,-14.08,9983.33
2132,-0.04,-0.3,0.7,-7.82,18.93,-0.74,-2.96,-10.37,8.96,425.09,-2.04,9281.67
2133,0.37,-0.37,0.63,-33.41,4.11,-18.93,-6.67,-14.08,15.22,425.02,10.0,9301.67
2134,1.15,-0.97,0.71,-56.45,49.38,-89.78,34.56,-30.86,24.6,594.61,21.93,9180.0
2135,0.6,-0.04,-0.22,-11.52,-7.0,-41.15,7.82,-15.22,11.52,410.63,20.23,9901.67
2136,0.41,-0.19,0.08,2.96,30.04,-30.37,5.26,-15.22,11.52,410.63,20.23,9901.67
2137,-0.3,0.48,-0.41,33.41,10.7,51.93,-21.48,0.41,-1.56,241.12,23.75,10030.0
2138,0.15,-0.11,0.19,-26.0,44.85,-7.48,1.56,-22.63,8.96,240.88,13.41,10013.33
2139,-0.22,0.34,-0.59,8.15,-26.0,52.59,-18.93,-3.29,-10.37,241.15,18.63,10006.67
2140,0.37,-0.48,-0.03,-26.0,30.37,-7.48,1.56,-22.63,8.96,487.17,13.41,7045.0
2141,0.33,-0.56,0.04,-37.45,30.37,7.0,5.26,-15.22,11.52,487.13,27.15,7041.67
2142,0.74,-1.04,0.45,-71.6,101.23,-53.08,25.74,-34.56,30.86,733.15,21.93,4076.67
2143,0.93,-0.82,0.63,-60.49,64.19,-45.67,25.74,-34.56,30.86,486.87,21.93,7028.33
2144,1.02,-0.95,0.84,-34.56,64.19,-49.37,29.45,-34.56,30.86,739.22,9.86,3801.67
2145,0.65,-0.39,0.46,10.37,-6.67,-11.52,-5.52,-14.08,15.22,493.14,-0.37,6766.67
2146,0.01,-0.05,-0.06,29.71,-40.49,4.11,-22.3,12.67,-1.56,493.44,-2.07,6780.0
2147,-0.08,0.08,-0.26,3.78,-40.49,7.82,-33.41,1.56,2.15,440.47,-0.33,8721.67
2148,-0.08,0.19,-0.37,-21.81,-40.49,4.11,-33.41,1.56,-1.56,687.79,13.37,5715.0
2149,-0.04,0.11,-0.45,-18.11,-40.49,41.15,-51.6,-4.7,-0.41,687.69,4.85,5711.67
2150,0.12,-0.16,-0.51,-21.81,-44.19,30.07,-55.3,2.7,3.29,743.46,13.59,3703.33
2151,-0.03,0.06,-0.55,-7.0,-18.6,26.37,-55.3,2.7,7.0,716.95,8.41,4620.0
2152,-0.06,0.13,-0.48,-10.7,-18.6,-10.67,-44.52,12.67,-0.41,716.98,10.0,4616.67
2153,-0.49,0.6,-0.93,53.08,-63.53,56.78,-89.78,28.3,-30.86,461.96,6.63,7916.67
2154,-0.08,0.08,-0.37,4.44,-40.49,15.56,-54.82,7.82,-15.22,240.95,8.34,10000.0
2155,-0.19,0.48,-0.59,18.93,-26.0,41.15,-77.04,0.41,-18.93,240.88,13.71,10000.0
2156,0.37,0.18,-0.11,-29.71,7.82,-29.71,-24.37,-18.93,1.56,240.78,4.93,9993.33
2157,0.04,0.37,-0.48,15.22,-40.82,4.11,-41.15,7.82,-15.22,241.08,3.23,9990.0
2158,0.56,-0.56,0.45,-29.71,15.56,-44.52,7.82,-15.22,11.52,240.92,6.49,9986.67
2159,-0.19,0.08,-0.19,18.93,-3.78,26.34,-22.63,11.52,-5.26,434.78,18.53,8910.0
2160,0.37,-0.33,0.08,-7.82,30.04,-18.93,-3.29,-7.82,15.22,434.58,23.71,8906.67
2161,0.56,-0.18,-0.22,-22.3,-7.0,-29.71,-5.85,-7.82,15.22,434.58,23.71,8906.67
2162,1.04,-0.63,0.38,-70.93,27.15,-100.56,20.89,-28.3,30.86,240.62,27.19,9983.33
2163,0.34,0.04,-0.11,-40.49,7.82,-18.26,-2.15,-16.37,7.82,240.78,28.93,9990.0
2164,-0.03,0.11,-0.04,-51.93,22.63,-0.08,-2.15,-6.41,0.41,467.68,16.89,7701.67
2165,-0.48,0.67,-0.63,-10.7,-11.52,59.34,-28.89,14.08,-15.22,695.8,10.15,5375.0
2166,0.08,-0.11,0.3,-44.85,44.85,-0.74,-5.85,4.7,-3.29,695.5,8.41,5385.0
2167,-0.22,0.52,-0.34,0.41,10.7,22.3,-52.26,17.78,-22.63,649.71,18.75,7093.33
2168,0.3,-0.37,0.56,-52.26,37.45,-48.56,-3.63,-2.7,-7.0,660.54,18.75,6718.33
2169,-0.11,0.15,-0.15,-21.81,-33.41,-25.52,-41.15,7.82,-15.22,660.78,5.04,6708.33
2170,0.37,-0.71,0.71,-41.15,22.96,-55.96,5.26,-15.22,11.52,479.66,6.74,7295.0
2171,0.37,-0.82,0.67,-15.22,22.96,-55.96,-12.93,-21.48,12.67,240.82,6.74,10003.33
2172,0.93,-1.23,0.93,-41.97,56.78,-101.23,24.6,-32.0,20.89,240.58,20.45,10013.33
2173,0.37,-0.44,0.0,-7.82,0.41,-41.15,4.11,-12.67,1.56,240.85,25.67,10020.0
2174,0.04,0.19,-0.67,37.11,-40.82,18.93,-18.93,10.37,-8.96,241.08,27.23,10023.33
2175,0.04,0.19,-0.67,37.11,-40.82,18.93,-18.93,10.37,-8.96,241.08,27.23,10023.33
2176,0.78,-0.44,-0.03,-11.52,-21.48,-51.93,4.11,-1.56,14.08,240.92,25.49,10016.67
2177,0.56,-0.18,-0.22,-22.3,-7.0,-29.71,0.41,-8.96,11.52,240.88,32.41,10013.33
2178,0.56,-0.18,-0.22,-22.3,-7.0,-29.71,-2.15,-11.52,22.63,241.02,32.41,10010.0
2179,0.37,-0.44,0.0,-7.82,0.41,-41.15,-2.15,-11.52,22.63,241.02,32.41,10010.0
2180,1.15,-1.04,0.75,-30.86,19.75,-93.82,20.89,-20.89,34.56,240.72,30.67,10016.67
2181,1.15,-1.04,0.75,-30.86,19.75,-93.82,20.89,-18.34,23.45,240.58,30.67,10010.0
2182,1.3,-0.82,0.38,-27.15,12.34,-93.82,24.6,-22.04,13.49,410.27,28.89,9881.67
2183,0.97,-0.74,0.3,-64.19,27.15,-97.52,24.6,-32.0,20.89,609.72,16.78,8583.33
2184,0.19,-0.15,0.22,-41.15,-18.11,-26.67,4.11,-22.63,8.96,610.02,18.52,8576.67
2185,0.09,-0.28,0.34,-74.48,-7.0,-11.82,-3.29,-18.93,18.93,695.42,16.93,5401.67
2186,0.2,-0.54,0.6,-48.56,15.22,-15.52,-5.85,-18.93,18.93,496.0,25.56,6706.67
2187,0.98,-1.13,0.68,-71.6,60.49,-86.38,14.63,-28.3,30.86,495.7,23.82,6713.33
2188,0.93,-1.12,1.01,-41.97,86.41,-79.0,15.78,-35.71,27.15,240.52,23.71,10026.67
2189,0.22,-0.45,0.34,-22.63,4.11,-44.85,-19.19,-15.22,11.52,240.72,13.48,10006.67
2190,-0.56,0.15,0.26,0.41,-41.15,26.0,-65.6,-2.15,-7.82,241.08,13.48,10016.67
2191,-0.34,0.3,-0.15,4.11,-67.08,15.22,-59.34,5.26,-4.11,484.9,18.7,7128.33
2192,-0.37,0.26,-0.04,41.15,-37.45,15.22,-48.56,15.22,-11.52,689.68,32.41,5635.0
2193,-0.11,0.0,-0.3,48.56,-26.0,26.67,-37.11,12.67,-0.41,689.55,18.7,5628.33
2194,-0.97,0.56,-0.41,71.6,-82.38,86.08,-78.34,25.74,-19.75,445.93,3.26,8500.0
2195,-0.78,0.71,-0.78,49.37,-86.08,112.01,-70.93,22.04,-13.49,241.25,-1.93,9996.67
2196,-0.26,0.37,-0.45,18.93,-52.26,29.71,-29.71,5.26,-4.11,241.12,-3.74,10006.67
2197,-0.33,0.34,-0.59,11.52,-52.26,15.22,-11.52,11.52,-5.26,241.22,4.78,10006.67
2198,0.45,-0.26,-0.07,-18.93,-32.92,-37.45,7.82,-5.26,4.11,456.13,9.97,8135.0
2199,-0.11,0.15,-0.33,7.82,-66.74,7.82,-44.85,14.08,-16.37,626.86,13.37,7955.0
2200,0.63,-0.56,-0.03,-11.52,15.56,-26.33,-28.07,-12.67,0.41,872.84,15.08,5000.0
2201,-0.15,0.04,-0.56,18.93,-3.78,26.34,-54.82,7.82,-15.22,657.86,2.96,6868.33
2202,0.26,-0.48,0.15,-11.52,67.08,3.3,-2.15,-11.52,5.26,487.13,-0.44,7041.67
2203,0.22,-0.45,0.52,-11.52,67.08,3.3,-2.15,-4.11,8.96,240.95,3.04,10000.0
2204,0.93,-1.12,1.01,-41.97,86.41,-79.0,24.6,-24.6,24.6,240.68,15.15,10016.67
2205,0.93,-1.23,0.93,-41.97,56.78,-101.23,24.6,-24.6,24.6,240.68,23.93,10010.0
2206,0.22,-0.56,0.26,-22.63,-25.52,-67.08,4.11,-12.67,1.56,452.36,25.67,8260.0
2207,-0.34,-0.15,-0.0,4.11,-59.34,-21.81,-18.93,-3.29,-10.37,642.0,13.56,7333.33
2208,-0.3,-0.04,0.07,4.11,-29.71,0.41,-25.19,2.97,-11.52,845.79,16.82,5875.0
2209,0.41,-0.82,0.67,-15.22,22.96,-55.96,5.26,-5.26,4.11,634.05,13.3,7618.33
2210,0.3,-0.41,0.45,-0.74,37.45,-30.37,-9.22,-4.11,7.82,444.65,11.71,8545.0
2211,0.22,-0.48,0.34,-26.67,7.82,-30.37,-9.22,-4.11,7.82,240.75,15.19,9996.67
2212,-0.33,0.41,-0.52,7.48,-18.93,51.93,-43.37,15.22,-11.52,240.95,4.85,9996.67
2213,-0.33,0.41,-0.52,7.48,-18.93,51.93,-25.19,21.48,-12.67,447.98,11.82,8403.33
2214,-0.3,0.48,-0.41,33.41,10.7,51.93,-25.19,21.48,-12.67,447.98,11.82,8413.33
2215,-0.22,0.56,-0.34,18.6,10.7,22.3,-35.97,11.52,-5.26,447.95,10.22,8416.67
2216,0.19,-0.11,0.33,-52.26,44.85,-22.63,-19.19,-7.82,15.22,460.56,4.85,7958.33
2217,-0.45,0.59,-0.19,-25.52,-37.45,26.0,-39.67,1.56,3.29,639.62,3.07,7455.0
2218,-0.04,0.07,0.33,-59.34,-3.3,-15.22,1.56,-15.22,12.67,639.49,1.26,7455.0
2219,0.07,-0.3,0.52,-33.41,-10.7,-41.15,11.52,-11.52,5.26,419.67,11.6,9496.67
2220,0.3,-0.3,0.48,-3.78,18.93,-55.63,-14.41,-7.82,-2.15,240.82,6.63,9990.0
2221,-0.11,0.22,-0.04,30.04,-15.22,-14.41,-41.15,7.82,-15.22,441.27,16.97,8660.0
2222,-0.63,1.26,-0.9,74.97,-41.97,56.45,-71.6,16.04,-30.86,610.01,12.01,8576.67
2223,-0.33,0.82,-0.6,-7.33,-11.52,26.0,-18.93,-3.29,-10.37,609.91,3.23,8583.33
2224,0.11,-0.11,0.15,-52.59,15.22,-4.44,4.11,-22.63,8.96,409.39,4.93,9916.67
2225,0.22,-0.52,0.37,-67.08,0.74,-30.04,-21.81,-18.93,1.56,240.78,4.93,10006.67
2226,0.11,-0.56,0.41,-30.04,0.74,-26.33,-21.81,-18.93,1.56,240.78,4.93,10013.33
2227,0.15,-0.59,0.45,-4.11,0.74,-48.56,-18.11,-15.22,-4.7,240.85,-7.11,10023.33
2228,0.71,-1.0,0.71,-30.86,34.56,-93.82,30.86,-30.86,25.74,449.05,-2.15,8391.67
2229,0.56,-0.78,0.15,-7.82,-14.07,-41.15,-21.81,-11.52,5.26,449.15,6.63,8395.0
2230,0.34,-0.44,0.0,3.29,-6.67,-11.52,-25.52,-7.82,15.22,635.48,6.63,7593.33
2231,-0.22,-0.03,-0.26,30.04,-40.49,33.74,-48.56,4.11,-7.82,616.72,-3.7,8301.67
2232,0.11,-0.56,0.41,-30.04,0.74,-26.33,0.41,-8.96,11.52,616.52,3.04,8291.67
2233,-0.15,0.08,-0.22,-21.81,-33.41,-3.29,-26.33,14.08,-15.22,430.56,16.78,9080.0
2234,-0.15,0.26,-0.08,4.11,-15.22,7.82,-40.82,15.22,-11.52,241.15,15.19,10006.67
2235,-0.33,0.56,-0.19,41.15,-7.82,15.22,-43.37,5.26,-4.11,408.95,15.19,9965.0
2236,-0.33,0.56,-0.19,41.15,-7.82,15.22,-39.67,-5.85,-0.41,609.04,11.78,8635.0
2237,0.23,-0.04,-0.07,-11.52,7.82,-41.15,-2.15,-16.37,7.82,608.81,25.49,8635.0
2238,0.67,-0.07,-0.04,-11.52,-7.0,-41.15,7.82,-5.26,4.11,636.06,25.49,7551.67
2239,1.38,-0.74,0.63,-19.75,12.34,-64.19,38.26,-13.49,19.75,435.57,28.89,8895.0
2240,1.45,-0.67,0.89,-12.34,12.34,-34.56,45.67,-12.34,23.45,435.64,27.12,8885.0
2241,1.23,-0.97,1.0,-23.45,19.75,-64.19,35.71,-16.04,30.86,240.72,27.12,10006.67
2242,0.59,-0.45,0.63,21.81,4.11,-37.45,5.26,-7.82,15.22,240.95,30.63,10010.0
2243,0.3,-0.3,0.48,-3.78,18.93,-55.63,1.56,-15.22,12.67,240.98,16.89,10013.33
2244,0.52,-0.0,0.37,7.33,11.52,-26.0,4.11,-15.22,12.67,240.98,16.89,10013.33
2245,1.08,-0.6,0.49,-45.34,27.15,-82.38,34.56,-23.45,28.3,240.75,13.37,10013.33
2246,1.34,-0.78,0.52,-45.34,12.34,-82.38,28.3,-19.75,38.26,240.78,28.89,10020.0
2247,0.63,-0.11,-0.15,-37.11,-7.0,-59.34,-9.22,-6.67,18.93,240.88,15.19,10020.0
2248,0.52,-0.22,0.19,-40.82,30.04,-37.11,-12.93,-14.08,16.37,465.38,13.48,7798.33
2249,0.3,-0.45,0.37,-52.26,37.45,-26.33,-2.96,-10.37,8.96,465.32,11.71,7791.67
2250,1.0,-1.12,1.04,-60.49,56.78,-49.37,32.0,-23.45,28.3,641.03,25.41,7420.0
2251,0.56,-0.59,0.45,-30.04,-14.07,-26.33,-20.67,-4.11,7.82,587.29,16.78,9461.67
2252,0.18,0.19,-0.0,52.26,-37.11,7.82,-65.6,5.26,-4.11,587.46,4.85,9468.33
2253,-0.67,0.71,-0.34,67.89,-82.38,49.04,-100.56,18.34,-23.45,411.75,-8.86,9840.0
2254,-0.26,0.07,0.29,37.45,-41.15,3.78,-54.15,2.7,7.0,241.05,3.26,10003.33
2255,-0.07,-0.41,0.63,-7.82,-10.7,-22.96,-9.22,-6.67,18.93,240.88,15.19,9990.0
2256,0.78,-0.93,0.97,-23.45,34.56,-64.19,32.0,-23.45,28.3,240.75,13.37,10003.33
2257,0.37,-0.11,0.48,32.92,11.52,-7.82,11.52,-11.52,5.26,240.92,15.11,10013.33
2258,0.56,-0.41,0.59,-4.11,4.11,-15.22,4.11,-12.67,1.56,412.7,11.71,9808.33
2259,-0.13,-0.1,-0.02,26.3,-4.11,41.15,-15.22,10.37,-8.96,666.42,28.78,6531.67
2260,0.5,-0.62,0.35,-18.96,11.52,14.41,11.52,-5.26,4.11,666.22,11.52,6521.67
2261,0.2,-0.03,-0.28,51.89,-29.71,52.26,-7.82,11.52,-5.26,494.71,11.52,6740.0
2262,0.59,-0.19,0.19,-4.11,-6.67,-22.3,11.52,-11.52,5.26,240.98,-5.55,10003.33
2263,0.15,-0.41,0.19,-4.11,30.37,-29.71,29.71,-15.22,4.11,494.69,4.82,6798.33
2264,-0.22,-0.26,0.26,-29.71,18.93,-33.41,22.3,-11.52,-2.15,667.23,11.74,6538.33
2265,-0.15,-0.6,0.59,-15.22,41.15,-22.63,22.3,-11.52,-2.15,667.23,11.74,6548.33
2266,-0.48,0.22,-0.15,7.82,-15.22,37.45,-22.63,7.82,-14.08,413.72,18.63,9766.67
2267,0.15,-0.11,0.19,-26.0,44.85,-7.48,7.82,-18.93,2.7,240.95,1.37,10020.0
2268,0.04,0.15,-0.07,-51.93,22.63,-3.78,4.11,-22.63,8.96,440.3,4.78,8721.67
2269,0.08,0.29,-0.07,-41.15,22.63,-15.22,-21.81,-18.93,1.56,440.2,-3.7,8711.67
2270,-0.07,0.18,0.04,-15.56,22.63,2.96,-28.07,-15.22,11.52,440.23,11.82,8701.67
2271,-0.37,0.45,-0.41,40.82,-26.0,22.3,-77.04,7.82,-15.22,240.98,17.19,10000.0
2272,0.3,-0.37,0.08,-0.41,-6.67,-48.56,-20.67,-4.11,7.82,240.85,22.15,9996.67
2273,0.11,0.11,-0.26,44.85,-37.11,-21.81,-41.15,7.82,-15.22,241.02,22.15,10000.0
2274,0.56,-0.41,0.45,14.41,33.74,-44.85,5.26,-5.26,4.11,444.71,25.41,8535.0
2275,0.3,-0.26,0.63,-15.22,48.56,-18.93,-2.15,-16.37,7.82,444.68,23.71,8545.0
2276,0.49,-0.75,0.97,-60.49,79.0,-45.67,24.6,-32.0,20.89,444.48,8.19,8541.67
2277,0.64,-0.6,0.67,-74.97,41.97,-56.45,27.15,-41.97,28.3,240.62,8.19,10013.33
2278,0.53,-0.89,0.74,-37.93,64.19,-60.15,49.04,-41.97,20.89,494.39,6.52,6798.33
2279,0.97,-0.93,0.78,-37.93,49.38,-60.15,42.78,-38.26,30.86,670.24,22.04,6430.0
2280,0.56,-0.86,0.85,-12.34,64.19,-41.97,40.23,-38.26,30.86,670.24,22.04,6413.33
2281,0.3,0.04,0.18,-4.11,7.82,-11.52,-8.41,-7.82,15.22,416.7,15.08,9635.0
2282,0.08,-0.26,0.3,-15.22,15.22,-41.15,-8.41,-7.82,15.22,438.0,8.34,8801.67
2283,0.19,-0.22,0.26,-52.26,15.22,-44.85,1.56,3.29,11.52,438.03,10.04,8805.0
2284,0.67,-1.19,1.04,-71.6,41.97,-97.52,32.0,-23.45,28.3,437.86,6.63,8801.67
2285,0.19,-0.22,0.22,-37.45,26.33,-44.85,-2.96,-10.37,8.96,461.66,8.19,7926.67
2286,0.35,-0.5,0.16,-41.15,22.63,-55.93,-14.07,-14.08,16.37,716.82,6.6,4626.67
2287,-0.29,0.32,-0.29,-14.41,-30.04,14.93,-44.52,12.67,-0.41,716.98,10.0,4610.0
2288,-0.51,0.13,-0.07,-29.22,-67.08,18.63,-33.74,22.63,-7.82,668.8,16.93,6443.33
2289,-0.63,0.48,0.07,-14.07,-63.37,15.22,-26.33,18.93,-17.78,626.53,6.59,7951.67
2290,0.15,-0.11,0.15,-37.11,-18.11,-55.63,4.11,-7.82,-1.0,626.37,3.18,7965.0
2291,0.75,-0.52,0.56,-82.38,41.97,-86.08,34.56,-34.56,15.78,453.6,-14.08,8225.0
2292,0.3,0.07,-0.18,-22.96,7.82,-26.67,11.52,-11.52,5.26,240.98,-5.55,10030.0
2293,-0.33,0.82,-0.6,-7.33,-11.52,26.0,-11.52,11.52,-5.26,241.22,4.78,10016.67
2294,-0.22,0.45,-0.41,18.6,-18.93,0.08,-17.78,15.22,4.7,438.36,13.56,8798.33
2295,-0.34,0.22,-0.0,0.41,-44.85,0.08,-25.19,18.93,-1.56,438.3,6.63,8798.33
2296,-0.07,-0.41,0.63,-7.82,-10.7,-22.96,-8.41,-7.82,15.22,605.76,11.82,8763.33
2297,-0.71,0.41,0.18,18.93,-63.37,47.89,-28.89,4.11,-7.82,408.82,20.3,9971.67
2298,0.15,-0.11,0.52,3.29,-18.11,6.67,-4.7,-18.93,18.93,584.5,32.41,9583.33
2299,-0.15,0.59,-0.19,37.11,-52.26,47.89,-28.89,11.52,-4.11,416.96,20.3,9635.0
2300,0.37,0.15,0.07,-15.56,7.82,2.96,-8.41,-7.82,15.22,416.7,15.08,9648.33
2301,0.15,-0.15,0.19,-26.67,15.22,-26.67,-2.15,-11.52,5.26,240.85,-0.44,10026.67
2302,0.67,-1.08,1.12,-71.6,71.6,-75.3,24.6,-32.0,20.89,240.58,11.67,10026.67
2303,0.74,-1.41,1.27,-71.6,64.19,-79.0,30.86,-28.3,14.63,431.27,9.97,9055.0
2304,0.41,-0.78,0.6,-26.67,22.96,-18.93,4.11,-12.67,1.56,431.47,9.97,9045.0
2305,-0.08,0.08,-0.26,-7.33,-33.41,11.52,-44.85,0.41,-17.78,431.67,3.23,9045.0
2306,0.11,0.26,-0.59,22.3,-40.82,-10.7,-48.56,6.67,-18.93,240.95,8.41,10013.33
2307,0.34,0.04,-0.11,-37.11,30.04,-44.85,-25.52,-1.56,-3.29,482.04,11.82,7228.33
2308,0.86,-0.86,0.38,-56.45,86.41,-75.3,20.89,-24.6,23.45,728.16,15.08,4260.0
2309,0.22,-0.11,-0.04,-40.82,67.08,-22.63,-16.63,-14.08,15.22,728.39,1.37,4246.67
2310,-0.0,0.11,-0.52,18.6,-3.78,11.52,-54.15,-4.7,3.29,663.98,-2.04,6621.67
2311,-0.0,0.15,-0.26,18.6,-3.78,11.52,-47.89,-1.0,-2.97,642.23,-2.04,7371.67
2312,0.07,-0.18,-0.11,29.71,-18.26,4.11,-47.89,-1.0,-2.97,642.23,-2.04,7375.0
2313,0.37,-0.78,0.52,-41.15,22.96,-33.74,-12.93,-11.52,5.26,465.25,13.48,7785.0
2314,0.31,-0.65,0.58,-41.15,0.74,-33.74,-5.52,-4.11,7.82,493.11,3.11,6760.0
2315,0.65,-0.84,0.95,-86.08,49.37,-67.56,39.41,-13.49,19.75,666.76,3.11,6468.33
2316,0.28,-0.24,0.35,-29.71,8.15,-44.52,22.63,3.29,10.37,667.1,-2.07,6488.33
2317,-0.41,0.3,-0.26,-10.37,-51.93,-10.37,-7.82,18.93,-2.7,415.01,11.78,9725.0
2318,-0.75,0.49,-0.63,34.56,-100.56,23.45,-52.75,28.3,-14.63,241.35,11.78,10010.0
2319,-0.89,0.75,-0.86,38.26,-86.08,60.49,-56.45,20.89,-17.19,241.32,18.7,10000.0
2320,-0.6,0.6,-0.89,49.37,-74.64,49.38,-74.64,14.63,-16.04,241.22,5.0,9996.67
2321,-0.71,1.01,-1.12,63.86,-60.15,74.97,-60.15,13.49,-19.75,241.28,20.44,10016.67
2322,-0.63,1.08,-1.04,49.04,-60.15,45.34,-86.08,17.19,-27.15,241.18,11.96,10016.67
2323,-0.71,1.41,-1.19,37.93,-45.67,52.75,-97.52,19.75,-38.26,241.15,18.93,10026.67
2324,-0.04,0.6,-0.71,-3.29,-26.33,-18.11,-70.78,4.11,-25.19,410.67,15.41,9888.33
2325,0.63,-0.11,-0.15,-37.11,-7.0,-59.34,-14.41,-7.82,-2.15,410.53,16.97,9891.67
2326,0.71,-0.44,0.0,-26.0,-21.48,-66.74,11.52,-11.52,5.26,410.63,25.45,9878.33
2327,0.52,-0.63,0.34,-55.63,-14.07,-44.52,11.52,-11.52,5.26,431.53,22.04,9045.0
2328,-0.0,-0.26,-0.11,3.78,-47.89,4.11,-18.93,-3.29,-10.37,431.77,28.97,9048.33
2329,0.59,-0.63,0.3,-41.15,-14.07,-29.71,7.82,-18.93,2.7,633.13,28.97,7676.67
2330,0.85,-0.37,0.22,-4.11,-21.48,-22.3,7.82,-18.93,2.7,442.52,18.63,8631.67
2331,1.19,-1.0,0.89,-49.04,19.75,-82.38,28.3,-30.86,25.74,442.35,16.89,8618.33
2332,0.45,-0.37,0.26,-0.41,0.41,-11.52,5.26,-7.82,15.22,241.02,9.97,9990.0
2333,0.11,-0.3,0.19,-37.45,15.22,-15.22,-1.0,-1.56,14.08,241.08,13.37,9996.67
2334,-0.3,0.52,-0.3,18.93,-7.82,41.15,-21.48,10.37,-8.96,241.25,13.37,9996.67
2335,0.22,-0.34,0.52,-41.15,18.93,-18.93,-2.15,-6.41,0.41,240.92,18.56,10000.0
2336,0.11,-0.37,0.56,-4.11,18.93,-15.22,-2.15,-16.37,7.82,240.78,27.19,9993.33
2337,0.75,-0.93,0.71,-56.78,45.67,-60.15,24.6,-28.3,30.86,484.33,28.93,7121.67
2338,0.78,-0.97,0.75,-30.86,45.67,-82.38,32.0,-27.15,34.56,484.4,27.15,7121.67
2339,1.19,-1.04,0.67,-56.45,30.86,-100.56,41.97,-16.04,30.86,484.43,28.86,7118.33
2340,0.97,-1.19,1.08,-60.15,56.78,-89.78,35.71,-23.45,27.15,240.62,23.64,9996.67
2341,0.33,-0.37,0.63,-33.41,4.11,-18.93,5.26,-15.22,11.52,240.85,27.15,9996.67
2342,0.3,-0.41,0.48,-15.22,4.11,-30.37,1.56,-22.63,8.96,240.88,13.41,10016.67
2343,0.15,-0.3,0.48,-29.71,-32.92,-52.59,4.11,-11.52,12.67,492.15,15.04,6888.33
2344,0.23,-0.22,0.08,-22.3,-7.0,-41.15,7.82,-4.11,15.22,492.18,8.12,6885.0
2345,-0.63,0.34,-0.15,-6.67,-52.26,15.22,-44.85,15.22,-5.26,492.28,16.9,6885.0
2346,-0.82,0.75,-0.89,52.75,-86.08,75.3,-67.89,23.45,-28.3,241.28,20.49,10020.0
2347,-0.11,0.08,-0.41,22.3,-66.74,-7.0,-48.56,4.11,-7.82,449.35,23.89,8398.33
2348,0.48,-0.33,0.0,-22.96,-6.67,-37.45,7.82,-7.82,15.22,449.21,28.86,8385.0
2349,0.48,-0.33,0.0,-22.96,-6.67,-37.45,4.11,3.29,11.52,449.18,15.0,8381.67
2350,0.33,-0.45,0.41,-52.59,0.74,-37.45,26.0,5.85,0.41,479.73,10.04,7298.33
2351,0.37,-0.37,0.34,-41.15,0.74,-51.93,18.6,2.15,7.82,479.8,11.82,7311.67
2352,0.86,-0.78,0.64,-82.38,34.56,-112.01,52.75,-17.19,27.15,479.6,22.15,7301.67
2353,0.82,-0.86,0.56,-82.38,34.56,-89.78,28.3,-27.15,34.56,240.68,25.41,10020.0
2354,0.56,-0.67,0.15,-22.96,-14.07,-41.15,8.96,-7.82,14.08,436.7,9.89,8840.0
2355,-0.15,0.0,-0.33,7.48,-33.41,41.15,-21.48,0.41,-1.56,436.93,13.41,8846.67
2356,-0.11,-0.03,-0.3,33.41,-33.41,18.93,-18.93,0.41,-1.56,614.92,10.15,8378.33
2357,0.22,-0.56,0.45,-11.52,37.45,-18.93,7.82,-15.22,11.52,418.83,23.89,9551.67
2358,0.3,-0.48,0.52,-26.33,37.45,-48.56,7.82,-15.22,11.52,619.09,16.97,8215.0
2359,0.41,-0.26,0.15,-40.82,30.04,-48.56,15.22,-4.11,7.82,670.38,21.93,6298.33
2360,0.56,-0.15,-0.29,-37.11,-7.0,-70.78,7.82,-5.26,4.11,670.31,21.93,6285.0
2361,0.93,-0.74,0.3,-82.38,27.15,-97.52,28.3,-17.19,27.15,689.64,15.0,5576.67
2362,0.78,-0.93,0.64,-93.82,34.56,-75.3,18.34,-20.89,34.56,460.46,16.78,7945.0
2363,0.78,-0.93,0.64,-93.82,34.56,-75.3,18.34,-20.89,34.56,460.46,18.56,7961.67
2364,0.89,-1.3,0.82,-67.89,27.15,-101.23,28.3,-17.19,27.15,240.65,28.89,10003.33
2365,1.12,-1.08,0.64,-56.45,19.75,-112.01,34.56,-20.89,17.19,442.18,30.63,8635.0
2366,0.59,-0.74,0.3,-26.0,-14.07,-29.71,-2.96,-10.37,8.96,442.42,16.93,8621.67
2367,0.26,-0.11,-0.37,18.93,-55.3,30.37,-29.71,5.26,-4.11,442.68,13.52,8625.0
2368,-0.34,0.27,-0.78,63.86,-89.12,64.19,-52.75,28.3,-14.63,241.35,6.6,10013.33
2369,-0.19,0.04,-0.22,40.82,-40.49,11.52,-15.22,17.78,-6.41,241.12,20.3,10016.67
2370,-0.48,0.22,-0.0,22.63,-51.93,22.3,-18.93,10.37,-8.96,419.84,23.71,9513.33
2371,-0.71,0.41,0.18,18.93,-63.37,47.89,-48.56,6.67,-18.93,419.71,22.15,9496.67
2372,-1.12,0.89,-0.12,34.56,-123.45,89.12,-97.52,19.75,-38.26,419.91,15.41,9500.0
2373,-0.9,0.71,-0.3,38.26,-112.01,63.53,-93.82,27.15,-35.71,241.18,12.01,9996.67
2374,-0.48,0.22,-0.0,22.63,-51.93,22.3,-41.15,7.82,-15.22,241.08,3.23,10013.33
2375,-0.26,0.04,-0.19,30.04,-40.49,-3.29,-11.52,11.52,-5.26,471.38,-2.15,7593.33
2376,0.11,-0.56,0.41,-26.34,0.74,-26.33,15.22,-4.11,7.82,471.12,-2.15,7606.67
2377,-0.22,0.0,-0.3,-3.3,-33.41,26.34,-11.52,11.52,-5.26,471.32,15.11,7593.33
2378,-0.15,0.0,-0.33,7.48,-33.41,41.15,-29.71,5.26,-4.11,241.05,13.52,10016.67
2379,-0.11,0.08,-0.22,33.41,-3.78,41.15,-39.67,1.56,3.29,241.12,18.7,10006.67
2380,-0.26,-0.04,0.04,18.6,-29.71,15.22,-35.97,8.96,5.85,241.15,11.78,10003.33
2381,0.26,-0.41,0.48,-40.82,4.11,-33.41,-1.0,-1.56,14.08,240.92,25.49,9993.33
2382,0.15,-0.15,0.22,-66.74,-18.11,-29.71,-1.0,-1.56,14.08,240.92,25.49,9996.67
2383,0.64,-0.6,0.67,-74.97,41.97,-56.45,22.04,-24.6,24.6,240.68,15.15,9993.33
2384,0.41,-0.82,0.86,-86.41,49.37,-45.67,22.04,-27.15,35.71,240.82,15.15,9990.0
2385,0.45,-0.75,0.78,-74.97,49.37,-60.15,24.6,-34.56,32.0,240.72,11.67,9996.67
2386,0.3,-0.52,0.23,-51.93,0.74,-7.48,-16.63,-17.78,22.63,240.85,13.48,10013.33
2387,0.56,-0.26,0.15,-14.89,-6.67,-0.08,-16.63,-17.78,22.63,240.85,13.48,10033.33
2388,0.29,-0.07,-0.26,44.52,-55.3,48.56,-65.6,5.26,-4.11,241.02,10.22,10036.67
2389,0.03,0.19,-0.0,37.11,-66.74,37.11,-65.6,5.26,-4.11,241.02,10.22,10040.0
2390,-0.71,0.93,-0.75,70.93,-86.08,78.34,-112.01,20.89,-34.56,241.08,3.48,10020.0
2391,-0.93,1.19,-0.93,60.15,-71.6,100.56,-100.56,18.34,-23.45,241.32,6.74,10020.0
2392,-0.78,1.34,-1.3,67.56,-34.56,82.38,-100.56,18.34,-23.45,462.13,15.27,7923.33
2393,-0.82,1.19,-1.3,56.78,-34.56,93.82,-100.56,18.34,-23.45,462.13,15.27,7926.67
2394,-0.04,0.56,-0.78,26.33,-4.11,22.96,-59.34,5.26,-4.11,705.54,20.49,5038.33
2395,0.67,-0.11,-0.29,-4.11,4.11,-0.08,-21.81,-5.26,4.11,699.74,25.67,5246.67
2396,0.74,-0.04,-0.22,-18.93,4.11,-29.71,7.82,-1.56,14.08,699.88,27.23,5243.33
2397,-0.11,0.52,-0.34,4.11,-52.26,29.71,-18.93,10.37,-8.96,456.33,27.23,8118.33
2398,-0.86,1.26,-0.86,45.34,-71.6,70.93,-56.45,20.89,-17.19,241.32,13.52,9993.33
2399,-0.78,0.93,-0.71,56.45,-86.08,63.53,-63.86,24.6,-23.45,241.25,6.59,10010.0
2400,0.07,0.41,-0.37,40.82,-40.82,22.3,-43.37,12.67,-0.41,416.9,4.85,9635.0
2401,0.22,-0.07,-0.22,30.04,-55.3,33.74,-43.37,12.67,-0.41,416.9,4.85,9645.0
2402,0.15,0.26,-0.37,18.93,-40.82,41.15,-39.67,1.56,3.29,416.93,18.7,9641.67
2403,-0.08,-0.03,-0.26,7.82,-33.41,11.52,-37.11,-5.85,-0.41,241.02,15.22,10010.0
2404,0.3,-0.48,0.52,-26.33,37.45,-48.56,0.41,-18.93,18.93,240.92,28.93,10010.0
2405,0.3,-0.48,0.48,-11.52,48.56,-48.56,-14.07,-17.78,22.63,461.66,22.01,7920.0
2406,-0.41,0.3,-0.11,44.85,-4.11,7.82,-51.6,2.7,7.0,694.53,27.23,5426.67
2407,-0.97,1.08,-1.04,79.0,-60.49,67.89,-100.56,18.34,-23.45,694.59,20.49,5430.0
2408,-1.19,0.89,-0.82,64.19,-97.52,71.6,-100.56,18.34,-23.45,473.78,11.96,7513.33
2409,-0.48,0.11,-0.22,7.82,-44.85,15.22,-63.04,5.26,-4.11,241.02,10.22,10016.67
2410,-0.15,-0.45,0.48,-15.22,-10.7,-37.45,-14.07,-17.78,22.63,240.85,13.48,10006.67
2411,0.56,-1.23,1.15,-34.56,71.6,-93.82,30.86,-27.15,34.56,458.17,20.45,8048.33
2412,0.04,-0.19,0.3,10.37,44.85,-22.96,-6.67,-14.08,15.22,645.54,13.71,7211.67
2413,0.04,-0.19,0.3,10.37,44.85,-22.96,-6.67,-4.11,7.82,645.5,17.19,7208.33
2414,-0.3,0.45,-0.45,55.3,-26.0,37.11,-40.82,15.22,-11.52,644.35,8.41,7250.0
2415,-0.11,0.04,-0.26,55.3,-40.49,26.33,-52.26,17.78,-22.63,457.05,8.41,8086.67
2416,-0.41,0.75,-0.97,89.12,-74.64,67.56,-89.78,28.3,-30.86,644.55,1.67,7253.33
2417,-0.6,1.15,-1.15,89.12,-60.15,78.34,-86.08,17.19,-27.15,428.45,18.93,9166.67
2418,-0.6,1.15,-1.15,89.12,-60.15,78.34,-60.15,13.49,-19.75,428.55,27.41,9173.33
2419,-0.19,0.48,-0.48,18.26,-26.0,33.41,-25.19,0.41,-0.41,241.18,34.15,10010.0
2420,-0.04,0.0,-0.33,7.48,-40.49,44.85,-51.11,4.11,-7.82,443.66,18.7,8596.67
2421,0.45,-0.41,-0.03,-33.74,-6.67,-15.22,-20.67,-4.11,7.82,443.43,15.19,8600.0
2422,0.71,-0.55,-0.22,-4.11,-21.48,-41.15,-20.67,-1.56,-3.29,443.3,15.19,8596.67
2423,0.45,-0.3,0.04,-11.52,-32.92,-52.59,1.56,5.85,0.41,240.78,16.78,10006.67
2424,-0.41,0.26,-0.19,41.15,-78.19,3.78,-43.37,15.22,-11.52,473.61,20.3,7493.33
2425,-0.34,0.33,0.07,48.56,-78.19,33.41,-37.11,8.96,-10.37,473.71,4.78,7496.67
2426,-0.11,0.15,-0.11,52.26,-66.74,7.82,-59.34,1.56,-14.08,473.65,10.15,7510.0
2427,0.82,-0.33,0.37,7.0,-21.48,-18.93,-21.81,-18.93,1.56,240.78,10.15,10016.67
2428,0.18,0.19,-0.0,52.26,-37.11,7.82,-63.04,-2.15,-7.82,240.95,22.19,10013.33
2429,0.07,0.59,-0.23,66.74,-22.63,33.41,-37.11,-5.85,-0.41,241.05,30.67,10020.0
2430,-0.89,1.04,-0.67,74.97,-38.26,60.15,-86.08,17.19,-27.15,466.76,28.93,7763.33
2431,-0.26,0.52,-0.52,22.3,-22.63,33.41,-48.56,6.67,-18.93,681.74,32.41,5888.33
2432,-0.08,0.11,-0.33,22.3,-37.11,22.63,-74.48,10.37,-26.33,681.64,23.93,5888.33
2433,0.72,-0.54,-0.03,-26.67,-10.37,-18.89,-29.22,-5.26,4.11,711.12,20.56,4838.33
2434,0.35,-0.61,0.38,-44.85,-10.37,-48.52,-29.22,-4.11,15.22,747.17,18.71,3588.33
2435,0.91,-0.95,0.72,-86.08,23.45,-78.97,19.75,-17.19,34.56,962.21,25.45,1700.0
2436,0.75,-0.67,0.78,-82.38,27.15,-67.89,30.86,-13.49,27.15,707.06,27.04,4993.33
2437,0.41,0.07,-0.07,-48.56,7.82,-15.22,11.52,2.15,6.67,456.1,23.71,8128.33
2438,0.41,0.07,0.15,-41.15,7.82,-15.22,11.52,-7.82,14.08,240.88,20.23,10003.33
2439,-0.19,0.48,-0.26,4.11,-52.26,15.22,-22.63,11.52,-5.26,413.68,23.75,9760.0
2440,-0.41,0.3,-0.08,4.11,-78.19,18.93,-52.26,7.82,-15.22,413.55,22.19,9763.33
2441,-1.15,1.04,-0.82,37.93,-97.52,60.15,-89.78,28.3,-30.86,413.75,11.96,9773.33
2442,-0.26,0.52,-0.45,4.11,-52.26,15.22,-63.04,-2.15,-7.82,240.92,6.74,10036.67
2443,0.41,-0.22,0.11,-41.15,0.41,-18.93,-6.67,-14.08,15.22,240.78,8.3,10033.33
2444,0.59,-0.63,0.3,-41.15,-14.07,-29.71,4.11,-4.11,7.82,240.82,9.89,10030.0
2445,-0.0,-0.26,-0.11,3.78,-47.89,4.11,-15.22,22.63,-8.96,241.12,8.19,10013.33
2446,0.03,-0.18,-0.0,29.71,-18.26,4.11,-22.63,11.52,-5.26,241.08,9.89,10000.0
2447,-0.0,-0.26,-0.04,18.93,-18.26,26.34,-33.41,1.56,2.15,241.05,8.3,9990.0
2448,-0.3,-0.11,-0.0,7.82,-29.71,37.45,-63.04,-2.15,-7.82,240.92,6.74,10000.0
2449,-0.08,0.08,-0.19,18.93,-66.74,44.85,-55.63,8.96,-11.52,240.95,8.45,10013.33
2450,0.45,-0.26,0.15,-11.52,-32.92,-37.45,-18.11,-4.11,7.82,240.85,22.15,10010.0
2451,0.78,-0.48,0.04,3.29,-21.48,-11.52,-6.67,-6.67,18.93,240.88,15.19,10006.67
2452,0.34,-0.44,0.0,3.29,-6.67,-11.52,-16.63,-10.37,26.33,240.95,16.96,9990.0
2453,-0.03,-0.59,0.26,10.7,30.37,10.7,5.26,-17.78,15.22,494.63,11.82,6788.33
2454,-0.14,-0.19,0.18,-4.11,44.85,-18.93,16.04,-7.82,7.82,494.66,13.41,6798.33
2455,0.3,-0.22,0.22,-4.11,30.04,-18.93,16.04,-5.26,-3.29,494.53,13.41,6818.33
2456,0.48,-0.15,0.33,-15.22,0.41,-18.93,-5.85,2.15,7.82,472.41,13.37,7568.33
2457,0.63,-0.48,0.45,10.37,-14.07,-11.52,-5.85,2.15,7.82,472.41,13.37,7548.33
2458,0.37,-0.74,0.52,-26.67,-6.67,-18.93,-3.29,2.15,7.82,644.26,8.19,7326.67
2459,0.19,-0.82,0.41,-15.56,22.96,-18.93,18.6,-5.26,-3.29,666.37,8.23,6576.67
2460,-0.03,-0.56,0.22,-26.34,37.45,3.3,7.82,-15.22,4.11,666.34,6.63,6576.67
2461,0.19,-0.33,0.04,-14.89,30.04,-7.48,5.26,-15.22,4.11,676.69,13.56,6160.0
2462,-0.11,0.63,-0.71,18.93,-26.33,41.15,-54.15,5.26,-4.11,423.11,5.0,9378.33
2463,-0.11,0.63,-0.71,18.93,-26.33,41.15,-35.97,11.52,-5.26,597.8,15.22,9051.67
2464,-0.82,1.38,-1.34,60.15,-45.67,100.56,-60.15,32.0,-20.89,643.72,6.74,7343.33
2465,-0.33,0.48,-0.48,15.22,-18.93,51.93,-22.63,18.93,-1.56,875.18,15.27,4875.0
2466,0.15,0.03,0.11,-33.41,15.22,-18.93,-5.85,2.15,7.82,700.26,18.75,5215.0
2467,0.3,-0.41,0.26,-26.0,0.74,-7.48,1.56,-1.56,14.08,472.48,20.3,7548.33
2468,-0.3,0.26,-0.19,-6.67,-29.71,41.15,-21.48,21.48,-12.67,480.95,23.71,7256.67
2469,-0.6,0.38,-0.63,41.97,-78.34,112.01,-67.89,34.56,-32.0,481.15,16.97,7250.0
2470,-0.86,0.63,-0.38,34.56,-89.78,100.56,-67.89,34.56,-32.0,481.15,16.97,7260.0
2471,-0.56,0.45,-0.6,60.15,-100.56,89.78,-82.38,24.6,-24.6,417.96,3.23,9593.33
2472,-0.9,0.67,-0.49,45.34,-112.01,63.86,-56.45,20.89,-17.19,418.06,11.71,9596.67
2473,-0.37,0.22,-0.22,-7.33,-51.93,18.93,-39.67,1.56,3.29,637.61,4.78,7545.0
2474,-0.45,0.22,-0.19,-21.81,-51.93,4.11,-51.11,4.11,-7.82,460.83,13.56,7968.33
2475,-0.26,0.48,-0.45,3.78,-26.0,18.6,-54.82,15.22,-11.52,460.8,-0.3,7961.67
2476,-0.67,1.15,-1.12,74.64,-60.15,63.53,-101.23,30.86,-41.97,241.12,5.08,10010.0
2477,-0.67,1.34,-0.97,100.56,-41.97,74.64,-75.3,27.15,-34.56,241.22,11.82,10000.0
2478,-0.0,0.52,-0.48,59.34,-22.63,3.78,-48.56,4.11,-7.82,449.35,22.15,8378.33
2479,0.56,-0.41,0.45,14.41,33.74,-44.85,7.82,-7.82,15.22,633.45,25.41,7663.33
2480,0.45,-0.19,0.08,2.96,30.04,-30.37,-18.11,-4.11,7.82,633.35,18.67,7660.0
2481,-0.26,0.48,-0.41,33.41,10.7,51.93,-41.15,7.82,-15.22,425.26,22.19,9295.0
2482,-0.82,1.3,-1.08,60.15,-45.67,100.56,-67.89,19.75,-28.3,491.0,18.93,6920.0
2483,-1.0,1.04,-0.82,34.56,-71.6,86.08,-38.26,23.45,-18.34,491.13,25.67,6930.0
2484,-0.45,0.15,0.04,0.41,-44.85,3.78,-7.82,15.22,-2.7,490.9,22.15,6920.0
2485,-0.34,-0.15,-0.0,4.11,-59.34,-21.81,-37.45,15.22,-12.67,241.05,22.15,9996.67
2486,0.33,-0.78,0.6,-15.22,-6.67,-55.96,-18.11,-4.11,7.82,472.41,16.97,7535.0
2487,-0.08,-0.15,-0.04,15.22,-47.89,-10.7,-52.26,15.22,-11.52,472.61,6.63,7535.0
2488,-0.19,0.26,-0.26,29.71,-33.41,14.89,-30.04,22.63,-7.82,472.68,1.26,7551.67
2489,0.04,0.37,-0.48,15.22,-40.82,4.11,-26.33,18.93,-17.78,241.08,-9.08,10010.0
2490,0.41,-0.22,0.11,-41.15,0.41,-18.93,-2.15,-11.52,5.26,451.48,-2.15,8301.67
2491,0.3,-0.45,0.52,-59.34,-25.52,-18.93,-12.93,-21.48,12.67,451.45,-3.74,8288.33
2492,-0.45,0.19,-0.11,-10.7,-44.85,51.93,-54.15,-4.7,3.29,451.78,8.3,8301.67
2493,-0.48,0.59,-0.34,0.74,-37.45,41.15,-54.15,5.26,-4.11,241.12,13.48,10016.67
2494,0.08,0.22,-0.15,-40.49,22.63,-18.26,-16.63,-5.26,4.11,240.88,27.19,10013.33
2495,-0.11,0.07,0.22,-40.49,26.33,-44.19,-5.85,-5.26,-3.29,493.0,18.56,6833.33
2496,-0.78,0.37,-0.0,30.37,-4.11,0.74,-30.04,15.22,-18.93,698.02,18.56,5326.67
2497,-0.71,-0.07,0.26,44.85,-11.52,-10.7,-30.04,12.67,-7.82,698.15,18.56,5336.67
2498,-0.3,-0.18,0.07,55.63,-29.71,-7.0,-30.04,22.63,-7.82,662.0,15.15,6586.67
2499,-0.19,-0.11,0.11,26.0,-59.34,7.48,-30.04,22.63,-7.82,457.25,3.04,8093.33
2500,-0.53,0.52,-0.56,70.93,-100.56,67.56,-67.56,35.71,-27.15,634.1,-12.48,7673.33
2501,0.03,0.19,-0.22,29.71,-66.74,37.11,-40.82,15.22,-11.52,632.94,3.04,7715.0
2502,0.89,-0.33,0.11,14.07,-21.48,-4.11,-14.07,-15.22,11.52,632.71,16.89,7715.0
2503,0.82,-0.33,0.15,-0.41,-21.48,-18.93,-14.07,-15.22,11.52,665.26,20.3,6465.0
2504,0.07,0.41,-0.37,40.82,-40.82,22.3,-33.41,1.56,2.15,450.35,15.11,8346.67
2505,-0.26,0.48,-0.45,3.78,-26.0,18.6,-33.41,1.56,2.15,649.76,1.26,7048.33
2506,0.04,0.22,-0.0,-52.59,22.63,-0.74,11.52,-7.82,14.08,440.3,11.6,8708.33
2507,0.15,-0.19,0.22,-67.08,8.15,-26.33,11.52,-7.82,14.08,440.3,11.6,8715.0
2508,0.22,-0.52,0.37,-67.08,0.74,-30.04,15.22,-4.11,7.82,240.95,8.19,10020.0
2509,-0.04,-0.33,-0.15,-7.0,-47.89,26.34,-11.52,11.52,-5.26,241.08,11.71,10020.0
2510,0.03,-0.33,-0.18,7.48,-47.89,41.15,-41.15,7.82,-15.22,240.95,10.15,10020.0
2511,-0.56,0.45,-0.6,60.15,-100.56,89.78,-71.6,34.56,-32.0,241.12,13.56,10000.0
2512,0.03,0.19,-0.0,37.11,-66.74,37.11,-52.26,7.82,-15.22,240.95,13.56,10013.33
2513,-0.19,0.45,-0.19,26.33,-52.26,59.34,-26.33,4.11,-7.82,241.05,22.04,10003.33
2514,0.63,-0.11,0.04,-14.89,-7.0,-0.08,4.11,-22.63,8.96,240.88,18.63,10010.0
2515,-0.11,0.63,-0.71,18.93,-26.33,41.15,-18.93,-3.29,-10.37,241.15,18.63,10016.67
2516,0.04,0.37,-0.48,15.22,-40.82,4.11,-33.41,-2.15,-6.67,241.08,3.18,10006.67
2517,-0.49,0.75,-0.93,74.64,-74.64,52.75,-60.15,13.49,-19.75,241.28,3.18,10000.0
2518,0.26,0.0,-0.19,40.82,-55.3,11.52,-39.67,-5.85,-0.41,241.02,-2.04,9980.0
2519,0.29,0.08,-0.22,40.82,-55.3,26.33,-21.48,-3.29,-11.52,478.51,-3.85,7320.0
2520,0.11,0.48,-0.41,40.82,-40.82,37.11,-21.48,-3.29,-11.52,478.51,13.41,7340.0
2521,-0.63,1.12,-0.89,56.45,-60.15,78.34,-38.26,19.75,-28.3,728.53,10.15,4263.33
2522,-0.33,0.85,-0.48,11.52,-11.52,29.71,-11.52,7.82,-5.26,490.86,23.89,6940.0
2523,-0.03,0.15,0.22,-22.3,22.63,-11.52,11.52,-4.11,17.78,490.7,22.15,6926.67
2524,0.41,-0.34,0.56,-63.53,56.78,-70.93,28.3,-17.19,27.15,240.65,28.89,10016.67
2525,-0.07,0.11,-0.04,-14.89,22.63,-0.08,-16.63,-7.82,15.22,240.82,16.96,10000.0
2526,-0.41,0.67,-0.74,8.15,-11.52,52.59,-54.15,5.26,-4.11,241.12,13.48,10013.33
2527,-0.85,1.27,-1.34,67.56,-45.67,112.01,-89.12,15.78,-12.34,241.35,-0.22,10006.67
2528,-0.41,0.74,-0.67,7.48,-11.52,55.63,-54.15,-4.7,3.29,241.15,10.0,10026.67
2529,0.11,-0.11,0.15,-52.59,15.22,-4.44,-12.93,-21.48,12.67,240.82,-2.04,10010.0
2530,0.63,-1.15,1.01,-97.52,41.97,-75.3,28.3,-38.26,22.04,240.68,4.93,10010.0
2531,0.22,-0.52,0.34,-44.85,7.82,-30.37,4.11,-7.82,-1.0,468.77,1.67,7663.33
2532,-0.08,0.08,-0.3,26.0,-33.41,7.48,-37.11,8.96,-10.37,645.65,1.67,7250.0
2533,-0.41,0.71,-0.97,70.93,-74.64,67.56,-78.34,25.74,-19.75,645.78,-5.3,7256.67
2534,-0.23,0.34,-0.78,89.12,-89.12,56.78,-78.34,25.74,-19.75,417.93,-10.67,9596.67
2535,-0.11,0.04,-0.26,55.3,-40.49,26.33,-43.37,5.26,-4.11,240.98,1.37,10010.0
2536,0.0,-0.26,0.26,21.48,8.15,-4.11,-5.85,-15.22,11.52,240.78,11.6,10006.67
2537,-0.07,-0.26,0.3,7.0,8.15,-18.93,-2.15,-26.33,15.22,430.16,11.6,9083.33
2538,-0.41,0.3,-0.41,30.04,-26.0,33.74,-22.63,-7.0,-4.11,430.42,16.82,9096.67
2539,-0.6,0.78,-0.75,75.3,-56.45,60.49,-45.67,12.34,-23.45,430.69,22.04,9106.67
2540,-0.82,0.97,-0.56,71.6,-67.89,86.08,-49.37,23.45,-27.15,241.32,22.04,10030.0
2541,-0.34,0.52,0.03,22.96,-33.74,15.22,-26.33,4.11,-7.82,241.05,16.82,10030.0
2542,0.07,-0.3,0.52,-33.41,-10.7,-41.15,-5.85,-5.26,4.11,240.75,15.08,10013.33
2543,-0.0,-0.34,0.37,-40.82,-10.7,-55.63,1.56,-8.96,10.37,240.82,22.01,10020.0
2544,0.3,-0.48,0.52,-15.22,-25.52,-37.45,1.56,-8.96,10.37,240.82,22.01,10010.0
2545,0.45,-0.19,0.26,-11.52,-32.92,-7.82,1.56,-15.22,11.52,477.33,22.01,7388.33
2546,1.19,-0.89,0.56,-30.86,49.38,-41.97,18.34,-41.97,28.3,723.32,23.71,4416.67
2547,1.15,-0.93,0.45,-56.45,49.38,-60.15,18.34,-32.0,20.89,723.28,27.19,4420.0
2548,1.23,-0.93,0.38,-56.45,49.38,-60.15,20.89,-25.74,19.75,702.01,27.19,5170.0
2549,0.97,-0.67,0.52,-45.34,27.15,-52.75,23.45,-25.74,19.75,455.73,27.19,8131.67
2550,0.3,0.04,-0.04,-11.52,7.82,-11.52,4.11,-8.96,10.37,456.06,22.01,8138.33
2551,-0.33,0.37,-0.34,15.22,-26.0,4.11,-15.22,7.82,1.0,241.15,16.82,10020.0
2552,-0.67,0.93,-1.04,38.26,-60.15,56.78,-41.97,38.26,-22.04,241.38,8.19,10010.0
2553,-0.3,0.34,-0.45,-7.0,-26.0,30.04,-15.22,22.63,-8.96,241.12,11.6,10006.67
2554,-0.22,0.34,-0.48,7.48,-26.0,44.85,-22.63,26.33,-15.22,241.05,4.67,10006.67
2555,-0.37,0.22,-0.22,-7.33,-51.93,18.93,-18.93,15.22,-11.52,241.08,18.52,10023.33
2556,-0.26,-0.04,0.04,18.6,-29.71,15.22,-26.33,11.52,-4.11,241.02,6.59,10033.33
2557,-0.15,-0.34,0.56,-15.22,18.93,-15.22,0.41,-8.96,11.52,240.75,18.7,10026.67
2558,0.0,-0.45,0.52,21.81,30.37,-18.93,-25.52,-1.56,4.11,495.52,18.7,6766.67
2559,-0.02,-0.32,0.46,21.81,8.15,-18.93,-14.41,2.15,-3.29,747.94,18.56,3516.67
2560,0.13,-0.21,0.35,-3.78,8.15,-37.11,-14.41,-7.82,4.11,747.98,15.08,3510.0
2561,0.91,-0.58,0.87,-49.04,41.97,-60.15,41.97,-23.45,27.15,492.97,11.56,6760.0
2562,0.22,-0.04,0.26,-29.71,-18.11,-26.0,7.82,-15.22,11.52,452.36,27.15,8243.33
2563,0.3,-0.48,0.52,-15.22,-25.52,-37.45,11.52,-11.52,5.26,452.42,23.89,8250.0
2564,-0.3,-0.22,-0.07,7.82,-59.34,15.22,-44.85,0.41,-17.78,452.56,18.93,8260.0
2565,0.33,-0.56,0.26,-26.0,0.74,-29.71,-24.37,-18.93,1.56,240.78,13.71,10010.0
2566,0.26,-0.11,0.0,-40.49,8.15,-18.26,-28.07,-12.67,0.41,433.56,6.74,8968.33
2567,-0.0,0.14,0.26,-47.89,-3.3,-29.71,-16.63,-15.22,11.52,433.6,-0.22,8971.67
2568,0.07,-0.3,0.52,-33.41,-10.7,-41.15,-16.63,-7.82,15.22,433.7,3.26,8968.33
2569,0.07,-0.3,0.52,-33.41,-10.7,-41.15,-12.93,-14.08,16.37,240.92,1.44,10006.67
2570,0.93,-0.82,0.86,-49.04,34.56,-82.38,28.3,-30.86,25.74,240.78,-0.37,9996.67
2571,0.3,-0.0,0.41,-22.3,-18.11,-11.52,11.52,-11.52,5.26,240.98,-5.55,10010.0
2572,0.26,-0.08,0.48,-33.74,-18.11,2.96,7.82,-5.26,4.11,240.88,9.97,10010.0
2573,-0.37,0.44,0.11,11.52,-33.74,29.71,-33.41,11.52,-5.26,241.05,22.01,10006.67
2574,-0.26,0.67,-0.3,29.71,-7.82,29.71,-51.6,5.26,-4.11,240.95,13.48,9996.67
2575,-0.49,0.93,-0.78,100.56,-56.45,63.86,-78.34,25.74,-19.75,457.35,-2.04,8083.33
2576,-0.41,0.75,-0.97,89.12,-74.64,67.56,-63.86,24.6,-23.45,457.38,-14.08,8076.67
2577,-0.3,0.34,-0.74,74.64,-89.12,41.97,-63.86,24.6,-23.45,457.38,-14.08,8076.67
2578,-0.71,0.45,-0.56,86.08,-70.93,38.26,-56.45,20.89,-17.19,426.35,1.44,9243.33
2579,-1.08,0.6,-0.49,60.49,-82.38,34.56,-82.38,24.6,-24.6,426.25,10.22,9256.67
2580,-1.19,1.0,-0.71,74.97,-67.89,60.15,-71.6,34.56,-32.0,426.28,11.82,9260.0
2581,-0.41,0.37,-0.15,18.6,-15.22,26.0,-54.82,17.78,-22.63,444.81,8.34,8551.67
2582,-0.26,0.48,-0.41,33.41,10.7,51.93,-28.89,14.08,-15.22,444.91,16.82,8548.33
2583,-0.11,0.0,-0.26,22.63,-3.78,63.37,-39.67,4.11,-7.82,444.88,15.22,8541.67
2584,-0.78,0.71,-0.78,49.37,-86.08,112.01,-56.45,20.89,-17.19,241.32,13.52,10000.0
2585,-0.04,0.08,-0.15,0.74,-66.74,41.15,-29.71,5.26,-4.11,241.12,-3.74,9996.67
2586,-0.3,0.33,0.11,-6.67,-78.19,29.71,-18.93,15.22,-11.52,241.15,-2.15,10006.67
2587,-0.04,0.08,-0.15,0.74,-66.74,41.15,-26.33,18.93,-17.78,424.07,-10.67,9340.0
2588,-0.3,0.26,-0.19,0.74,-51.93,41.15,-22.63,26.33,-15.22,424.03,3.07,9350.0
2589,0.33,-0.56,0.26,-26.0,0.74,-29.71,4.11,5.85,0.41,423.77,15.19,9356.67
2590,0.6,-0.75,0.78,-86.08,49.37,-86.08,30.86,-14.63,16.04,240.52,28.89,10020.0
2591,0.19,-0.22,0.26,-52.26,15.22,-44.85,-3.29,4.7,-3.29,240.72,18.56,10016.67
2592,0.34,0.0,-0.11,-48.56,7.82,-44.85,-5.85,4.7,-3.29,240.72,18.56,10003.33
2593,-0.11,0.52,-0.78,11.52,-26.33,11.52,-54.82,17.78,-22.63,240.92,11.82,10003.33
2594,0.15,-0.37,-0.11,3.29,30.04,-18.93,-6.18,-12.67,-7.0,494.46,18.78,6788.33
2595,0.0,-0.59,0.26,-0.41,37.45,-18.93,0.08,-18.93,-5.85,494.56,3.26,6798.33
2596,0.22,-0.85,0.45,10.37,22.96,-41.15,0.08,-18.93,-5.85,494.56,3.26,6815.0
2597,-0.04,0.04,-0.22,18.6,-33.41,-10.7,-41.15,7.82,-15.22,241.08,3.23,10033.33
2598,-0.45,0.67,-0.86,52.75,-74.64,34.56,-64.19,30.86,-25.74,471.48,6.63,7606.67
2599,-0.52,0.86,-0.67,64.19,-56.45,30.86,-64.19,30.86,-25.74,471.48,6.63,7586.67
2600,-0.41,0.45,-0.6,79.0,-70.93,60.49,-93.82,27.15,-35.71,673.93,-1.89,6160.0
2601,-0.08,0.26,-0.22,30.37,-22.3,26.67,-67.08,11.52,-22.63,443.5,8.45,8586.67
2602,0.15,-0.22,0.11,-51.93,8.15,-0.08,-20.67,-1.56,-3.29,670.23,-0.33,6301.67
2603,0.71,-0.52,0.6,-100.56,41.97,-70.93,25.74,-14.63,16.04,467.45,13.37,7715.0
2604,0.93,-0.74,0.49,-82.38,27.15,-82.38,15.78,-15.78,12.34,467.38,15.15,7705.0
2605,0.78,-0.44,-0.03,-11.52,-21.48,-51.93,-30.63,-2.7,-7.0,240.65,23.93,10000.0
2606,0.18,-0.07,-0.44,33.41,-55.3,-18.11,-47.41,14.08,-16.37,240.98,18.75,10010.0
2607,0.26,0.0,-0.19,40.82,-55.3,11.52,-37.45,15.22,-12.67,436.04,18.75,8885.0
2608,0.59,-0.52,0.56,-4.11,15.56,-26.33,11.52,2.15,6.67,435.84,25.49,8891.67
2609,0.59,-0.52,0.56,-4.11,15.56,-26.33,7.82,-5.26,4.11,435.81,32.41,8881.67
2610,-0.11,0.15,-0.11,4.11,-3.78,-3.29,-48.56,6.67,-18.93,240.95,25.67,10010.0
2611,-0.49,0.6,-0.89,38.26,-74.64,56.78,-67.89,23.45,-28.3,241.15,27.41,9993.33
2612,-0.6,1.01,-1.12,52.75,-60.15,82.38,-82.38,24.6,-24.6,241.08,11.96,9996.67
2613,-0.52,0.86,-0.82,89.78,-56.45,86.08,-56.45,20.89,-17.19,241.18,18.7,9990.0
2614,-0.49,0.93,-0.78,100.56,-56.45,63.86,-74.64,14.63,-16.04,241.22,3.26,10010.0
2615,-0.6,0.71,-0.38,82.38,-82.38,63.86,-56.45,20.89,-17.19,241.32,11.78,10020.0
2616,-0.56,0.45,-0.6,60.15,-100.56,89.78,-70.93,22.04,-13.49,241.25,-1.93,10020.0
2617,-0.26,-0.15,0.04,-10.7,-59.34,51.93,-33.41,11.52,-5.26,412.86,6.6,9798.33
2618,0.26,-0.59,0.3,-63.37,0.74,7.0,-16.63,-5.26,4.11,412.53,11.78,9801.67
2619,-0.0,-0.34,0.56,-70.78,-10.7,-4.44,-28.07,-2.7,-7.0,412.5,18.75,9808.33
2620,-0.04,0.07,0.33,-59.34,-3.3,-15.22,-20.67,-1.56,-3.29,414.54,10.22,9725.0
2621,0.07,-0.3,0.52,-33.41,-10.7,-41.15,-10.7,-0.41,0.41,414.61,8.45,9711.67
2622,0.37,-0.48,0.3,-15.22,0.74,-51.93,0.74,-2.97,11.52,414.64,1.48,9721.67
2623,0.41,-0.89,0.52,-26.67,-6.67,-41.15,-6.67,-4.11,7.82,240.75,15.19,10013.33
2624,0.41,-0.78,0.6,-26.67,22.96,-18.93,-14.07,-5.26,4.11,240.68,16.96,10023.33
2625,0.93,-1.15,1.04,-86.08,56.78,-67.56,27.15,-22.04,13.49,442.12,32.41,8635.0
2626,0.41,-0.3,0.22,-26.0,30.04,-7.48,-21.81,-8.96,-5.85,442.32,25.67,8648.33
2627,0.56,-0.18,-0.22,-22.3,-7.0,-29.71,-21.81,-11.52,5.26,442.45,25.67,8631.67
2628,0.04,0.19,-0.67,37.11,-40.82,18.93,-44.85,11.52,-5.26,436.93,8.41,8840.0
2629,0.59,-0.59,0.23,-22.96,-14.07,-63.37,26.0,-1.56,14.08,675.68,8.41,6118.33
2630,0.67,-0.52,0.26,-22.96,-14.07,-33.74,26.0,1.0,2.97,890.79,8.41,4250.0
2631,0.59,-0.34,0.45,-11.52,4.11,-37.45,22.3,-6.41,0.41,694.94,25.67,5423.33
2632,0.78,-0.19,0.19,-0.08,-3.29,-26.0,-2.15,-8.96,11.52,456.13,32.41,8141.67
2633,0.71,-0.26,0.15,-0.08,-3.29,-55.63,-2.15,-18.93,18.93,240.92,28.93,10026.67
2634,1.12,-1.08,0.64,-56.45,19.75,-112.01,24.6,-34.56,32.0,240.72,20.45,10020.0
2635,0.56,-0.78,0.15,-7.82,-14.07,-41.15,4.11,-22.63,8.96,240.88,22.19,10016.67
2636,0.33,-0.56,0.26,-26.0,0.74,-29.71,7.82,-18.93,2.7,240.95,10.15,10010.0
2637,0.33,-0.45,0.34,-26.0,30.37,-7.48,4.11,-15.22,12.67,240.85,3.18,10026.67
2638,0.71,-1.01,1.04,-60.15,71.6,-89.78,24.6,-34.56,32.0,240.58,-2.04,10026.67
2639,0.07,-0.67,0.71,-26.33,11.52,-44.85,-5.85,-7.82,15.22,240.75,1.37,10023.33
2640,0.07,-0.78,0.63,-26.33,-18.11,-67.08,-5.85,-15.22,11.52,240.78,11.6,10000.0
2641,-0.63,0.0,0.04,-7.0,-70.78,-10.7,-30.04,15.22,-11.52,241.02,2.96,10003.33
2642,-0.34,-0.15,-0.0,4.11,-59.34,-21.81,-30.04,15.22,-11.52,241.02,2.96,10003.33
2643,-0.41,0.3,-0.26,-10.37,-51.93,-10.37,-26.33,18.93,-17.78,241.08,-9.08,10013.33
2644,-0.08,0.08,-0.37,4.44,-40.49,15.56,-37.11,8.96,-10.37,241.05,-10.67,10013.33
2645,-0.04,0.0,-0.44,8.15,-40.49,52.59,-37.11,8.96,-10.37,424.03,-12.26,9346.67
2646,0.08,-0.35,-0.44,-7.0,-44.19,56.0,-44.52,12.67,-0.41,679.15,-0.11,6043.33
2647,-0.06,0.13,-0.59,3.78,-29.71,44.56,-30.04,11.52,-4.11,679.22,15.33,6030.0
2648,-0.21,0.61,-0.74,14.56,-15.22,33.11,-40.82,1.56,3.29,496.2,15.33,6696.67
2649,-0.26,0.63,-0.41,44.19,10.7,40.49,-37.11,1.56,3.29,241.12,18.7,10006.67
2650,0.48,-0.11,0.33,10.37,30.04,-0.74,-14.07,-17.78,22.63,240.85,18.7,10016.67
2651,0.93,-0.71,0.93,-49.04,64.19,-60.15,20.89,-30.86,41.97,240.75,32.41,10023.33
2652,0.93,-0.71,0.93,-49.04,64.19,-60.15,18.34,-38.26,38.26,240.65,28.93,10026.67
2653,0.22,-0.04,0.26,-40.82,44.85,-37.11,-8.41,-7.82,15.22,241.08,25.41,10016.67
2654,-0.34,0.33,0.07,0.41,-15.22,22.3,-28.89,4.11,-7.82,241.25,27.15,10010.0
2655,-0.75,0.86,-0.64,30.86,-86.08,45.34,-49.37,23.45,-27.15,241.52,32.37,10000.0
2656,-0.64,0.45,-0.56,45.67,-100.56,74.97,-45.67,12.34,-23.45,241.35,35.89,10016.67
2657,-0.41,0.27,-0.74,49.37,-89.12,49.38,-41.97,19.75,-20.89,241.38,28.97,10023.33
2658,-0.34,0.27,-0.78,63.86,-89.12,64.19,-56.45,20.89,-17.19,241.32,13.52,10026.67
2659,-0.04,0.15,-0.33,15.22,-40.49,-6.67,-29.71,5.26,-4.11,241.12,-3.74,10010.0
2660,-0.19,0.41,-0.56,18.93,-26.0,30.37,-47.89,-1.0,-2.97,241.02,-12.26,9996.67
2661,-0.48,0.59,-0.34,0.74,-37.45,41.15,-47.89,-1.0,-2.97,241.02,-12.26,10003.33
2662,-0.93,1.08,-0.67,41.97,-71.6,100.56,-70.93,18.34,-13.49,490.96,-3.48,6923.33
2663,-0.45,0.63,-0.08,-6.67,-37.45,29.71,-35.97,5.26,5.85,490.86,-3.48,6926.67
2664,-0.56,0.56,-0.11,22.96,-7.82,15.22,-17.78,11.52,4.7,676.0,10.22,6163.33
2665,0.19,-0.08,0.37,7.33,11.52,-26.0,1.56,-4.11,25.19,426.08,16.96,9243.33
2666,-0.26,0.52,-0.23,66.74,-22.63,33.41,-22.63,18.93,-1.56,426.22,18.56,9250.0
2667,0.07,0.41,-0.37,40.82,-40.82,22.3,-40.82,12.67,-0.41,241.08,4.85,9993.33
2668,-0.26,0.48,-0.45,3.78,-26.0,18.6,-43.37,5.26,-4.11,240.98,1.37,10010.0
2669,-0.45,0.22,-0.19,-21.81,-51.93,4.11,-39.67,-5.85,-0.41,241.02,15.22,10010.0
2670,-0.07,-0.37,0.41,-78.19,-10.7,-18.93,5.26,-15.22,11.52,240.85,27.15,10013.33
2671,-0.45,0.22,-0.19,-32.92,-44.85,7.82,-18.93,15.22,-11.52,241.08,18.52,10013.33
2672,0.41,-0.33,0.04,-48.56,0.41,-48.56,4.11,3.29,11.52,449.18,15.0,8385.0
2673,0.34,0.0,-0.11,-48.56,7.82,-44.85,0.41,-4.11,8.96,629.21,4.67,7846.67
2674,0.3,0.07,-0.18,-22.96,7.82,-26.67,-10.37,-14.08,16.37,629.18,3.07,7843.33
2675,-0.48,0.67,-0.26,0.08,-37.45,44.19,-59.34,1.56,-14.08,421.15,4.85,9478.33
2676,-1.01,1.11,-0.53,52.75,-97.52,89.12,-89.78,28.3,-30.86,241.32,4.85,10026.67
2677,-0.56,0.52,0.07,-6.67,-63.37,29.71,-54.82,7.82,-15.22,241.12,15.08,10016.67
2678,0.07,-0.19,0.59,-33.41,18.93,-18.93,-8.41,-7.82,15.22,240.88,15.08,10006.67
2679,0.89,-0.75,0.82,-74.64,64.19,-78.34,25.74,-27.15,34.56,240.68,25.41,9993.33
2680,1.19,-0.89,0.97,-49.04,49.38,-60.15,32.0,-23.45,28.3,240.75,13.37,9996.67
2681,0.78,-0.37,0.26,-14.89,-21.48,-37.11,15.22,-4.11,7.82,471.12,1.26,7580.0
2682,0.37,-0.3,0.33,10.7,-6.67,-18.93,7.82,-5.26,4.11,471.05,3.04,7586.67
2683,-0.07,-0.26,0.3,10.7,8.15,-18.93,7.82,-5.26,4.11,471.05,3.04,7590.0
2684,-0.14,0.07,0.15,-4.11,22.63,-11.52,0.41,-1.56,-2.15,240.82,3.04,10020.0
2685,-0.41,0.71,-0.49,4.11,-11.52,11.52,-37.11,8.96,-10.37,241.05,-10.67,10023.33
2686,0.04,0.67,-0.45,4.11,-26.33,11.52,-37.11,8.96,-10.37,241.05,-10.67,10020.0
2687,0.45,0.15,0.07,-29.71,7.82,-29.71,-10.37,-14.08,16.37,240.92,1.44,10020.0
2688,0.71,-0.49,0.71,-37.93,41.97,-52.75,24.6,-34.56,32.0,408.48,15.15,9975.0
2689,-0.07,0.11,-0.04,-14.89,22.63,-0.08,1.56,-11.52,21.48,408.72,25.49,9975.0
2690,0.19,-0.07,-0.0,-14.89,7.82,-0.08,-1.0,-8.96,10.37,408.58,25.49,9958.33
2691,0.37,-0.37,0.11,-51.93,0.41,-7.48,5.26,-5.26,4.11,431.5,20.3,9041.67
2692,0.22,-0.48,0.37,-66.74,-25.52,-33.41,-24.37,-8.96,-5.85,431.37,18.75,9045.0
2693,-0.67,0.04,-0.0,-32.92,-70.78,11.52,-70.78,4.11,-25.19,431.57,12.01,9055.0
2694,-0.63,0.11,0.11,-7.0,-41.15,11.52,-77.04,0.41,-18.93,240.88,13.71,10016.67
2695,-0.45,0.37,-0.15,18.6,-15.22,26.0,-77.04,0.41,-18.93,240.88,13.71,10003.33
2696,0.15,-0.04,0.26,-26.67,44.85,-4.44,-24.37,-18.93,1.56,240.78,4.93,10006.67
2697,0.34,0.11,-0.04,-41.15,7.82,-15.22,-14.41,-7.82,-2.15,240.82,6.63,10010.0
2698,0.78,-0.49,0.56,-100.56,41.97,-74.64,32.0,-20.89,17.19,240.62,13.37,10023.33
2699,0.82,-0.41,0.49,-89.12,41.97,-89.12,25.74,-14.63,16.04,240.52,28.89,10020.0
2700,0.52,-0.3,0.52,-100.56,56.78,-74.64,22.04,-22.04,13.49,420.55,18.56,9471.67
2701,0.49,-0.38,0.6,-112.01,56.78,-60.15,24.6,-24.6,24.6,420.68,18.56,9475.0
2702,-0.18,-0.08,0.37,-41.15,26.33,-15.22,7.82,-7.82,15.22,606.05,18.56,8718.33
2703,-0.82,0.3,0.07,41.15,-4.11,15.22,-22.63,18.93,-1.56,630.97,30.67,7760.0
2704,-0.71,-0.07,0.26,67.08,-11.52,-10.7,-15.22,22.63,-8.96,630.9,28.89,7750.0
2705,-0.0,-0.78,0.71,-15.22,11.52,-44.85,1.56,-4.11,7.82,656.2,23.71,6791.67
2706,0.19,-0.52,0.41,-26.67,7.82,-18.93,1.56,-15.22,11.52,686.49,20.23,5708.33
2707,0.15,-0.48,0.37,-52.59,7.82,3.3,-8.41,-26.33,15.22,897.09,16.82,4000.0
2708,-0.19,0.04,-0.3,18.26,-33.41,63.37,-28.89,-7.0,-4.11,909.81,8.3,3541.67
2709,-0.37,-0.22,-0.0,29.71,-29.71,37.45,-28.89,4.11,-7.82,879.52,11.78,4625.0
2710,-0.71,0.3,-0.67,89.78,-70.93,97.52,-63.86,24.6,-23.45,669.09,3.26,6330.0
2711,-0.56,0.08,-0.11,55.96,-22.3,44.85,-33.41,16.37,-7.82,651.84,1.44,6955.0
2712,-0.37,0.23,-0.48,33.74,-26.0,70.78,-33.41,16.37,-7.82,447.09,-10.67,8448.33
2713,-0.52,0.71,-0.63,44.52,-11.52,59.34,-44.85,18.93,-18.93,447.06,-3.7,8451.67
2714,-0.3,0.37,-0.48,33.41,-18.93,29.71,-48.56,11.52,-21.48,241.02,-3.7,9996.67
2715,-0.15,0.11,-0.26,29.71,-33.41,-7.33,-59.34,1.56,-14.08,450.28,-3.7,8336.67
2716,0.26,-0.56,0.41,-41.15,0.74,-52.26,-6.67,-17.78,6.41,450.18,-12.48,8346.67
2717,0.45,-0.3,0.19,-55.63,-6.67,-40.82,-12.93,-11.52,5.26,632.28,4.78,7718.33
2718,0.52,-0.3,0.15,-41.15,-6.67,-26.0,1.56,-12.67,1.56,423.05,1.37,9378.33
2719,0.22,-0.03,-0.3,15.22,-55.3,-6.67,-25.19,2.97,-11.52,423.25,18.63,9365.0
2720,-0.34,0.27,-0.78,63.86,-89.12,64.19,-41.97,19.75,-20.89,241.38,11.71,9983.33
2721,-0.52,0.56,-0.71,45.67,-74.64,74.97,-38.26,23.45,-18.34,491.13,20.49,6906.67
2722,-0.19,0.37,-0.33,0.74,-26.0,41.15,-15.22,4.11,1.0,490.86,15.27,6903.33
2723,-0.03,0.15,0.22,-22.3,22.63,-11.52,4.11,-15.22,21.48,490.66,20.45,6910.0
2724,0.49,-0.78,0.82,-49.04,49.37,-82.38,27.15,-34.56,32.0,240.72,11.67,9996.67
2725,0.15,-0.59,0.45,-4.11,0.74,-48.56,7.82,-7.82,15.22,241.02,9.97,10016.67
2726,0.22,-0.7,0.67,-29.71,-14.07,-78.19,7.82,-4.11,15.22,492.18,8.12,6891.67
2727,0.19,-0.67,0.63,-55.63,-14.07,-55.96,11.52,3.29,17.78,492.15,21.86,6885.0
2728,0.22,-0.74,0.56,-51.93,-14.07,-18.93,-6.67,-2.97,18.93,492.05,13.34,6875.0
2729,0.41,-0.85,0.45,-37.45,22.96,3.3,-2.96,-10.37,8.96,465.32,11.71,7791.67
2730,0.41,-0.85,0.45,-37.45,22.96,3.3,-2.96,-10.37,8.96,465.32,11.71,7791.67
2731,0.56,-1.08,1.01,-60.49,71.6,-49.37,32.0,-30.86,24.6,632.88,25.41,7746.67
2732,0.15,-0.63,0.34,-26.34,0.74,10.7,8.96,-7.82,14.08,408.52,30.63,9948.33
2733,-0.22,0.15,-0.11,55.96,-22.3,44.85,-21.48,0.41,-1.56,408.75,34.15,9958.33
2734,-0.64,0.63,-0.41,71.6,-82.38,86.08,-38.26,27.15,-18.34,241.28,28.97,10010.0
2735,-0.64,0.63,-0.41,71.6,-82.38,86.08,-67.89,23.45,-28.3,241.28,20.49,10026.67
2736,-0.6,0.38,-0.63,49.37,-100.56,112.01,-64.19,30.86,-25.74,241.32,13.56,10013.33
2737,-0.34,0.12,-0.89,56.78,-89.12,123.45,-71.6,34.56,-32.0,424.23,5.04,9336.67
2738,-0.04,0.0,-0.44,8.15,-40.49,52.59,-15.22,22.63,-8.96,597.92,-1.93,9035.0
2739,-0.04,0.0,-0.44,8.15,-40.49,52.59,-15.22,22.63,-8.96,597.92,-1.93,9041.67
2740,-0.04,0.0,-0.44,8.15,-40.49,52.59,-26.0,12.67,-1.56,414.91,-1.93,9705.0
2741,-0.6,0.38,-0.63,49.37,-100.56,112.01,-52.75,28.3,-14.63,241.35,6.6,10006.67
2742,-0.08,0.04,-0.3,18.93,-66.74,29.71,-33.41,8.96,5.85,241.15,11.78,10000.0
2743,0.52,-0.22,0.3,-4.11,-32.92,-22.96,4.11,-11.52,21.48,240.95,27.23,10010.0
2744,0.74,-0.41,0.11,-0.41,-21.48,-48.56,0.41,-18.93,18.93,240.92,34.15,10003.33
2745,0.07,0.41,-0.37,40.82,-40.82,22.3,-37.11,-5.85,-0.41,241.02,20.44,10020.0
2746,-0.37,0.45,-0.41,40.82,-26.0,22.3,-29.71,5.26,-4.11,447.12,3.18,8471.67
2747,-0.07,0.18,0.04,-15.56,22.63,2.96,-2.96,-10.37,8.96,446.92,-14.08,8478.33
2748,0.08,-0.3,0.19,-26.34,8.15,14.41,11.52,-11.52,5.26,446.99,1.37,8481.67
2749,-0.22,0.41,-0.52,7.48,-26.0,55.63,-15.22,4.11,-7.82,448.12,10.15,8440.0
2750,-0.33,0.37,-0.48,44.52,-26.0,59.34,-18.93,7.82,2.15,634.45,10.15,7638.33
2751,-0.67,0.59,-0.37,29.71,-37.45,33.41,-33.41,8.96,5.85,634.38,-5.3,7625.0
2752,-0.22,-0.0,0.22,-29.71,-3.3,-26.0,-10.37,-14.08,16.37,427.21,-14.08,9205.0
2753,-0.11,0.03,0.19,-66.74,-3.3,-29.71,-6.67,-17.78,6.41,420.88,-10.67,9455.0
2754,-0.15,-0.0,0.3,-51.93,26.33,-29.71,4.11,-17.78,-1.0,673.2,-9.08,6288.33
2755,-0.59,0.59,-0.3,7.48,-7.82,29.71,-48.56,1.56,-21.48,673.3,-0.3,6298.33
2756,-0.7,0.56,-0.26,44.52,-7.82,33.41,-54.82,7.82,-22.63,493.2,11.82,6850.0
2757,0.04,-0.19,0.22,10.37,15.22,-22.96,-20.67,-1.56,-3.29,240.72,22.15,10016.67
2758,0.52,-1.19,1.04,-60.49,41.97,-71.6,32.0,-20.89,17.19,240.62,13.37,10023.33
2759,0.74,-1.41,1.27,-71.6,64.19,-79.0,38.26,-27.15,18.34,240.72,-2.15,10020.0
2760,0.22,-0.37,0.41,-26.67,37.45,-8.15,11.52,-11.52,5.26,240.98,-5.55,10026.67
2761,-0.15,0.22,-0.19,29.71,-3.78,14.89,-11.52,11.52,-5.26,241.22,4.78,10010.0
2762,0.04,0.37,-0.48,15.22,-40.82,4.11,-7.82,18.93,-2.7,241.18,18.53,10010.0
2763,0.56,-0.67,0.45,-29.71,15.56,-66.74,18.93,3.29,10.37,458.41,16.97,8045.0
2764,0.97,-1.3,1.08,-60.15,56.78,-112.01,35.71,-16.04,30.86,458.21,22.15,8045.0
2765,0.97,-1.3,1.08,-60.15,56.78,-112.01,28.3,-19.75,38.26,458.27,23.93,8041.67
2766,0.89,-0.86,0.75,-74.64,34.56,-100.56,18.34,-23.45,45.67,240.85,16.96,9996.67
2767,0.34,0.04,-0.11,-40.49,7.82,-18.26,1.56,-4.11,25.19,415.63,13.48,9666.67
2768,0.3,0.0,-0.26,-22.3,7.82,-29.71,-1.0,-11.52,21.48,415.53,10.0,9666.67
2769,0.6,-0.15,-0.11,3.29,-7.0,-11.52,5.26,-15.22,11.52,415.5,8.19,9666.67
2770,1.12,-1.0,0.71,-56.78,19.75,-71.6,22.04,-34.56,32.0,240.72,11.67,10013.33
2771,0.26,-0.45,0.48,-41.15,-25.52,-15.22,-24.37,-11.52,5.26,240.88,8.41,10023.33
2772,-0.04,-0.3,0.34,-66.74,-10.7,-33.41,-28.07,-15.22,11.52,240.82,20.45,10036.67
2773,-0.74,0.41,-0.11,15.56,-33.74,0.74,-44.85,4.11,-8.96,426.05,20.45,9273.33
2774,0.11,-0.15,0.11,-0.08,11.52,-55.63,11.52,-7.82,14.08,425.92,25.41,9263.33
2775,0.34,-0.3,0.11,18.11,-3.29,-37.45,8.96,-4.11,7.82,662.4,28.89,6628.33
2776,1.3,-0.74,0.49,-27.15,12.34,-64.19,28.3,-20.89,17.19,477.03,28.89,7385.0
2777,1.15,-0.97,0.86,-30.86,19.75,-64.19,20.89,-22.04,13.49,476.97,30.67,7395.0
2778,1.15,-1.04,0.75,-30.86,19.75,-93.82,23.45,-15.78,12.34,240.45,30.67,10030.0
2779,1.12,-1.08,0.64,-56.45,19.75,-112.01,23.45,-18.34,23.45,240.58,30.67,10026.67
2780,1.27,-0.85,0.27,-52.75,12.34,-112.01,27.15,-24.6,24.6,410.4,28.89,9888.33
2781,1.12,-1.08,0.64,-56.45,19.75,-112.01,24.6,-27.15,35.71,607.65,22.15,8670.0
2782,0.3,-0.52,0.41,-15.22,-25.52,-52.59,-12.93,-14.08,16.37,805.86,20.38,7416.67
2783,-0.26,-0.11,0.15,11.52,-59.34,-7.33,-65.6,5.26,-4.11,806.87,10.04,7375.0
2784,-0.08,0.15,-0.08,-2.96,-66.74,4.11,-55.63,8.96,-11.52,609.69,15.0,8576.67
2785,0.52,-0.63,0.34,-55.63,-14.07,-44.52,-18.11,-1.56,-3.29,583.19,11.6,9618.33
2786,0.86,-0.82,0.71,-100.56,34.56,-78.34,28.3,-17.19,27.15,412.5,23.71,9791.67
2787,0.33,-0.45,0.26,-41.15,0.74,-29.71,-16.63,-7.82,15.22,589.41,9.97,9381.67
2788,0.15,-0.15,0.15,-4.11,8.15,-22.3,-16.63,-17.78,22.63,417.6,11.67,9593.33
2789,0.45,-0.3,0.3,21.48,-6.67,-4.11,-14.07,-25.19,18.93,417.5,13.41,9593.33
2790,0.08,-0.15,0.37,-4.11,-18.11,-7.82,-14.07,-25.19,18.93,240.75,15.22,10016.67
2791,0.45,-0.22,0.48,-15.22,-18.11,-26.0,-10.37,-17.78,12.67,497.05,5.03,6721.67
2792,0.37,-0.3,0.23,-22.63,-18.11,-55.63,-10.37,-10.37,16.37,705.41,1.52,5090.0
2793,0.34,-0.33,0.34,14.41,11.52,-55.63,0.41,-0.41,8.96,910.2,15.22,3583.33
2794,-0.03,-0.26,0.22,25.52,11.52,-37.45,4.11,3.29,11.52,653.93,27.12,6888.33
2795,0.04,-0.19,0.48,32.92,11.52,-7.82,11.52,7.0,4.11,640.59,28.89,7388.33
2796,0.37,-0.3,0.33,7.0,-6.67,-18.93,-10.7,-0.41,0.41,435.77,22.15,8895.0
2797,0.18,0.0,-0.15,26.33,-55.3,-3.29,-41.15,7.82,-15.22,436.01,25.67,8885.0
2798,-0.11,0.15,-0.3,0.74,-40.49,-21.48,-41.15,7.82,-15.22,414.84,11.96,9718.33
2799,0.3,-0.37,0.41,-29.71,30.37,-44.52,5.26,-15.22,11.52,414.67,15.22,9715.0
2800,-0.0,-0.23,0.45,-40.82,18.93,-33.41,8.96,-7.82,14.08,414.71,8.3,9708.33
2801,0.26,-0.41,0.48,-40.82,4.11,-33.41,-1.0,-11.52,21.48,240.95,22.01,10010.0
2802,-0.45,0.26,-0.19,-21.48,-78.19,0.74,-35.97,8.96,5.85,241.15,11.78,10013.33
2803,0.04,-0.19,0.26,-29.71,-18.11,-26.0,-16.63,-17.78,22.63,240.85,13.48,10020.0
2804,0.08,-0.15,0.37,-4.11,-18.11,-7.82,-14.07,-25.19,18.93,240.75,10.0,10010.0
2805,0.97,-0.67,0.74,-37.93,27.15,-52.75,23.45,-35.71,27.15,240.52,23.71,10006.67
2806,1.19,-1.0,0.89,-49.04,19.75,-82.38,27.15,-32.0,20.89,240.58,11.67,10013.33
2807,1.19,-1.0,0.89,-49.04,19.75,-82.38,30.86,-28.3,14.63,240.65,-0.37,10023.33
2808,0.97,-1.23,1.08,-60.49,27.15,-71.6,34.56,-34.56,15.78,240.75,-15.89,10033.33
2809,0.86,-0.86,0.89,-86.41,34.56,-45.67,34.56,-34.56,15.78,240.75,-15.89,10033.33
2810,0.63,-1.04,1.08,-97.52,71.6,-53.08,28.3,-38.26,22.04,240.68,-3.85,10036.67
2811,-0.04,-0.3,0.52,-52.26,18.93,-18.93,1.56,-22.63,8.96,452.39,13.41,8273.33
2812,-0.34,-0.04,0.07,4.11,-29.71,0.41,-28.89,4.11,-7.82,452.56,16.82,8273.33
2813,-0.89,0.75,-0.86,38.26,-86.08,60.49,-49.37,23.45,-27.15,452.82,22.04,8270.0
2814,-0.52,0.6,-0.93,63.86,-74.64,64.19,-63.86,24.6,-23.45,241.25,6.59,10026.67
2815,-0.52,0.6,-0.93,63.86,-74.64,64.19,-60.15,13.49,-19.75,241.28,20.44,10013.33
2816,-0.3,0.34,-0.74,74.64,-89.12,41.97,-86.08,17.19,-27.15,241.18,11.96,10006.67
2817,0.22,-0.03,-0.3,15.22,-55.3,-6.67,-44.85,0.41,-17.78,241.05,10.15,10000.0
2818,0.41,-0.33,0.19,-4.11,-6.67,-22.3,-18.11,-15.22,-4.7,240.85,-7.11,10016.67
2819,0.26,0.0,0.07,-29.71,7.82,-29.71,7.82,-18.93,2.7,441.21,-5.55,8680.0
2820,-0.3,0.3,-0.41,29.71,-26.0,41.15,-18.93,-3.29,-10.37,664.5,-3.74,6513.33
2821,0.15,0.26,-0.37,29.71,-40.82,41.15,-22.63,-7.0,-4.11,664.43,8.3,6500.0
2822,0.22,0.11,-0.08,66.74,-37.11,44.85,-18.93,0.41,-1.56,464.21,8.3,7840.0
2823,0.37,-0.11,0.48,32.92,11.52,-7.82,1.56,-11.52,21.48,240.95,22.01,10000.0
2824,0.15,-0.41,0.59,21.81,18.93,-37.45,1.56,-1.56,14.08,240.92,25.49,10013.33
2825,0.49,-0.78,0.82,-49.04,49.37,-82.38,18.34,-28.3,30.86,240.62,27.19,10006.67
2826,0.33,-0.56,0.26,-26.0,0.74,-29.71,-16.63,-15.22,11.52,240.72,13.48,10023.33
2827,0.48,-0.33,-0.11,-22.3,-6.67,-29.71,-19.19,-15.22,11.52,240.72,13.48,10010.0
2828,0.78,-0.52,-0.18,-4.11,-10.37,-29.71,-12.93,-7.82,15.22,484.53,18.7,7135.0
2829,1.34,-0.82,0.3,-52.75,23.45,-100.56,28.3,-24.6,24.6,685.96,34.15,5750.0
2830,0.78,-0.41,0.04,-26.0,-10.37,-55.3,4.11,-4.11,8.96,686.23,22.04,5760.0
2831,-0.15,0.11,-0.22,-10.37,-66.74,-10.37,-26.33,18.93,-17.78,615.25,22.04,8385.0
2832,-0.34,-0.04,0.07,4.11,-29.71,0.41,-26.33,18.93,-17.78,413.68,4.78,9753.33
2833,-0.04,-0.3,0.52,-52.26,18.93,-18.93,4.11,-7.82,-1.0,593.52,4.78,9201.67
2834,0.6,-0.64,0.86,-86.08,79.0,-63.86,30.86,-38.26,22.04,420.68,-0.44,9461.67
2835,-0.04,0.07,0.33,-59.34,-3.3,-15.22,0.41,-11.52,5.26,420.85,2.96,9481.67
2836,0.26,-0.04,0.3,-47.89,-18.11,-29.71,4.11,-4.11,7.82,240.82,13.3,10030.0
2837,0.26,-0.04,0.3,-47.89,-18.11,-29.71,4.11,5.85,0.41,240.78,16.78,10013.33
2838,1.08,-0.6,0.52,-89.12,27.15,-89.12,38.26,-13.49,19.75,240.58,27.12,9993.33
2839,0.78,-0.49,0.56,-100.56,41.97,-74.64,38.26,-13.49,19.75,240.58,27.12,9980.0
2840,0.34,0.11,-0.04,-41.15,7.82,-15.22,-10.7,-0.41,0.41,240.78,20.38,9980.0
2841,-0.37,0.89,-0.67,18.26,-11.52,44.19,-41.15,7.82,-15.22,241.02,23.89,10000.0
2842,-0.97,1.3,-1.08,63.53,-71.6,74.64,-86.08,17.19,-27.15,241.18,11.96,10006.67
2843,-0.45,0.26,-0.22,18.6,-44.85,3.78,-37.11,1.56,3.29,241.12,18.7,10016.67
2844,0.19,-0.56,0.26,-40.82,-25.52,-67.08,-6.67,-6.67,18.93,470.12,15.19,7628.33
2845,0.52,-0.78,0.15,-26.0,-14.07,-41.15,7.82,-7.82,15.22,470.19,30.63,7641.67
2846,0.48,-0.74,0.12,-51.93,-14.07,-18.93,7.82,-5.26,4.11,470.06,30.63,7638.33
2847,-0.0,-0.4,-0.22,7.48,-47.89,63.37,-22.63,2.97,-11.52,464.14,18.7,7846.67
2848,0.56,-0.7,0.26,-41.15,-14.07,-7.48,0.41,-6.41,0.41,463.84,16.96,7836.67
2849,0.59,-0.63,0.37,-15.22,15.56,-7.48,0.41,-8.96,11.52,463.84,3.26,7853.33
2850,0.45,-0.15,0.22,-15.22,30.04,-18.93,-14.07,-7.82,15.22,240.68,3.26,10030.0
2851,-0.15,0.41,-0.04,55.63,14.41,26.0,-40.82,12.67,-0.41,240.95,-8.86,10030.0
2852,-0.86,1.08,-0.71,74.97,-67.89,60.15,-67.56,35.71,-27.15,241.22,-7.26,10013.33
2853,-0.97,0.85,-0.3,56.78,-93.82,60.15,-53.08,34.56,-30.86,420.04,4.67,9503.33
2854,-1.04,1.0,-0.6,19.75,-97.52,56.45,-63.86,24.6,-23.45,420.01,3.07,9496.67
2855,-0.86,1.26,-0.86,45.34,-71.6,70.93,-86.08,17.19,-27.15,419.94,8.45,9503.33
2856,-0.78,1.34,-1.27,52.75,-45.67,82.38,-89.78,28.3,-30.86,241.15,-1.89,10003.33
2857,-0.07,0.67,-0.6,44.52,-26.33,59.34,-44.85,18.93,-18.93,240.98,10.04,10016.67
2858,-0.11,0.52,-0.6,33.74,-26.33,70.78,-44.85,18.93,-18.93,240.98,10.04,10006.67
2859,0.63,-0.11,0.04,-14.89,-7.0,-0.08,-10.7,-0.41,0.41,240.78,20.38,10013.33
2860,0.04,0.15,-0.56,8.15,-40.82,52.59,-44.85,18.93,-18.93,240.98,10.04,10016.67
2861,0.63,-0.67,0.0,-26.0,15.56,-7.48,1.56,-4.11,7.82,487.1,13.3,7061.67
2862,0.41,-0.89,0.19,-37.45,22.96,3.3,1.56,-4.11,7.82,487.1,13.3,7051.67
2863,1.0,-1.19,0.56,-67.89,67.89,-67.56,32.0,-27.15,34.56,730.68,27.15,4163.33
2864,0.41,-0.37,0.0,-33.74,11.52,-7.48,-14.41,-4.11,7.82,484.56,23.89,7135.0
2865,0.45,-0.41,0.04,-7.82,11.52,-29.71,-14.41,-4.11,7.82,484.56,23.89,7138.33
2866,0.41,-0.41,0.15,-26.0,0.41,-29.71,-20.67,-11.52,4.11,240.75,18.67,10010.0
2867,1.0,-1.19,1.08,-60.15,56.78,-89.78,25.74,-24.6,23.45,444.45,21.93,8538.33
2868,1.15,-0.97,0.71,-56.45,49.38,-89.78,18.34,-25.74,19.75,444.38,23.71,8548.33
2869,0.97,-1.12,1.01,-41.97,86.41,-79.0,18.34,-25.74,19.75,444.38,23.71,8555.0
2870,0.22,-0.45,0.34,-22.63,4.11,-44.85,-2.15,-16.37,7.82,240.78,28.93,10023.33
2871,0.26,-0.41,0.48,-40.82,4.11,-33.41,-4.7,-26.33,15.22,240.82,25.45,10010.0
2872,-0.11,0.04,-0.3,-6.67,-66.74,26.67,-39.67,-5.85,-0.41,241.02,15.22,10016.67
2873,0.07,0.3,-0.56,18.93,-40.82,41.15,-39.67,-5.85,-0.41,241.02,15.22,10003.33
2874,-0.0,0.26,-0.7,18.93,-40.82,29.71,-29.71,5.26,-4.11,470.29,16.93,7631.67
2875,0.6,0.0,-0.11,-4.11,-7.0,-22.96,5.26,-7.82,15.22,470.19,30.63,7635.0
2876,1.3,-0.78,0.52,-63.53,12.34,-82.38,25.74,-27.15,34.56,469.92,25.41,7635.0
2877,0.71,-0.04,0.11,-29.71,-7.0,-29.71,-30.63,-15.22,11.52,240.82,20.45,10020.0
2878,-0.04,0.71,-0.63,4.11,-26.33,11.52,-54.82,7.82,-15.22,240.95,8.34,10016.67
2879,-0.93,1.23,-1.01,37.93,-71.6,56.45,-89.78,28.3,-30.86,241.15,-1.89,10026.67
2880,-0.45,0.37,-0.15,18.6,-15.22,26.0,-43.37,5.26,-4.11,240.98,1.37,10020.0
2881,0.07,-0.56,0.78,-26.33,41.15,-22.63,-16.63,-17.78,22.63,240.72,-0.22,10026.67
2882,1.0,-1.04,1.26,-34.56,86.41,-49.37,18.34,-30.86,41.97,416.43,13.48,9645.0
2883,1.0,-1.15,1.19,-34.56,56.78,-71.6,18.34,-20.89,34.56,416.4,16.96,9648.33
2884,0.26,-0.52,0.63,21.81,4.11,-37.45,-8.41,2.15,7.82,621.41,30.67,8131.67
2885,-0.3,-0.18,0.07,55.63,-29.71,-7.0,-32.59,25.19,-18.93,661.87,15.15,6590.0
2886,-0.34,-0.15,0.04,29.71,-29.71,15.22,-30.04,15.22,-11.52,661.9,11.67,6583.33
2887,0.07,-0.26,-0.15,18.26,-47.89,18.93,-40.82,5.26,-4.11,633.86,-3.85,7666.67
2888,-0.0,-0.26,-0.11,3.78,-47.89,4.11,-37.11,-5.85,-0.41,417.76,13.41,9586.67
2889,-0.38,0.52,-0.56,86.08,-70.93,38.26,-60.15,13.49,-19.75,418.03,18.63,9593.33
2890,-0.56,0.93,-0.75,86.08,-56.45,49.04,-41.97,19.75,-20.89,241.38,28.97,10016.67
2891,-0.37,0.63,-0.26,66.74,-7.82,33.41,-15.22,4.11,-7.82,241.18,11.71,10006.67
2892,0.26,0.11,-0.11,14.07,7.82,6.67,7.82,-5.26,4.11,456.13,9.97,8125.0
2893,0.41,-0.37,0.04,3.29,-6.67,18.11,-21.81,-8.96,-5.85,456.0,8.41,8128.33
2894,0.41,-0.37,0.04,3.29,-6.67,18.11,-25.52,-5.26,4.11,642.33,8.41,7343.33
2895,-0.37,0.23,-0.48,33.74,-26.0,70.78,-74.48,7.82,-15.22,427.28,1.67,9215.0
2896,-0.37,0.23,-0.48,33.74,-26.0,70.78,-44.85,11.52,-5.26,427.41,3.23,9198.33
2897,-0.78,0.71,-0.78,49.37,-86.08,112.01,-71.6,34.56,-32.0,241.25,6.63,9996.67
2898,-0.26,-0.04,0.07,15.22,-59.34,51.93,-22.63,18.93,-1.56,472.75,8.19,7541.67
2899,-0.52,0.22,0.33,7.82,-70.78,40.49,-40.82,12.67,-0.41,472.65,-0.33,7545.0
2900,-0.0,-0.23,0.59,-44.85,-10.7,-4.44,-6.67,-6.67,18.93,472.45,10.0,7545.0
2901,-0.52,0.52,-0.26,-10.7,-37.45,55.63,-55.63,8.96,-11.52,454.85,11.71,8170.0
2902,0.08,-0.26,0.15,-63.37,15.22,7.0,-18.11,-11.52,4.11,454.65,21.93,8173.33
2903,0.19,-0.52,0.41,-37.45,37.45,3.3,-28.07,-15.22,11.52,454.71,23.71,8166.67
2904,0.37,-0.85,0.56,-37.45,22.96,3.3,-28.07,-15.22,11.52,443.4,13.48,8583.33
2905,-0.15,0.0,-0.26,22.63,-3.78,63.37,-77.04,7.82,-15.22,657.46,13.48,6750.0
2906,-0.71,0.79,-1.19,56.78,-60.15,123.45,-93.82,27.15,-35.71,832.24,10.0,6416.67
2907,-0.71,0.79,-1.19,56.78,-60.15,123.45,-82.38,24.6,-24.6,629.7,10.0,7843.33
2908,-0.86,0.67,-0.93,41.97,-86.08,97.52,-70.93,22.04,-13.49,415.83,-0.22,9683.33
2909,-0.15,0.08,-0.33,11.52,-66.74,44.85,-54.15,-1.0,-2.97,477.43,3.26,7391.67
2910,0.45,-0.19,0.26,-11.52,-32.92,-7.82,-12.93,-17.78,6.41,477.3,1.44,7385.0
2911,1.15,-0.86,0.93,-30.86,49.38,-41.97,28.3,-34.56,15.78,477.17,-0.37,7371.67
2912,1.0,-1.15,1.19,-34.56,56.78,-71.6,28.3,-28.3,14.63,240.65,-0.37,10003.33
2913,0.97,-1.19,1.08,-60.15,56.78,-89.78,24.6,-32.0,20.89,240.58,11.67,10013.33
2914,0.86,-0.93,0.82,-86.08,34.56,-86.08,18.34,-28.3,30.86,460.36,15.08,7978.33
2915,1.01,-0.67,0.78,-86.08,41.97,-74.64,24.6,-30.86,32.0,716.7,1.41,4680.0
2916,0.78,-0.89,0.97,-97.52,49.37,-63.86,28.3,-27.15,25.74,716.76,-10.63,4663.33
2917,0.15,-0.52,0.6,-52.26,18.93,-33.41,-18.11,-11.52,-4.7,722.63,1.48,4455.0
2918,-0.41,-0.15,-0.0,-21.81,-29.71,0.41,-44.85,0.41,-17.78,655.94,3.04,6830.0
2919,-0.59,0.15,-0.11,15.22,-22.3,7.82,-48.56,4.11,-7.82,842.27,3.04,6041.67
2920,0.15,-0.59,0.45,-4.11,0.74,-48.56,0.41,-8.96,11.52,616.52,3.04,8305.0
2921,0.19,-0.52,0.41,-4.11,0.74,-33.74,4.11,-5.26,4.11,664.61,-0.37,6555.0
2922,0.33,-0.41,0.3,-29.71,0.74,-51.93,11.52,-1.56,-3.29,652.07,1.44,7055.0
2923,0.33,-0.41,0.3,-29.71,0.74,-51.93,18.93,-0.41,0.41,652.14,-0.33,7041.67
2924,0.3,-0.48,0.34,-29.71,0.74,-66.74,15.22,-4.11,7.82,414.71,16.93,9705.0
2925,-0.04,-0.11,0.11,41.15,-29.71,-21.81,-11.52,11.52,-5.26,241.15,25.45,9990.0
2926,-0.08,-0.07,0.07,15.22,-29.71,0.41,-11.52,11.52,-5.26,241.15,25.45,9986.67
2927,0.11,-0.37,0.56,-4.11,18.93,-15.22,18.93,3.29,10.37,446.99,8.19,8448.33
2928,0.52,-1.19,1.04,-60.49,41.97,-71.6,45.67,-12.34,23.45,446.72,11.6,8455.0
2929,0.0,-0.33,0.22,-0.41,15.22,-11.52,0.74,-2.97,11.52,447.09,9.89,8471.67
2930,0.41,-0.41,0.15,-26.0,0.41,-29.71,-2.96,-10.37,8.96,241.05,9.89,10006.67
2931,0.26,-0.18,0.22,-40.49,-7.0,-29.71,-10.37,-10.37,16.37,492.28,9.82,6881.67
2932,0.64,-0.74,0.93,-100.56,27.15,-82.38,24.6,-20.89,24.6,718.78,-2.22,4576.67
2933,0.04,-0.19,0.67,-29.71,11.52,-37.45,-5.85,5.85,7.82,718.94,1.19,4580.0
2934,0.37,-0.15,0.37,-29.71,11.52,-26.0,1.56,5.85,0.41,467.71,-2.15,7711.67
2935,0.07,0.48,-0.26,15.56,-22.63,-2.96,-15.22,22.63,-8.96,241.12,8.19,9996.67
2936,-0.22,0.45,-0.37,-21.48,-52.26,-2.96,-7.82,18.93,-2.7,241.18,20.3,10003.33
2937,-0.75,0.82,-0.82,37.93,-86.08,45.67,-64.19,30.86,-25.74,241.32,18.75,10000.0
2938,-0.64,0.41,-0.74,52.75,-100.56,75.3,-93.82,27.15,-35.71,443.76,10.22,8590.0
2939,-0.41,0.6,-0.93,52.75,-74.64,71.6,-112.01,20.89,-34.56,443.66,-3.48,8583.33
2940,-0.41,0.6,-0.93,52.75,-74.64,71.6,-89.78,28.3,-30.86,443.73,-8.86,8586.67
2941,-0.52,1.01,-1.01,37.93,-60.15,41.97,-67.56,35.71,-27.15,241.22,-7.26,10016.67
2942,-0.67,0.86,-0.67,45.34,-86.08,60.15,-67.56,35.71,-27.15,241.22,-7.26,10016.67
2943,-0.56,0.56,-0.15,11.52,-37.45,29.71,-40.82,12.67,-0.41,241.08,4.85,10010.0
2944,-0.48,0.41,0.14,48.56,-33.74,33.41,-33.41,8.96,5.85,241.15,11.78,9990.0
2945,0.34,-0.15,0.37,7.33,11.52,-26.0,11.52,-0.41,17.78,240.98,20.3,10000.0
2946,0.15,0.33,0.03,52.59,-18.93,0.74,-7.82,18.93,-2.7,241.18,15.12,10006.67
2947,0.48,-0.04,0.26,-18.26,11.52,-44.19,8.96,-0.41,17.78,240.98,6.6,10010.0
2948,-0.04,0.33,-0.19,41.15,-22.3,4.44,-35.97,8.96,5.85,241.15,-1.93,10010.0
2949,-0.11,0.48,-0.48,4.11,-26.0,0.74,-35.97,8.96,5.85,241.15,-1.93,10013.33
2950,-0.51,0.64,-0.95,60.12,-49.04,75.3,-49.04,28.3,-14.63,494.84,13.34,6750.0
2951,-0.58,0.83,-0.77,71.56,-30.86,71.6,-49.04,28.3,-14.63,494.87,23.56,6743.33
2952,-0.43,0.49,-0.65,97.16,-45.34,79.0,-67.23,22.04,-13.49,671.52,13.23,6316.67
2953,-0.38,0.52,-0.56,86.08,-70.93,38.26,-78.34,25.74,-19.75,417.96,-0.44,9586.67
2954,-0.38,0.34,-0.71,60.15,-89.12,27.15,-60.15,32.0,-20.89,418.03,-2.15,9583.33
2955,-0.67,0.52,-0.49,41.97,-100.56,37.93,-45.67,30.86,-24.6,241.35,15.11,10000.0
2956,-0.08,0.15,-0.08,-2.96,-66.74,4.11,-11.52,11.52,-5.26,241.15,25.45,10003.33
2957,0.3,-0.45,0.52,-59.34,-25.52,-18.93,5.26,-7.82,15.22,240.95,30.63,10020.0
2958,1.15,-0.97,0.86,-74.97,19.75,-60.15,25.74,-27.15,34.56,240.68,25.41,10013.33
2959,0.86,-0.86,0.89,-86.41,34.56,-45.67,22.04,-34.56,32.0,240.72,11.67,10006.67
2960,1.04,-0.6,0.67,-56.78,27.15,-38.26,22.04,-38.26,22.04,477.1,11.67,7368.33
2961,0.41,-0.08,0.3,-11.52,11.52,-11.52,1.56,-18.93,2.7,477.37,16.89,7388.33
2962,-0.0,0.59,-0.37,59.34,-22.63,33.41,-28.89,7.82,-14.08,477.53,20.3,7385.0
2963,-0.67,1.34,-0.97,100.56,-41.97,74.64,-45.67,30.86,-24.6,241.35,15.11,10016.67
2964,-0.63,1.08,-1.19,78.34,-60.15,100.56,-71.6,34.56,-32.0,241.25,6.63,10013.33
2965,-0.19,0.48,-0.59,18.93,-26.0,41.15,-47.41,4.11,-8.96,241.02,15.27,10016.67
2966,-0.19,0.48,-0.59,18.93,-26.0,41.15,-54.82,7.82,-15.22,240.95,8.34,10006.67
2967,-0.45,0.74,-0.34,11.52,-37.45,29.71,-43.37,5.26,-4.11,240.98,1.37,10010.0
2968,-0.71,0.93,-0.75,70.93,-86.08,78.34,-60.15,32.0,-20.89,241.28,-0.33,10020.0
2969,-0.56,0.45,-0.6,60.15,-100.56,89.78,-52.75,28.3,-14.63,241.35,6.6,10023.33
2970,-0.64,0.41,-0.74,52.75,-100.56,75.3,-52.75,28.3,-14.63,241.35,6.6,10010.0
2971,-0.52,0.11,-0.22,18.93,-51.93,44.85,-26.0,12.67,-1.56,447.16,-3.74,8458.33
2972,0.0,-0.15,0.22,-11.52,-18.11,-7.82,-9.22,-10.37,8.96,683.34,1.44,5833.33
2973,0.86,-0.71,0.45,-27.15,27.15,-64.19,28.3,-23.45,28.3,891.5,13.37,4208.33
2974,0.37,-0.26,0.0,-18.93,-32.92,-37.45,-16.63,-14.08,16.37,685.6,15.19,5743.33
2975,-0.3,0.48,-0.59,22.3,-52.26,3.78,-40.82,12.67,-0.41,449.35,3.07,8371.67
2976,-0.97,1.3,-1.08,63.53,-71.6,74.64,-78.34,25.74,-19.75,428.45,-1.89,9163.33
2977,-0.89,1.34,-0.93,70.93,-71.6,89.12,-60.15,32.0,-20.89,428.55,6.63,9180.0
2978,-1.01,1.11,-0.53,52.75,-97.52,89.12,-60.15,32.0,-20.89,428.55,6.63,9190.0
2979,-0.6,0.44,0.14,-18.11,-63.37,44.19,-25.19,21.48,-12.67,241.22,1.26,10026.67
2980,-0.45,0.59,-0.19,-25.52,-37.45,26.0,-54.82,17.78,-22.63,241.08,-0.3,10026.67
2981,0.41,0.04,-0.07,-48.56,18.93,-33.41,-24.37,-5.26,4.11,484.66,13.56,7138.33
2982,0.41,0.04,-0.07,-48.56,18.93,-33.41,-14.41,-4.11,7.82,484.56,23.89,7135.0
2983,1.08,-0.67,0.49,-82.38,38.26,-74.64,32.0,-17.19,27.15,484.36,30.63,7121.67
2984,0.64,-0.6,0.67,-74.97,41.97,-56.45,35.71,-13.49,19.75,240.58,27.12,10010.0
2985,0.41,-0.33,0.19,-4.11,-6.67,-22.3,8.96,2.15,6.67,240.85,23.71,10020.0
2986,-0.33,0.3,-0.45,44.52,-26.0,48.56,-26.0,12.67,-1.56,241.08,10.0,10016.67
2987,-0.11,0.08,-0.22,33.41,-3.78,41.15,-35.97,8.96,5.85,241.15,11.78,10003.33
2988,-0.19,0.26,-0.04,44.85,14.41,37.45,-39.67,1.56,3.29,241.12,18.7,10006.67
2989,-0.19,0.26,-0.04,44.85,14.41,37.45,-51.11,4.11,-7.82,241.08,25.67,10010.0
2990,-0.56,0.71,-0.82,79.0,-56.45,97.52,-67.89,23.45,-28.3,241.28,20.49,10003.33
2991,-0.71,0.56,-0.97,79.0,-74.64,93.82,-93.82,30.86,-35.71,496.05,20.49,6740.0
2992,-0.49,0.41,-0.89,64.19,-89.12,67.89,-82.38,28.3,-28.3,743.41,27.23,3743.33
2993,0.07,0.11,-0.41,15.56,-55.3,-2.96,-65.6,1.56,-11.52,743.11,28.93,3746.67
2994,0.41,-0.22,0.07,-29.71,-6.67,-26.0,-16.63,-25.19,15.22,488.07,23.71,7000.0
2995,0.97,-0.67,0.74,-37.93,27.15,-52.75,18.34,-35.71,27.15,240.52,23.71,10013.33
2996,0.3,-0.04,0.07,10.7,18.93,-11.52,-28.07,-8.96,10.37,483.1,22.01,7183.33
2997,-0.11,0.45,-0.23,26.33,-41.15,29.71,-65.6,11.52,-5.26,681.41,23.71,5930.0
2998,-0.41,0.59,-0.37,0.74,-26.34,11.52,-63.04,11.52,-5.26,874.29,10.0,4875.0
2999,0.3,-0.0,0.41,-22.3,-18.11,-11.52,-16.63,-5.26,4.11,631.68,15.19,7721.67
3000,0.89,-0.67,0.6,-4.04,11.52,-0.08,-2.15,-6.41,0.41,690.93,13.59,5638.33
3001,0.48,-0.15,0.07,29.78,-22.63,41.15,-28.89,14.08,-15.22,498.32,15.19,6686.67
3002,-0.3,0.45,-0.67,52.82,-41.97,93.82,-49.37,23.45,-27.15,498.62,16.93,6676.67
3003,-0.74,1.27,-1.19,27.15,-45.67,64.19,-45.67,30.86,-24.6,241.35,15.11,10003.33
3004,-0.26,0.41,-0.34,7.82,10.7,33.74,-11.52,11.52,-5.26,241.15,25.45,10010.0
3005,0.22,-0.04,0.26,-40.82,44.85,-37.11,18.93,3.29,10.37,240.92,21.93,10016.67
3006,0.6,-0.64,0.86,-86.08,79.0,-63.86,35.71,-13.49,19.75,240.58,27.12,10036.67
3007,0.82,-0.45,0.45,-82.38,41.97,-56.45,28.3,-14.63,16.04,455.76,28.89,8148.33
3008,1.04,-0.67,0.34,-64.19,27.15,-67.89,28.3,-14.63,16.04,455.76,28.89,8151.67
3009,1.34,-0.78,0.3,-52.75,12.34,-82.38,34.56,-20.89,17.19,455.86,13.37,8138.33
3010,0.78,-0.44,-0.03,-11.52,-21.48,-51.93,7.82,-0.41,1.56,457.02,-2.15,8096.67
3011,0.29,-0.03,-0.33,29.71,-55.3,8.15,-18.93,15.22,-11.52,457.28,-5.55,8086.67
3012,-0.3,0.34,-0.74,74.64,-89.12,41.97,-45.67,30.86,-24.6,457.48,11.71,8083.33
3013,-0.11,-0.07,-0.0,15.22,-55.3,-18.11,-18.93,11.52,2.15,492.38,25.38,6875.0
3014,-0.15,-0.14,-0.04,4.44,-55.3,4.11,-37.11,5.26,3.29,492.28,16.85,6881.67
3015,-0.08,-0.14,-0.07,18.93,-55.3,18.93,-51.6,6.41,7.0,668.96,-0.41,6468.33
3016,-0.15,-0.03,-0.3,44.52,-40.49,48.56,-44.19,6.41,-0.41,623.8,-14.08,8051.67
3017,-0.15,-0.03,-0.3,44.52,-40.49,48.56,-33.41,16.37,-7.82,806.82,-14.08,7375.0
3018,0.15,-0.63,0.34,-26.34,0.74,10.7,7.82,-0.41,1.56,629.94,-14.08,7805.0
3019,0.37,-0.85,0.56,-37.45,22.96,3.3,0.41,-4.11,8.96,423.93,1.44,9356.67
3020,0.97,-1.15,0.93,-67.89,67.89,-67.56,30.86,-27.15,35.71,484.53,16.89,7148.33
3021,1.12,-0.97,0.6,-56.45,60.49,-89.78,34.56,-19.75,38.26,713.74,30.63,4760.0
3022,0.74,-0.52,-0.18,-22.3,-10.37,-29.71,7.82,3.29,11.52,713.87,18.52,4763.33
3023,0.15,-0.22,-0.55,8.15,-55.3,41.15,-22.63,26.33,-15.22,470.29,4.67,7635.0
3024,0.26,-0.14,-0.3,33.74,-55.3,70.78,-22.63,26.33,-15.22,241.05,4.67,10020.0
3025,0.82,-0.44,0.19,-14.89,-21.48,-0.08,11.52,7.0,4.11,240.85,15.0,10000.0
3026,0.63,-0.11,0.04,-14.89,-7.0,-0.08,0.74,-2.97,11.52,240.82,13.41,9996.67
3027,0.41,-0.3,0.22,-26.0,30.04,-7.48,-9.22,-14.08,15.22,240.78,11.71,10000.0
3028,-0.15,0.0,-0.26,22.63,-3.78,63.37,-54.15,-4.7,3.29,240.95,-0.22,10003.33
3029,-0.11,0.15,-0.26,33.41,-3.78,51.93,-39.67,-5.85,-0.41,409.52,6.74,9926.67
3030,-0.67,0.93,-1.19,67.56,-60.15,112.01,-56.45,20.89,-17.19,409.82,5.04,9916.67
3031,-0.3,0.37,-0.48,33.41,-18.93,29.71,-21.48,10.37,-8.96,409.59,18.75,9926.67
3032,0.45,-0.37,0.26,-0.41,0.41,-11.52,1.56,-8.96,10.37,240.82,22.01,10010.0
3033,0.52,-0.3,0.33,-15.22,0.41,-41.15,-5.85,-5.26,4.11,240.95,25.41,10003.33
3034,0.11,0.52,-0.15,41.15,-22.63,15.22,-26.33,4.11,-7.82,241.25,27.15,10003.33
3035,-0.75,1.04,-0.49,56.78,-67.89,56.45,-75.3,27.15,-34.56,241.42,23.89,10000.0
3036,-0.34,0.52,0.03,22.96,-33.74,15.22,-44.85,0.41,-17.78,241.05,10.15,10006.67
3037,0.04,-0.26,0.48,-59.34,-10.7,-18.93,-24.37,-18.93,1.56,451.42,3.23,8291.67
3038,0.82,-0.86,0.56,-82.38,34.56,-89.78,24.6,-34.56,32.0,659.61,8.19,6670.0
3039,1.04,-1.08,0.45,-64.19,19.75,-101.23,18.34,-28.3,30.86,659.51,23.71,6666.67
3040,0.52,-0.22,-0.37,-4.11,-7.0,-41.15,-16.63,-7.82,15.22,449.08,15.19,8381.67
3041,0.26,-0.07,-0.18,-33.74,7.82,-15.22,-9.22,-4.11,7.82,240.75,15.19,10013.33
3042,-0.37,0.67,-0.6,-18.11,-11.52,37.45,-33.41,16.37,-7.82,241.22,13.41,10010.0
3043,-0.37,0.67,-0.6,-18.11,-11.52,37.45,-15.22,22.63,-8.96,415.9,23.64,9670.0
3044,-0.26,0.41,-0.34,7.82,10.7,33.74,-18.93,15.22,-11.52,415.93,9.89,9670.0
3045,0.37,-0.33,0.08,-7.82,30.04,-18.93,7.82,-5.26,4.11,415.47,9.89,9666.67
3046,0.41,-0.19,0.08,2.96,30.04,-30.37,7.82,-5.26,4.11,240.88,8.19,10013.33
3047,0.34,0.15,-0.26,-11.52,7.82,-41.15,4.11,-8.96,10.37,240.82,20.23,10016.67
3048,-0.22,0.56,-0.52,15.22,-26.0,4.11,-18.93,0.41,-1.56,241.12,23.75,10020.0
3049,0.41,-0.11,0.19,-55.63,8.15,-37.11,7.82,-22.63,7.82,489.58,13.41,6965.0
3050,0.15,0.08,-0.22,3.78,-40.49,11.52,-15.22,-3.29,-11.52,489.85,18.63,6965.0
3051,-0.08,0.26,-0.04,0.08,-51.93,37.11,-15.22,-3.29,-11.52,668.61,15.11,6468.33
3052,-0.56,0.45,-0.6,60.15,-100.56,89.78,-60.15,13.49,-19.75,420.04,16.93,9513.33
3053,-0.08,0.11,-0.19,18.93,-66.74,59.34,-39.67,-2.15,-6.67,656.26,15.19,6878.33
3054,0.56,-0.7,0.26,-7.82,-14.07,-11.52,-12.93,-17.78,6.41,477.3,1.44,7388.33
3055,0.93,-1.26,0.97,-41.97,27.15,-93.82,32.0,-27.15,18.34,477.13,13.37,7378.33
3056,0.3,-0.59,0.45,-26.33,7.82,-70.78,15.22,-4.11,7.82,240.95,8.19,10003.33
3057,0.19,-0.22,0.26,-52.26,15.22,-44.85,18.93,3.29,10.37,240.92,21.93,9986.67
3058,-0.22,0.59,-0.23,4.11,-7.82,11.52,-7.82,18.93,-2.7,241.18,18.53,9986.67
3059,0.26,-0.26,0.63,-15.22,48.56,-18.93,15.22,-4.11,7.82,240.95,8.19,9993.33
3060,0.59,-0.34,0.7,21.81,33.74,-15.22,15.22,-4.11,7.82,435.94,9.97,8875.0
3061,1.0,-1.04,1.26,-34.56,86.41,-49.37,34.56,-20.89,17.19,435.61,15.15,8891.67
3062,0.93,-0.71,0.93,-49.04,64.19,-60.15,30.86,-17.19,27.15,435.64,30.67,8898.33
3063,0.37,-0.37,0.37,-15.22,30.37,-29.71,-25.52,-5.26,4.11,240.78,23.93,10020.0
3064,-0.19,0.41,-0.56,18.93,-26.0,30.37,-48.56,4.11,-7.82,241.08,25.67,10020.0
3065,-0.63,1.01,-1.15,78.34,-60.15,89.78,-71.6,16.04,-30.86,241.25,27.41,10020.0
3066,-0.15,0.6,-0.85,37.11,-26.33,29.71,-25.19,2.97,-11.52,241.05,34.15,10023.33
3067,0.63,0.0,-0.11,14.07,-7.0,-22.96,1.56,-12.67,1.56,240.85,16.89,10016.67
3068,0.52,-0.22,0.3,-4.11,-32.92,-22.96,-2.15,-1.56,-2.15,240.82,3.04,9996.67
3069,0.15,-0.11,0.52,3.29,-18.11,6.67,7.82,-0.41,1.56,240.88,1.26,10010.0
3070,-0.45,0.15,-0.08,26.33,-51.93,59.34,-22.63,26.33,-15.22,241.05,4.67,10003.33
3071,-0.22,-0.03,-0.26,30.04,-40.49,33.74,-15.22,22.63,-8.96,241.12,11.6,10016.67
3072,-0.49,0.6,-0.89,38.26,-74.64,56.78,-60.15,32.0,-20.89,241.28,-0.33,10006.67
3073,-0.11,0.04,-0.19,4.11,-33.41,-25.52,-29.71,5.26,-4.11,241.12,-3.74,10020.0
3074,-0.41,0.19,-0.15,-7.0,-44.85,-14.41,-37.11,8.96,-10.37,241.05,-10.67,10013.33
3075,-0.3,-0.22,-0.07,7.82,-59.34,15.22,-18.93,15.22,-11.52,241.15,-2.15,10003.33
3076,-0.67,0.34,-0.78,41.97,-100.56,97.52,-41.97,38.26,-22.04,241.38,8.19,9986.67
3077,-0.3,0.19,-0.85,67.56,-89.12,101.23,-41.97,38.26,-22.04,457.52,4.78,8070.0
3078,0.07,-0.26,-0.07,33.41,-18.26,41.15,-18.93,15.22,-11.52,457.28,-5.55,8083.33
3079,0.33,-0.45,0.45,-26.67,30.37,-15.22,-2.15,-4.11,8.96,457.08,-0.37,8093.33
3080,0.04,-0.26,0.67,-52.26,48.56,-4.44,5.26,-7.82,15.22,459.4,13.37,8010.0
3081,-0.37,0.44,0.11,4.11,-4.11,29.71,-35.97,8.96,5.85,459.53,15.19,8006.67
3082,-0.9,0.89,-0.16,56.78,-64.19,74.64,-60.15,32.0,-20.89,459.67,3.07,7996.67
3083,-0.3,0.11,0.26,11.52,-41.15,26.0,-33.41,16.37,-7.82,241.02,3.07,10000.0
3084,-0.11,-0.37,0.59,-33.74,-10.7,-0.74,7.82,-0.41,1.56,240.88,1.26,9990.0
3085,0.11,-0.37,0.56,-4.11,18.93,-15.22,11.52,-11.52,5.26,240.92,13.37,9993.33
3086,0.15,-0.41,0.59,21.81,18.93,-37.45,1.56,-12.67,1.56,240.85,15.15,9996.67
3087,-0.15,0.3,-0.11,55.63,-15.22,3.78,-51.11,6.67,-18.93,240.95,23.93,9996.67
3088,-0.08,0.11,-0.3,44.19,-33.41,7.48,-77.04,10.37,-26.33,240.85,17.19,10013.33
3089,-0.49,0.75,-0.93,74.64,-74.64,52.75,-112.01,20.89,-34.56,241.08,3.48,10006.67
3090,-0.3,0.34,-0.74,74.64,-89.12,41.97,-89.78,28.3,-30.86,457.28,-5.3,8096.67
3091,0.03,-0.29,-0.07,29.71,-47.89,-18.11,-43.37,15.22,-11.52,457.08,1.44,8080.0
3092,0.03,-0.29,-0.07,29.71,-47.89,-18.11,-54.82,17.78,-22.63,457.05,8.41,8086.67
3093,-0.11,0.04,-0.22,18.93,-22.3,-25.52,-65.6,7.82,-15.22,461.7,18.75,7920.0
3094,-0.45,0.67,-0.89,63.86,-63.53,34.56,-82.38,24.6,-24.6,657.85,3.23,6756.67
3095,0.15,0.3,-0.48,18.93,-29.71,0.74,-29.71,5.26,-4.11,657.75,-5.55,6743.33
3096,-0.0,0.15,-0.11,4.11,-44.52,18.93,-15.22,15.22,-11.52,676.87,-2.15,6076.67
3097,-0.19,0.56,-0.3,4.11,-30.04,29.71,-33.41,8.96,-10.37,480.95,-0.33,7243.33
3098,-0.22,0.52,-0.45,22.3,-30.04,18.26,-37.11,5.26,-4.11,480.88,11.71,7260.0
3099,-0.3,0.48,-0.59,22.3,-52.26,3.78,-37.11,-5.85,-0.41,241.02,15.22,10013.33
3100,-0.11,0.08,-0.41,22.3,-66.74,-7.0,-22.63,-7.0,-4.11,241.08,30.67,10023.33
3101,-0.48,0.19,-0.19,29.71,-51.93,22.63,-25.19,-7.0,-4.11,241.08,30.67,10010.0
3102,0.19,-0.56,0.37,-15.56,0.74,-11.52,5.26,-15.22,11.52,240.85,23.75,10016.67
3103,0.11,-0.37,0.56,-4.11,18.93,-15.22,8.96,-7.82,14.08,240.88,16.82,10013.33
3104,-0.22,-0.04,0.07,41.15,-29.71,7.82,-37.45,18.93,-12.67,495.92,22.04,6766.67
3105,-0.71,0.97,-0.75,112.01,-56.45,56.45,-82.38,28.3,-24.6,683.35,20.49,5923.33
3106,-0.82,1.19,-1.12,100.56,-60.15,70.93,-82.38,28.3,-24.6,683.35,20.49,5930.0
3107,-0.3,0.56,-0.52,18.26,-18.93,40.49,-33.41,1.56,2.15,428.31,15.27,9180.0
3108,-0.15,0.08,-0.37,7.48,-33.41,51.93,-44.85,4.11,-8.96,443.6,8.3,8596.67
3109,-0.0,-0.4,-0.22,-3.3,-47.89,63.37,-63.04,-2.15,-7.82,443.5,-0.22,8580.0
3110,-0.49,0.6,-1.04,67.56,-74.64,112.01,-100.56,18.34,-23.45,443.7,-10.45,8580.0
3111,-0.15,0.08,-0.37,7.48,-33.41,51.93,-54.15,-4.7,3.29,240.95,-0.22,10006.67
3112,0.19,-0.45,0.3,-52.59,7.82,-8.15,-9.22,-14.08,15.22,240.78,11.71,10013.33
3113,0.22,-0.59,0.26,-63.37,18.93,-26.33,-20.67,-7.82,14.08,483.17,20.23,7180.0
3114,-0.22,0.34,-0.48,-18.11,-7.82,4.11,-41.15,11.52,-5.26,683.69,18.53,5836.67
3115,-0.67,1.27,-1.23,27.15,-34.56,34.56,-75.3,30.86,-24.6,683.89,8.19,5846.67
3116,-0.82,1.19,-0.79,19.75,-71.6,52.75,-45.67,30.86,-24.6,441.61,8.19,8690.0
3117,-0.11,0.52,-0.12,11.52,-52.26,29.71,-25.19,21.48,-12.67,241.05,13.37,10036.67
3118,-0.15,0.59,-0.19,37.11,-52.26,47.89,-47.41,14.08,-16.37,240.98,18.75,10016.67
3119,-0.07,0.67,-0.6,44.52,-26.33,59.34,-51.11,6.67,-18.93,240.95,25.67,10016.67
3120,-0.52,0.71,-0.63,44.52,-11.52,59.34,-48.56,-3.29,-11.52,240.98,22.19,10006.67
3121,-0.7,0.45,-0.37,18.93,-37.45,44.85,-37.11,-5.85,-0.41,241.02,15.22,10013.33
3122,-0.22,-0.0,0.22,-29.71,-3.3,-26.0,-6.67,-14.08,15.22,240.78,11.71,10013.33
3123,-0.11,0.03,0.19,-66.74,-3.3,-29.71,-9.22,-6.67,18.93,240.88,15.19,10013.33
3124,0.26,-0.11,0.11,-41.15,8.15,-26.0,-20.67,-4.11,7.82,240.85,22.15,10026.67
3125,0.48,-0.33,0.0,-22.96,-6.67,-37.45,-30.63,-5.26,4.11,240.78,23.93,10016.67
3126,0.59,-0.7,0.19,2.96,-14.07,-63.37,-24.37,-8.96,-5.85,240.75,8.41,10016.67
3127,0.56,-0.78,0.15,-7.82,-14.07,-41.15,5.26,-5.26,4.11,240.75,16.89,9996.67
3128,-0.23,-0.18,0.07,15.22,-59.34,29.71,-15.22,4.11,-7.82,419.81,15.11,9496.67
3129,-0.64,0.45,-0.56,45.67,-100.56,74.97,-45.67,30.86,-24.6,419.97,18.52,9496.67
3130,-0.04,0.19,0.03,22.63,-66.74,22.3,-18.93,15.22,-11.52,419.84,15.0,9503.33
3131,0.48,-0.26,0.3,-30.04,-6.67,-22.63,7.82,-0.41,1.56,420.88,4.67,9461.67
3132,0.52,-0.33,0.22,-26.34,-6.67,14.41,7.82,-0.41,1.56,603.87,3.07,8791.67
3133,0.52,-0.33,0.22,-26.34,-6.67,14.41,-2.15,-11.52,5.26,603.83,1.37,8785.0
3134,0.56,-0.26,0.15,-14.89,-6.67,-0.08,-8.41,-7.82,15.22,423.87,13.48,9333.33
3135,1.12,-0.56,0.63,-63.53,27.15,-70.93,18.34,-30.86,41.97,240.75,27.19,10003.33
3136,0.26,-0.04,0.3,-47.89,-18.11,-29.71,-2.15,-11.52,22.63,419.77,28.89,9510.0
3137,-0.0,0.15,-0.11,11.52,-66.74,18.93,-22.63,0.41,-0.41,419.94,30.63,9513.33
3138,-0.6,0.71,-0.38,82.38,-82.38,63.86,-41.97,19.75,-20.89,420.14,25.45,9503.33
3139,-0.0,0.04,-0.19,100.64,-52.75,75.3,-41.97,19.75,-20.89,498.68,23.86,6670.0
3140,0.26,-0.15,0.22,41.22,-4.11,26.67,-11.52,11.52,-5.26,498.45,20.34,6670.0
3141,0.67,-0.86,0.78,-15.15,48.56,-7.48,5.26,-5.26,4.11,498.12,25.52,6680.0
3142,0.37,-0.37,0.37,-15.22,30.37,-29.71,1.56,5.85,0.41,240.78,16.78,10020.0
3143,-0.08,0.22,-0.22,44.19,-3.78,29.71,-25.19,21.48,-12.67,241.05,13.37,10023.33
3144,-0.08,0.22,-0.22,44.19,-3.78,29.71,-22.63,21.48,-12.67,241.05,13.37,10030.0
3145,0.45,-0.15,0.22,-15.22,30.04,-18.93,11.52,2.15,6.67,240.85,23.71,10016.67
3146,0.59,-0.63,0.37,-26.0,15.56,-7.48,-6.67,-4.11,7.82,240.75,15.19,10013.33
3147,0.74,-0.52,-0.07,-22.3,-21.48,-29.71,-6.67,-6.67,18.93,449.15,13.41,8378.33
3148,0.07,0.19,-0.63,11.52,-40.82,11.52,-33.41,8.96,5.85,449.41,10.0,8385.0
3149,-0.11,0.52,-0.78,11.52,-26.33,11.52,-22.63,18.93,-1.56,449.45,11.6,8375.0
3150,-0.37,0.67,-0.6,-18.11,-11.52,37.45,-22.63,11.52,-5.26,440.5,1.26,8708.33
3151,-0.3,0.34,-0.45,-7.0,-26.0,30.04,-22.63,11.52,-5.26,440.5,1.26,8715.0
3152,-0.15,0.08,-0.22,-10.7,-40.49,-7.0,-22.63,11.52,-5.26,440.5,1.26,8715.0
3153,-0.41,0.27,-0.74,49.37,-89.12,49.38,-45.67,30.86,-24.6,241.35,15.11,10013.33
3154,-0.34,0.27,-0.78,63.86,-89.12,64.19,-49.37,23.45,-27.15,241.32,4.78,10000.0
3155,-0.04,0.0,-0.33,7.48,-40.49,44.85,-18.93,-3.29,-10.37,241.15,1.37,10000.0
3156,-0.37,0.22,-0.22,-7.33,-51.93,18.93,-15.22,4.11,-7.82,241.18,-5.55,10006.67
3157,-0.45,0.41,-0.04,4.11,-33.74,15.22,-41.15,7.82,-15.22,241.08,3.23,10006.67
3158,-1.04,0.82,-0.45,49.38,-93.82,45.67,-71.6,34.56,-32.0,241.25,6.63,10006.67
3159,-0.45,0.41,-0.04,4.11,-33.74,15.22,-52.26,7.82,-15.22,240.95,8.34,10000.0
3160,-0.45,0.41,-0.04,4.11,-33.74,15.22,-40.82,5.26,-4.11,241.02,11.6,10006.67
3161,0.41,-0.15,0.19,-11.52,11.52,-41.15,-14.07,-15.22,11.52,240.75,23.71,10016.67
3162,0.45,-0.08,0.11,-0.08,11.52,-55.63,-16.63,-15.22,11.52,240.75,23.71,10010.0
3163,0.75,-0.52,0.41,-82.38,41.97,-86.08,24.6,-32.0,20.89,420.58,15.08,9468.33
3164,0.38,-0.41,0.63,-74.97,56.78,-56.45,22.04,-34.56,32.0,420.72,15.08,9451.67
3165,0.67,-0.56,0.78,-49.38,41.97,-38.26,28.3,-30.86,25.74,420.78,3.04,9461.67
3166,0.78,-0.82,1.0,-49.38,34.56,-64.19,46.49,-24.6,24.6,479.63,8.41,7295.0
3167,0.63,-0.59,0.45,-26.34,-14.07,-11.52,0.08,-8.96,-5.85,479.7,1.67,7301.67
3168,0.37,-0.85,0.52,-63.37,-6.67,-18.93,-6.18,-5.26,4.11,479.73,17.19,7285.0
3169,-0.11,0.0,-0.3,-18.11,-33.41,33.74,-77.04,7.82,-15.22,240.98,17.19,10003.33
3170,0.19,-0.11,0.15,-66.74,15.22,-37.11,-28.07,-15.22,11.52,240.82,20.45,10013.33
3171,-0.15,0.41,-0.52,-6.67,-26.0,22.96,-52.26,7.82,-15.22,240.95,8.34,10033.33
3172,0.3,-0.52,0.23,-51.93,0.74,-7.48,0.41,-11.52,5.26,240.85,-0.44,10020.0
3173,-0.26,-0.15,0.04,-10.7,-59.34,51.93,-37.11,8.96,-10.37,241.05,-10.67,10006.67
3174,-0.37,0.26,-0.04,-25.52,-44.85,22.3,-29.71,5.26,-4.11,241.12,-3.74,10003.33
3175,-0.19,0.45,-0.37,4.11,-52.26,0.08,-26.0,12.67,-1.56,241.08,10.0,10010.0
3176,-0.19,0.45,-0.37,4.11,-52.26,0.08,-37.45,15.22,-12.67,241.05,16.97,10016.67
3177,-0.19,0.45,-0.37,4.11,-52.26,0.08,-41.15,7.82,-15.22,441.27,16.97,8673.33
3178,-0.86,1.26,-0.86,45.34,-71.6,70.93,-67.89,23.45,-28.3,441.54,13.56,8676.67
3179,-0.63,1.26,-0.9,74.97,-41.97,56.45,-41.97,19.75,-20.89,441.64,22.04,8680.0
3180,-0.15,0.3,-0.11,55.63,-15.22,3.78,-21.48,7.82,2.15,241.22,27.23,10010.0
3181,-0.1,-0.14,0.02,52.23,-4.11,18.93,-17.78,7.82,2.15,494.71,33.97,6736.67
3182,0.46,-0.73,0.13,-0.44,11.52,-37.45,2.7,-11.52,21.48,682.97,30.45,5855.0
3183,0.09,-0.03,-0.54,30.0,-29.71,22.63,-14.08,4.11,-8.96,920.57,14.93,3191.67
3184,0.07,0.34,-0.59,7.82,-40.82,-10.7,-25.19,7.82,-15.22,667.21,11.6,6455.0
3185,-0.78,0.89,-0.82,23.45,-86.08,45.67,-41.97,34.56,-32.0,478.98,13.37,7333.33
3186,-0.75,0.82,-0.82,37.93,-86.08,45.67,-49.37,41.97,-28.3,241.52,16.78,10006.67
3187,-0.67,0.49,-0.67,49.04,-100.56,38.26,-45.67,30.86,-24.6,241.35,20.3,10013.33
3188,-0.0,-0.26,-0.11,3.78,-47.89,4.11,-28.89,4.11,-7.82,241.05,16.82,10020.0
3189,-0.37,-0.11,-0.04,-21.81,-59.34,0.41,-51.11,-3.29,-11.52,240.98,22.19,10020.0
3190,-0.45,0.22,-0.19,-32.92,-44.85,7.82,-47.41,4.11,-8.96,241.02,15.27,10016.67
3191,-0.48,0.63,-0.41,-21.48,-37.45,-2.96,-44.85,4.11,-8.96,241.02,15.27,10000.0
3192,-0.15,0.41,-0.52,4.11,-26.0,22.96,-18.93,0.41,-1.56,464.21,8.3,7826.67
3193,0.56,-0.26,0.15,-4.11,-6.67,-0.08,0.41,-26.33,15.22,463.91,15.22,7833.33
3194,0.82,-0.44,0.19,-4.11,-21.48,-0.08,0.41,-26.33,15.22,463.91,15.22,7853.33
3195,0.85,-0.37,0.22,-4.11,-21.48,-22.3,-25.52,-22.63,7.82,240.72,22.19,10016.67
3196,0.63,-0.56,0.41,-15.22,15.56,-29.71,-28.07,-12.67,0.41,240.68,20.45,10013.33
3197,-0.26,-0.04,0.04,18.6,-29.71,15.22,-77.04,10.37,-26.33,240.85,17.19,10006.67
3198,0.3,-0.37,0.59,-15.22,4.11,-15.22,-30.63,-12.67,0.41,240.68,20.45,10003.33
3199,0.26,-0.45,0.48,-41.15,-25.52,-15.22,-30.63,-15.22,11.52,240.82,20.45,10013.33
3200,0.59,-0.67,0.37,-26.34,-14.07,10.7,-4.7,-18.93,18.93,240.92,28.93,10013.33
3201,0.56,-0.7,0.26,-51.93,-14.07,-7.48,5.26,-7.82,15.22,240.95,30.63,10026.67
3202,0.78,-0.48,0.08,-40.49,-21.48,-18.26,7.82,-15.22,11.52,240.85,27.15,10026.67
3203,0.74,-0.22,0.3,-18.26,-3.29,-44.19,7.82,-15.22,11.52,240.85,25.41,10016.67
3204,0.04,0.56,-0.34,41.15,-22.63,15.22,-22.63,-7.0,-4.11,241.08,28.93,10023.33
3205,-0.71,1.19,-0.97,89.78,-41.97,86.08,-45.67,12.34,-23.45,241.35,34.15,10010.0
3206,-0.71,1.19,-0.97,89.78,-41.97,86.08,-71.6,16.04,-30.86,241.25,27.41,10013.33
3207,-0.15,0.26,-0.15,44.85,14.41,37.45,-44.85,0.41,-17.78,465.52,22.19,7791.67
3208,0.19,-0.3,0.56,21.81,48.56,-15.22,-21.81,-18.93,1.56,465.25,16.97,7795.0
3209,-0.11,-0.34,0.45,-15.22,18.93,-15.22,-21.81,-18.93,1.56,465.25,16.97,7801.67
3210,-0.7,0.45,-0.37,18.93,-37.45,44.85,-52.26,7.82,-15.22,434.65,16.97,8926.67
3211,-1.19,0.89,-0.82,27.15,-97.52,71.6,-75.3,27.15,-34.56,646.42,22.19,7173.33
3212,-0.33,0.34,-0.59,11.52,-52.26,15.22,-26.33,11.52,-4.11,646.36,28.93,7160.0
3213,0.15,-0.11,0.15,-11.52,-18.11,-55.63,4.11,-18.93,18.93,686.49,18.7,5701.67
3214,0.86,-0.89,0.75,-30.86,34.56,-112.01,27.15,-38.26,38.26,474.72,13.48,7445.0
3215,0.15,-0.22,0.26,-0.41,15.22,-29.71,0.41,-15.22,11.52,474.85,1.37,7445.0
3216,-0.11,-0.03,-0.3,33.41,-33.41,18.93,-30.04,15.22,-11.52,457.15,-0.44,8070.0
3217,-0.49,0.53,-1.0,67.56,-74.64,101.23,-67.56,35.71,-27.15,457.35,-10.67,8073.33
3218,0.22,-0.14,-0.52,37.11,-55.3,18.93,-43.37,5.26,-4.11,457.12,-2.04,8083.33
3219,-0.08,0.04,-0.3,11.52,-44.52,29.71,-39.67,5.26,-4.11,480.88,11.71,7250.0
3220,-0.22,0.52,-0.45,22.3,-30.04,18.26,-39.67,5.26,-4.11,480.88,11.71,7263.33
3221,-0.15,0.59,-0.19,29.71,-30.04,47.89,-39.67,12.67,-0.41,656.8,15.19,6885.0
3222,-0.0,0.67,-0.63,44.52,-15.22,29.71,-65.6,8.96,5.85,659.25,11.78,6801.67
3223,0.52,-0.37,0.22,-0.41,11.52,-41.15,-20.67,-0.41,17.78,659.08,23.71,6785.0
3224,0.08,-0.33,0.19,-0.41,26.33,-41.15,-20.67,-0.41,17.78,483.27,23.71,7153.33
3225,0.15,-0.41,0.59,21.81,18.93,-37.45,8.96,-0.41,17.78,240.98,23.71,9993.33
3226,-0.26,0.22,-0.04,52.26,-22.3,7.82,-25.19,18.93,-1.56,241.18,13.37,10003.33
3227,-0.08,-0.07,0.07,15.22,-29.71,0.41,-25.19,18.93,-1.56,241.18,13.37,10003.33
3228,0.11,-0.56,0.41,-30.04,0.74,-26.33,-5.85,-7.82,15.22,240.88,15.08,10000.0
3229,0.11,-0.56,0.41,-30.04,0.74,-26.33,-28.07,-15.22,11.52,411.45,15.08,9830.0
3230,-0.19,0.04,-0.22,40.82,-40.49,11.52,-44.85,4.11,-8.96,411.65,9.89,9840.0
3231,-0.19,0.04,-0.22,40.82,-40.49,11.52,-44.85,11.52,-5.26,598.04,-2.15,9045.0
3232,0.45,-0.3,0.3,21.48,-6.67,-4.11,4.11,-4.11,25.19,427.35,9.97,9208.33
3233,0.26,0.11,0.11,21.48,7.82,6.67,-3.29,-0.41,18.93,427.28,3.04,9215.0
3234,-0.26,0.52,-0.3,29.71,-22.63,33.41,-52.26,15.22,-11.52,466.6,18.56,7756.67
3235,-1.12,1.04,-0.64,45.34,-67.89,74.64,-75.3,27.15,-34.56,466.76,20.3,7753.33
3236,-1.15,0.89,-0.64,34.56,-67.89,86.08,-67.89,23.45,-28.3,641.41,28.93,7410.0
3237,-0.26,0.37,-0.45,18.93,-52.26,29.71,-15.22,4.11,-7.82,585.48,27.15,9535.0
3238,0.15,-0.37,-0.11,3.29,30.04,-18.93,29.71,-15.22,4.11,838.99,20.27,6333.33
3239,0.3,-0.63,0.11,3.29,15.56,-55.96,29.71,-15.22,4.11,894.58,11.63,4250.0
3240,0.04,-0.48,0.3,-26.34,30.37,-30.04,29.71,-15.22,4.11,724.86,-2.11,4385.0
3241,-0.3,0.34,-0.45,-3.3,-26.0,30.04,-18.93,15.22,-11.52,471.32,-9.08,7586.67
3242,-0.11,0.04,0.04,-26.34,22.63,14.41,7.82,-0.41,1.56,446.96,-12.48,8461.67
3243,0.0,-0.22,0.3,-0.41,44.85,10.7,11.52,7.0,4.11,446.92,1.26,8465.0
3244,0.45,-0.75,0.97,-60.49,79.0,-45.67,35.71,-13.49,19.75,446.66,13.37,8485.0
3245,0.6,-0.64,0.86,-86.08,79.0,-63.86,25.74,-24.6,23.45,240.55,25.41,10026.67
3246,0.08,0.29,-0.07,-41.15,22.63,-15.22,-1.0,-8.96,10.37,447.75,20.45,8430.0
3247,0.41,0.22,-0.0,-4.11,7.82,-11.52,-1.0,-8.96,10.37,447.75,20.45,8430.0
3248,0.52,-0.11,0.33,10.37,30.04,-0.74,8.96,2.15,6.67,632.02,20.45,7721.67
3249,0.7,-0.52,0.52,10.37,15.56,-11.52,-20.67,-1.56,-3.29,424.96,20.45,9308.33
3250,0.11,-0.26,-0.07,33.41,-18.26,41.15,-37.45,15.22,-12.67,425.16,22.19,9288.33
3251,-0.15,-0.03,-0.3,44.52,-40.49,48.56,-37.45,15.22,-12.67,240.92,23.89,10010.0
3252,-0.37,0.34,-0.41,44.52,-26.0,70.78,-15.22,11.52,-5.26,476.02,27.15,7423.33
3253,-0.07,0.22,0.18,21.48,22.63,-0.08,7.82,-15.22,11.52,709.92,11.71,4888.33
3254,-0.22,0.59,-0.34,40.82,-26.0,30.37,-18.93,-3.29,-11.52,947.59,-2.04,2208.33
3255,-0.3,0.41,-0.0,22.63,-51.93,18.93,-15.22,-3.29,-11.52,712.58,3.18,4785.0
3256,-0.6,0.52,-0.6,45.67,-100.56,89.78,-45.67,27.15,-34.56,661.73,3.18,6660.0
3257,-0.18,-0.09,-0.18,-14.41,-55.63,44.56,-30.04,11.52,-4.11,679.22,15.33,6026.67
3258,0.61,-0.68,-0.1,-37.45,-10.37,-26.3,0.41,3.29,11.52,678.99,11.82,6030.0
3259,0.27,-0.46,0.01,-52.26,-21.81,-52.23,4.11,-7.82,15.22,496.04,27.26,6700.0
3260,-0.33,0.34,-0.59,11.52,-52.26,15.22,-18.93,15.22,-11.52,434.78,27.15,8916.67
3261,-1.04,1.01,-1.08,41.97,-71.6,97.52,-49.37,23.45,-27.15,435.02,30.67,8930.0
3262,-0.18,0.45,-0.85,26.33,-26.33,41.15,-22.63,7.82,-14.08,434.82,13.41,8933.33
3263,-0.04,0.19,-0.63,22.63,-40.82,4.11,-44.85,0.41,-17.78,241.05,10.15,10023.33
3264,0.71,-0.44,0.0,-26.0,-21.48,-66.74,-21.81,-18.93,1.56,240.78,4.93,10026.67
3265,0.07,0.3,-0.41,-10.37,-40.82,-14.07,-48.56,-3.29,-11.52,240.98,22.19,10013.33
3266,0.41,0.11,0.11,-29.71,7.82,-47.89,4.11,-26.33,15.22,474.88,15.22,7465.0
3267,-0.52,0.59,-0.23,4.11,-7.82,-2.96,-44.85,-3.29,-11.52,700.6,18.7,5201.67
3268,-0.26,-0.04,0.41,-4.11,26.33,-26.0,-14.41,-11.52,4.11,700.36,15.19,5221.67
3269,-0.56,0.08,-0.19,18.93,-22.3,44.85,-55.63,8.96,-11.52,466.5,15.19,7766.67
3270,-0.3,0.3,-0.41,18.93,-26.0,41.15,-33.41,16.37,-7.82,241.02,3.07,10030.0
3271,-0.08,-0.03,-0.26,7.82,-33.41,11.52,-43.37,12.67,-0.41,438.2,-1.89,8808.33
3272,-0.08,-0.03,-0.26,7.82,-33.41,11.52,-25.19,18.93,-1.56,438.3,6.63,8805.0
3273,0.37,-0.96,0.49,-37.45,-6.67,-18.93,5.26,-7.82,15.22,438.13,3.23,8805.0
3274,0.3,-0.52,0.23,-51.93,0.74,-7.48,11.52,-11.52,5.26,240.98,-5.55,10016.67
3275,0.19,-0.11,0.15,-66.74,15.22,-37.11,11.52,-11.52,5.26,240.98,-5.55,10016.67
3276,0.45,0.15,0.07,-29.71,7.82,-29.71,11.52,-11.52,5.26,240.98,-5.55,10000.0
3277,0.74,0.0,0.22,-4.11,-7.0,-11.52,11.52,-11.52,5.26,240.98,-5.55,10000.0
3278,0.82,-0.33,0.37,7.0,-21.48,-18.93,-6.67,-17.78,6.41,240.88,-14.08,9993.33
3279,0.63,-0.52,0.56,-4.11,15.56,-26.33,-2.96,-10.37,8.96,425.09,-2.04,9288.33
3280,-0.11,0.19,-0.19,11.52,-3.78,14.89,-33.41,16.37,-7.82,653.11,6.74,6951.67
3281,-0.22,0.59,-0.41,26.0,10.7,40.49,-22.63,26.33,-15.22,653.14,8.34,6955.0
3282,-0.63,1.04,-1.19,60.15,-60.15,100.56,-67.56,35.71,-27.15,469.07,-1.89,7666.67
3283,-0.6,1.01,-1.12,52.75,-60.15,82.38,-60.15,32.0,-20.89,241.28,-0.33,9993.33
3284,-0.3,0.3,-0.41,18.93,-26.0,41.15,-29.71,5.26,-4.11,241.12,-3.74,9990.0
3285,-0.14,0.07,0.15,-4.11,22.63,-11.52,11.52,-11.52,5.26,240.98,-5.55,9980.0
3286,0.53,-0.63,0.71,-37.93,41.97,-52.75,28.3,-28.3,14.63,422.85,1.37,9361.67
3287,0.93,-0.71,0.63,-63.53,27.15,-70.93,22.04,-22.04,13.49,422.75,16.89,9365.0
3288,1.34,-0.78,0.56,-89.12,12.34,-89.12,22.04,-22.04,13.49,422.75,16.89,9371.67
3289,1.15,-1.04,0.78,-74.64,19.75,-100.56,28.3,-28.3,14.63,240.65,-0.37,10000.0
3290,0.86,-0.93,0.82,-86.08,34.56,-86.08,38.26,-27.15,18.34,240.72,-2.15,10003.33
3291,0.3,-0.63,0.34,-26.67,0.74,-15.22,11.52,-11.52,5.26,464.01,-0.33,7836.67
3292,0.33,-0.52,0.41,-26.67,30.37,7.0,15.22,-4.11,7.82,648.21,11.71,7125.0
3293,0.11,-0.26,-0.07,44.19,-18.26,41.15,-11.52,11.52,-5.26,648.48,8.3,7128.33
3294,0.7,-0.56,0.3,2.96,26.67,-29.71,15.22,-0.41,17.78,668.94,23.75,6420.0
3295,0.18,0.3,-0.56,22.3,-29.71,0.74,-11.52,15.22,4.7,484.96,22.04,7121.67
3296,-0.04,0.56,-0.74,11.52,-15.22,22.96,-18.93,18.93,-1.56,484.9,15.11,7111.67
3297,-0.26,0.41,-0.34,7.82,10.7,33.74,-15.22,22.63,-8.96,241.12,11.6,9993.33
3298,-0.19,0.08,-0.19,18.93,-3.78,26.34,-33.41,16.37,-7.82,241.02,3.07,9993.33
3299,0.52,-0.59,0.3,-11.52,15.56,-55.96,-6.67,-4.11,7.82,240.75,13.41,9993.33
3300,0.04,0.26,-0.56,7.82,-40.82,-25.52,-37.11,4.11,-7.82,240.98,16.93,9993.33
3301,0.37,0.07,-0.18,-37.11,7.82,-59.34,4.11,-12.67,1.56,240.85,15.11,10003.33
3302,-0.3,0.89,-0.67,4.11,-11.52,11.52,-15.22,4.11,-7.82,448.12,10.15,8426.67
3303,0.19,-0.08,0.11,-15.22,15.22,-41.15,7.82,-15.22,11.52,447.85,4.93,8413.33
3304,-0.3,0.37,-0.48,33.41,-18.93,29.71,-44.85,4.11,-8.96,447.95,13.71,8423.33
3305,-0.11,-0.03,-0.3,33.41,-33.41,18.93,-48.56,-3.29,-11.52,240.98,22.19,10006.67
3306,-0.45,0.6,-0.97,78.34,-74.64,79.0,-71.6,16.04,-30.86,241.25,27.41,10023.33
3307,0.11,-0.29,-0.04,44.19,-18.26,-3.3,-15.22,4.11,-7.82,458.61,27.41,8051.67
3308,0.63,-0.67,0.41,-15.22,15.56,-51.93,15.22,-4.11,7.82,458.37,20.49,8058.33
3309,0.56,-0.48,0.59,-3.78,33.74,-55.63,11.52,7.0,4.11,458.34,6.63,8051.67
3310,0.74,-0.22,0.3,-18.26,-3.29,-44.19,4.11,3.29,11.52,240.92,15.11,10010.0
3311,0.22,0.15,-0.15,41.15,-37.11,4.44,-26.33,11.52,-4.11,241.15,22.04,10003.33
3312,-0.08,0.11,-0.26,4.11,-66.74,4.44,-48.56,4.11,-7.82,241.08,27.41,10006.67
3313,-0.26,-0.04,0.04,18.6,-29.71,15.22,-41.15,7.82,-15.22,241.02,23.89,10013.33
3314,-0.15,-0.34,0.56,-15.22,18.93,-15.22,-20.67,-11.52,4.11,240.75,18.67,10010.0
3315,0.45,-0.75,0.97,-60.49,79.0,-45.67,25.74,-27.15,34.56,240.68,25.41,10006.67
3316,0.23,-0.52,0.74,-49.38,56.78,-38.26,22.04,-34.56,32.0,240.72,11.67,10006.67
3317,-0.18,-0.04,0.44,-33.74,-3.3,2.96,-2.15,-4.11,8.96,240.95,3.04,10023.33
3318,0.08,-0.19,0.26,-4.11,-18.11,-22.96,0.41,-1.56,-2.15,240.82,1.26,10013.33
3319,0.26,-0.48,0.37,-41.15,-25.52,-30.37,0.41,-1.56,-2.15,431.43,11.6,9048.33
3320,0.19,-0.52,0.23,-48.56,-25.52,-44.85,7.82,-5.26,4.11,431.5,18.53,9048.33
3321,-0.3,-0.11,-0.07,-7.33,-59.34,15.22,-15.22,4.11,-7.82,431.8,4.78,9048.33
3322,-0.6,0.49,-0.71,63.53,-100.56,53.08,-56.45,20.89,-17.19,241.32,-3.74,10013.33
3323,-0.11,-0.22,-0.22,55.3,-18.26,18.93,-15.22,-5.85,-7.82,494.79,-3.7,6791.67
3324,-0.48,-0.07,-0.15,29.71,-29.71,15.22,-11.52,1.56,-5.26,494.83,6.63,6795.0
3325,-0.63,0.26,-0.26,4.11,-15.22,7.82,6.67,7.82,-6.41,494.93,15.16,6798.33
3326,-0.22,0.45,-0.37,-3.29,-41.15,-2.96,-15.22,7.82,1.0,463.33,22.04,7881.67
3327,-0.04,0.71,-0.63,22.3,-15.22,11.52,-18.93,0.41,-1.56,463.3,28.97,7898.33
3328,0.45,-0.15,0.19,-22.96,11.52,-41.15,22.3,-16.37,7.82,701.91,27.41,5180.0
3329,-0.22,0.56,-0.37,-7.33,-18.93,0.08,-26.67,6.67,-18.93,479.9,18.93,7308.33
3330,0.48,-0.22,0.26,-66.74,0.41,-59.34,-6.18,-5.26,4.11,479.73,17.19,7305.0
3331,0.37,0.04,0.04,-66.74,7.82,-33.41,-28.07,-15.22,11.52,440.23,11.82,8721.67
3332,0.3,-0.26,0.19,-29.71,-6.67,-33.41,-28.07,-11.52,11.52,695.1,20.3,5468.33
3333,-0.44,0.37,-0.45,18.93,-26.0,37.45,-48.56,0.41,-11.52,695.27,22.04,5458.33
3334,-0.74,0.64,-0.89,75.3,-74.64,56.78,-75.3,30.86,-34.56,496.09,22.04,6760.0
3335,-0.41,0.3,-0.41,30.04,-26.0,33.74,-22.63,7.82,-14.08,241.12,4.78,10003.33
3336,0.19,-0.52,0.15,-4.11,30.37,-26.33,-2.15,-11.52,5.26,487.13,-0.44,7045.0
3337,0.22,-0.59,0.08,-0.41,30.37,10.7,-24.37,-18.93,1.56,689.65,-2.04,5618.33
3338,0.37,-0.48,0.11,-0.41,30.37,-7.48,-24.37,-22.63,7.82,923.65,-0.22,3083.33
3339,0.26,-0.11,0.15,-14.89,8.15,-18.26,-14.41,-11.52,4.11,851.22,-10.45,5750.0
3340,-0.07,0.11,0.26,-29.71,-3.3,-44.19,7.82,-4.11,7.82,648.71,-8.86,7176.67
3341,0.22,-0.04,0.26,-29.71,-18.11,-26.0,11.52,7.0,4.11,414.67,3.07,9718.33
3342,0.41,-0.26,0.15,-29.71,-32.92,-37.45,11.52,7.0,4.11,470.09,15.0,7635.0
3343,0.37,-0.3,0.26,7.33,-3.29,-37.45,18.93,3.29,10.37,655.19,27.12,6875.0
3344,-0.26,0.22,-0.11,52.59,-18.93,-10.7,-11.52,11.52,-5.26,655.42,30.63,6888.33
3345,-0.89,1.04,-0.6,112.01,-38.26,60.15,-41.97,19.75,-20.89,426.42,34.15,9276.67
3346,-0.78,1.11,-0.56,82.38,-67.89,74.64,-49.37,23.45,-27.15,241.32,22.04,10033.33
3347,-0.22,0.52,-0.45,29.71,-52.26,18.26,-22.63,7.82,-14.08,241.12,4.78,10033.33
3348,0.33,-0.41,0.48,-15.22,4.11,-30.37,-2.15,-1.56,-2.15,444.71,-0.44,8561.67
3349,0.75,-0.89,0.78,-30.86,64.19,-71.6,32.0,-20.89,17.19,444.51,9.89,8551.67
3350,0.04,-0.22,0.3,-0.41,44.85,10.7,-20.67,-1.56,-3.29,658.51,21.93,6705.0
3351,-0.07,0.11,-0.04,-14.89,22.63,-0.08,-20.67,-4.11,7.82,454.75,11.71,8160.0
3352,-0.56,0.56,-0.48,-6.67,-37.45,26.67,-65.6,5.26,-4.11,454.91,-0.22,8170.0
3353,-0.37,0.22,-0.33,-6.67,-51.93,26.67,-39.67,1.56,3.29,241.12,5.0,10010.0
3354,-0.37,0.22,-0.33,-6.67,-51.93,26.67,-37.11,-5.85,-0.41,241.02,15.22,10006.67
3355,0.11,-0.22,0.11,-14.89,8.15,-0.08,4.11,-22.63,8.96,240.88,13.41,10006.67
3356,0.38,-0.41,0.63,-74.97,56.78,-56.45,34.56,-30.86,24.6,240.65,9.89,10006.67
3357,0.34,-0.49,0.71,-86.41,56.78,-41.97,38.26,-27.15,18.34,420.72,1.26,9471.67
3358,0.15,-0.19,0.22,-67.08,8.15,-26.33,-2.96,-10.37,8.96,420.85,3.07,9465.0
3359,0.15,-0.19,0.22,-67.08,8.15,-26.33,-10.37,-14.08,16.37,420.92,4.85,9468.33
3360,-0.08,0.19,-0.37,-21.81,-40.49,4.11,-51.6,2.7,3.29,488.37,16.96,7010.0
3361,-0.37,0.33,-0.34,-32.92,-51.93,15.22,-37.11,1.56,-0.41,488.44,32.41,7013.33
3362,-0.3,0.0,-0.19,-32.92,-59.34,11.52,-33.41,-2.15,-10.37,488.41,16.89,7016.67
3363,-0.0,-0.71,0.56,-78.19,-18.11,-22.63,1.56,-22.63,8.96,240.88,13.41,10026.67
3364,0.89,-1.23,0.93,-112.01,27.15,-67.56,22.04,-34.56,32.0,240.72,11.67,10033.33
3365,0.89,-1.23,0.93,-112.01,27.15,-67.56,18.34,-38.26,38.26,240.65,23.71,10020.0
3366,0.45,-0.3,0.19,-66.74,0.41,-37.11,-5.85,-7.82,15.22,241.08,25.41,10006.67
3367,-0.08,0.08,-0.26,-7.33,-33.41,11.52,-30.04,15.22,-11.52,241.22,13.3,10003.33
3368,0.11,0.26,-0.59,22.3,-40.82,-10.7,-26.33,18.93,-17.78,241.28,1.26,10016.67
3369,0.82,-0.41,-0.14,6.67,-21.48,-33.74,0.41,-1.56,-2.15,456.06,3.04,8145.0
3370,1.34,-0.78,0.3,-52.75,12.34,-82.38,24.6,-22.04,13.49,455.8,15.15,8135.0
3371,0.74,-0.44,-0.03,-11.52,-3.29,-0.08,-5.85,-6.41,4.11,700.78,16.96,5205.0
3372,-0.19,0.04,-0.3,4.11,-48.56,26.67,-54.82,6.67,-15.22,485.73,10.22,7093.33
3373,-0.22,0.0,-0.44,22.3,-48.56,15.22,-48.56,0.41,-14.08,655.55,8.45,6971.67
3374,0.41,-0.3,0.04,-37.11,-32.92,-55.63,-14.41,-7.82,-2.15,410.53,20.38,9881.67
3375,1.34,-0.78,0.52,-45.34,12.34,-82.38,41.97,-19.75,20.89,605.39,27.12,8743.33
3376,1.19,-1.0,0.89,-49.04,19.75,-82.38,35.71,-16.04,30.86,632.82,22.15,7660.0
3377,0.78,-0.93,0.97,-23.45,34.56,-64.19,28.3,-19.75,38.26,632.89,23.93,7666.67
3378,0.34,-0.89,0.93,-23.45,49.37,-64.19,18.34,-20.89,34.56,437.83,23.93,8801.67
3379,0.3,-0.86,0.89,-49.38,49.37,-41.97,20.89,-18.34,23.45,240.58,30.67,10010.0
3380,0.67,-0.97,0.67,-56.78,34.56,-71.6,24.6,-22.04,13.49,410.27,28.89,9885.0
3381,1.08,-1.04,0.6,-82.38,19.75,-89.78,27.15,-24.6,24.6,410.4,28.89,9878.33
3382,1.23,-0.85,0.27,-70.93,12.34,-112.01,34.56,-23.45,28.3,639.71,27.12,7503.33
3383,0.67,-0.44,0.0,-44.19,-21.48,-66.74,7.82,-7.82,15.22,470.19,30.63,7625.0
3384,-0.0,0.26,-0.56,-10.37,-40.82,-25.52,-41.15,7.82,-15.22,470.26,23.89,7631.67
3385,-0.67,1.04,-0.97,49.04,-60.15,56.78,-75.3,16.04,-30.86,476.26,22.19,7423.33
3386,-0.82,1.3,-1.19,52.75,-45.67,93.82,-75.3,16.04,-30.86,476.26,22.19,7436.67
3387,-0.85,1.38,-1.27,78.34,-45.67,112.01,-49.37,12.34,-23.45,644.86,22.19,7343.33
3388,-1.04,1.12,-1.04,52.75,-41.97,86.08,-71.6,16.04,-30.86,635.3,25.67,7676.67
3389,-0.89,1.04,-0.67,74.97,-38.26,60.15,-97.52,19.75,-38.26,635.2,17.19,7660.0
3390,-0.48,0.37,-0.0,4.11,-4.11,15.22,-70.78,4.11,-25.19,646.5,11.82,7201.67
3391,-0.45,0.41,-0.04,4.11,-33.74,15.22,-59.34,1.56,-14.08,420.98,-1.89,9451.67
3392,0.15,-0.15,0.22,-66.74,-18.11,-29.71,-6.67,-17.78,6.41,420.88,-10.67,9451.67
3393,-0.22,0.45,-0.37,-21.48,-52.26,-2.96,-29.71,5.26,-4.11,241.12,-3.74,9986.67
3394,-0.0,0.63,-0.56,-21.48,-26.33,-6.67,-15.22,4.11,-7.82,441.44,4.78,8653.33
3395,-0.41,0.71,-0.49,4.11,-11.52,11.52,-11.52,11.52,-5.26,441.41,18.53,8673.33
3396,0.04,-0.22,0.26,-41.15,15.22,-18.93,5.26,-15.22,11.52,441.11,20.23,8690.0
3397,-0.18,-0.41,0.45,-41.15,-10.7,-15.22,-20.67,-11.52,4.11,432.35,27.15,9023.33
3398,0.04,-0.74,0.6,-52.26,-18.11,-44.85,-28.07,-12.67,0.41,432.28,28.93,9023.33
3399,-0.63,0.0,0.04,-7.0,-70.78,-10.7,-48.56,6.67,-18.93,432.55,34.15,9023.33
3400,0.04,-0.74,0.6,-52.26,-18.11,-44.85,-2.15,-16.37,7.82,240.78,28.93,10033.33
3401,-0.04,-0.3,0.34,-66.74,-10.7,-33.41,5.26,-15.22,11.52,240.85,27.15,10023.33
3402,0.19,-0.11,0.15,-66.74,15.22,-37.11,5.26,-15.22,11.52,240.85,27.15,10020.0
3403,-0.19,0.48,-0.45,-10.37,-26.0,-14.07,-15.22,4.11,-7.82,241.12,32.37,10013.33
3404,0.11,0.34,-0.3,15.22,-40.82,4.11,-15.22,4.11,-7.82,241.12,32.37,10010.0
3405,0.56,-0.59,0.45,-30.04,-14.07,-26.33,15.22,-4.11,7.82,240.88,25.45,10013.33
3406,0.33,-0.41,0.63,-41.15,4.11,-0.74,18.93,3.29,10.37,459.3,21.93,8010.0
3407,-0.11,-0.63,0.63,-41.15,41.15,-8.15,33.41,-7.82,6.67,713.04,18.56,4801.67
3408,-0.15,-0.23,0.41,-29.71,48.56,-18.93,26.0,-18.93,10.37,713.01,20.27,4785.0
3409,0.49,-0.93,0.93,-49.04,101.23,-67.56,45.34,-45.67,27.15,494.33,18.56,6781.67
3410,0.63,-0.56,0.78,-74.64,79.0,-78.34,20.89,-45.67,34.56,240.55,20.23,9990.0
3411,0.07,-0.19,0.59,-40.82,48.56,-18.93,1.56,-18.93,17.78,459.23,21.93,7996.67
3412,0.07,-0.3,0.52,-40.82,18.93,-41.15,5.26,-15.22,11.52,459.3,9.89,8010.0
3413,-0.37,0.26,-0.08,0.41,-15.22,18.26,-18.93,15.22,-11.52,687.38,6.63,5676.67
3414,-0.08,0.08,-0.3,26.0,-33.41,7.48,-26.33,18.93,-17.78,685.07,-7.11,5760.0
3415,-0.49,0.71,-0.93,56.45,-74.64,52.75,-56.78,45.67,-34.56,685.23,-3.7,5753.33
3416,-0.45,0.67,-0.86,49.04,-74.64,34.56,-67.56,35.71,-27.15,457.35,-10.67,8090.0
3417,-0.33,0.11,-0.3,15.22,-3.78,-3.29,-18.93,5.26,-11.52,494.76,-0.3,6798.33
3418,-0.67,0.22,-0.15,18.93,14.41,7.82,-18.93,-4.7,-11.52,747.05,-0.3,3628.33
3419,-0.18,-0.74,0.63,-0.41,41.15,-44.85,18.6,-15.22,-3.29,746.81,13.41,3638.33
3420,-0.3,-0.18,0.07,33.41,-29.71,-7.0,-22.63,11.52,-12.67,493.34,13.37,6856.67
3421,0.41,-0.89,0.52,-26.67,-6.67,-41.15,1.56,-8.96,10.37,451.45,20.3,8315.0
3422,-0.15,0.0,-0.33,7.48,-33.41,41.15,-35.97,1.56,2.15,451.68,6.6,8295.0
3423,0.11,-0.19,0.22,-51.93,15.22,-7.48,-12.93,-21.48,12.67,664.3,-1.93,6493.33
3424,-0.26,0.41,-0.37,4.44,-26.0,15.56,-29.71,5.26,-4.11,453.97,-1.93,8215.0
3425,0.08,-0.15,0.33,-18.6,8.15,-37.11,5.26,-15.22,11.52,621.53,11.78,8180.0
3426,-0.48,0.22,-0.0,22.63,-51.93,22.3,-35.97,1.56,2.15,408.82,11.78,9985.0
3427,-0.48,0.22,-0.0,22.63,-51.93,22.3,-65.6,-2.15,-7.82,579.31,4.85,9805.0
3428,-0.26,-0.11,0.15,11.52,-59.34,-7.33,-63.04,-2.15,-7.82,411.55,1.37,9840.0
3429,-0.0,-0.37,-0.11,18.93,-47.89,4.11,-44.85,4.11,-8.96,411.51,16.82,9820.0
3430,0.07,-0.37,-0.15,33.41,-47.89,18.93,-44.85,4.11,-8.96,240.88,22.19,9990.0
3431,0.07,-0.26,-0.07,33.41,-18.26,41.15,-41.15,7.82,-15.22,240.95,10.15,9990.0
3432,0.44,-0.82,0.63,-0.74,22.96,-41.15,-18.11,-15.22,-4.7,240.85,1.67,9996.67
3433,0.78,-1.45,1.3,-45.67,64.19,-101.23,28.3,-38.26,22.04,240.68,4.93,10000.0
3434,0.15,-0.74,0.78,-18.93,-18.11,-52.59,-12.93,-21.48,12.67,240.82,6.74,10003.33
3435,-0.23,-0.18,0.07,15.22,-59.34,29.71,-43.37,5.26,-4.11,240.98,1.37,10016.67
3436,-0.34,0.19,-0.11,-10.7,-51.93,55.63,-40.82,12.67,-0.41,241.08,4.85,10020.0
3437,-0.22,0.41,-0.52,7.48,-26.0,55.63,-52.26,15.22,-11.52,241.05,11.82,10030.0
3438,-0.48,0.67,-0.26,0.08,-37.45,44.19,-63.04,5.26,-4.11,439.13,22.15,8766.67
3439,-0.19,0.56,-0.3,11.52,-52.26,29.71,-59.34,1.56,-14.08,439.1,6.63,8756.67
3440,0.56,-0.22,0.22,-29.71,-21.81,-29.71,-6.67,-14.08,16.37,682.74,15.11,5875.0
3441,1.17,-0.8,0.69,-56.45,38.26,-78.34,41.97,-23.45,28.3,736.82,3.04,3891.67
3442,0.98,-1.06,0.91,-41.97,45.67,-89.78,35.71,-17.19,27.15,736.72,18.56,3888.33
3443,0.69,-0.88,0.99,-60.15,49.37,-89.78,32.0,-17.19,27.15,493.01,16.82,6776.67
3444,-0.0,-0.34,0.37,-40.82,-10.7,-55.63,-5.85,2.15,7.82,240.85,18.56,10020.0
3445,-0.52,0.7,-0.48,4.11,-37.45,15.22,-26.33,11.52,-4.11,409.66,11.82,9940.0
3446,-0.86,1.08,-0.71,74.97,-67.89,60.15,-63.86,24.6,-23.45,409.76,-1.89,9930.0
3447,-0.0,0.52,-0.48,59.34,-22.63,3.78,-37.11,4.11,-7.82,409.49,8.45,9913.33
3448,0.67,-0.3,0.0,18.11,-3.29,-67.08,-16.63,-7.82,15.22,240.82,15.19,10003.33
3449,1.3,-0.82,0.38,-27.15,12.34,-93.82,18.34,-28.3,30.86,240.62,25.41,9993.33
3450,0.67,-0.07,-0.04,-11.52,-7.0,-41.15,-8.41,-7.82,15.22,241.08,25.41,9996.67
3451,0.74,0.0,0.22,-4.11,-7.0,-11.52,-2.15,-11.52,5.26,241.05,9.89,10000.0
3452,0.45,0.15,0.07,-29.71,7.82,-29.71,-2.15,-11.52,5.26,241.05,9.89,10006.67
3453,0.86,-0.38,0.6,-63.53,41.97,-70.93,22.04,-34.56,32.0,240.72,11.67,10016.67
3454,0.78,-0.45,0.34,-70.93,41.97,-100.56,18.34,-38.26,38.26,240.65,23.71,10016.67
3455,0.78,-0.45,0.49,-45.34,41.97,-100.56,24.6,-38.26,38.26,474.72,13.48,7475.0
3456,0.64,-0.56,0.6,-19.75,41.97,-82.38,24.6,-45.67,34.56,642.38,13.48,7426.67
3457,0.45,-0.75,0.93,-49.38,49.37,-60.15,22.04,-45.67,34.56,853.02,11.78,5708.33
3458,0.19,-0.56,0.37,-15.56,0.74,-11.52,-8.41,-15.22,11.52,619.18,13.37,8243.33
3459,-0.23,-0.07,0.07,0.08,-59.34,29.71,-54.82,7.82,-15.22,451.75,13.37,8295.0
3460,-0.6,0.71,-0.38,82.38,-82.38,63.86,-89.78,28.3,-30.86,241.32,4.85,10013.33
3461,-0.11,0.3,-0.08,41.15,-48.56,3.78,-65.6,5.26,-4.11,241.18,16.96,10026.67
3462,-0.11,0.3,-0.08,41.15,-48.56,3.78,-65.6,5.26,-4.11,241.18,16.96,10026.67
3463,-0.34,0.3,-0.04,4.11,-48.56,18.26,-47.41,11.52,-5.26,459.67,28.89,8016.67
3464,-0.44,0.17,0.08,-29.22,-37.45,33.11,-48.56,11.52,-5.26,714.75,25.52,4710.0
3465,-0.51,0.13,-0.07,-36.63,-37.45,18.63,-26.33,18.93,-1.56,714.65,13.41,4700.0
3466,0.12,-0.69,0.38,-55.96,-14.41,-52.23,-9.55,2.15,7.82,495.94,15.19,6696.67
3467,-0.34,-0.15,-0.0,4.11,-59.34,-21.81,-43.37,15.22,-11.52,240.95,4.85,9990.0
3468,-0.34,-0.15,-0.0,4.11,-59.34,-21.81,-43.37,15.22,-11.52,240.95,4.85,9990.0
3469,-0.89,0.52,-0.63,60.49,-100.56,30.86,-89.78,32.0,-30.86,496.02,6.59,6743.33
3470,-0.52,-0.07,-0.04,4.11,-59.34,7.82,-54.82,18.93,-11.52,495.92,20.3,6743.33
3471,-0.45,-0.04,0.11,11.52,-59.34,22.3,-47.41,15.22,-5.26,495.99,27.23,6743.33
3472,-0.45,0.19,-0.11,-10.7,-44.85,51.93,-21.48,7.82,2.15,241.22,27.23,9993.33
3473,-0.89,1.12,-0.86,34.56,-71.6,82.38,-67.89,23.45,-28.3,422.23,22.04,9416.67
3474,-0.6,0.93,-1.08,52.75,-60.15,71.6,-97.52,19.75,-38.26,422.1,20.49,9413.33
3475,-0.15,0.41,-0.41,-7.33,-26.0,15.22,-67.08,11.52,-22.63,421.86,16.97,9420.0
3476,-0.08,0.26,-0.11,29.71,-22.3,18.93,-55.63,8.96,-11.52,240.95,8.45,10013.33
3477,0.45,-0.11,0.33,-29.71,11.52,-29.71,-2.96,-10.37,8.96,240.85,-0.33,10016.67
3478,0.56,-0.37,0.59,-3.78,33.74,-33.41,-2.96,-10.37,8.96,240.85,-0.33,10023.33
3479,1.12,-0.97,0.71,-56.45,49.38,-89.78,38.26,-27.15,18.34,410.43,11.6,9888.33
3480,0.52,-0.41,0.45,14.41,33.74,-44.85,-14.41,-7.82,-2.15,410.53,20.38,9881.67
3481,0.48,-0.48,0.34,-11.52,4.11,-44.85,-21.81,-8.96,-5.85,410.47,22.15,9868.33
3482,-0.37,0.07,0.11,4.11,-41.15,11.52,-44.85,14.08,-16.37,240.98,23.93,9996.67
3483,-0.07,-0.37,0.41,-78.19,-10.7,-18.93,1.56,-8.96,10.37,240.82,27.19,10016.67
3484,-0.67,0.41,-0.0,-25.52,-63.37,29.71,-47.41,4.11,-8.96,241.02,20.45,10013.33
3485,-0.07,-0.0,0.41,-70.78,-3.3,-0.74,-30.63,-22.63,7.82,240.72,16.97,10023.33
3486,0.22,-0.11,0.37,-59.34,-18.11,-15.22,-28.07,-15.22,11.52,240.82,20.45,10013.33
3487,0.86,-0.93,0.82,-86.08,34.56,-86.08,24.6,-34.56,32.0,240.72,11.67,10026.67
3488,0.26,-0.52,0.41,-40.82,-25.52,-55.63,0.41,-4.11,8.96,413.55,16.89,9763.33
3489,-0.41,0.19,-0.15,-7.0,-44.85,-14.41,-48.56,11.52,-21.48,413.62,10.15,9763.33
3490,-0.82,1.0,-0.64,49.38,-67.89,41.97,-71.6,34.56,-32.0,413.85,20.49,9746.67
3491,-0.56,0.78,-0.75,74.97,-38.26,67.89,-71.6,23.45,-24.6,486.06,5.04,7080.0
3492,-0.11,-0.15,-0.0,29.71,-11.52,37.45,-25.19,0.41,2.15,696.53,6.6,5368.33
3493,-0.04,-0.33,-0.18,18.26,-29.71,41.15,-32.59,4.11,-4.11,696.46,-0.33,5381.67
3494,0.41,-0.78,0.6,-26.67,22.96,-18.93,-5.85,-7.82,15.22,451.52,13.37,8308.33
3495,-0.04,0.15,-0.15,18.6,-3.78,11.52,-22.63,18.93,-1.56,241.18,13.37,10010.0
3496,0.22,-0.04,0.26,-40.82,44.85,-37.11,1.56,-4.11,25.19,241.05,25.49,10010.0
3497,0.37,0.07,-0.18,-37.11,7.82,-59.34,5.26,-7.82,15.22,241.02,9.97,10013.33
3498,1.08,-0.6,0.27,-52.75,27.15,-82.38,24.6,-24.6,24.6,455.93,15.15,8145.0
3499,0.52,-0.22,0.08,-18.93,-10.7,-22.96,4.11,-1.56,-2.15,695.96,13.37,5388.33
3500,-0.04,0.19,-0.19,7.82,-44.52,22.3,-48.56,17.78,-22.63,696.06,22.15,5381.67
3501,-0.48,0.22,-0.0,15.22,-29.71,22.3,-51.11,17.78,-22.63,480.82,22.15,7266.67
3502,-0.41,0.3,-0.41,30.04,-26.0,33.74,-51.11,6.67,-18.93,240.95,25.67,10020.0
3503,0.15,-0.07,0.19,-0.41,22.63,-0.08,1.56,-8.96,1.56,497.08,18.74,6721.67
3504,0.49,-0.18,-0.03,-26.0,7.82,-29.71,11.52,-7.82,5.26,726.39,16.96,4336.67
3505,1.23,-0.82,0.6,-74.64,27.15,-100.56,38.26,-23.45,18.34,726.19,-0.3,4333.33
3506,0.37,-0.3,0.04,-55.3,-32.92,-55.63,-2.96,-10.37,8.96,470.09,-0.33,7618.33
3507,0.37,-0.15,0.26,-66.74,-18.11,-26.0,-2.96,-17.78,5.26,489.58,-14.08,6951.67
3508,-0.3,0.56,-0.3,-32.92,-37.45,15.22,-44.19,-1.0,-4.11,489.72,-12.26,6955.0
3509,0.34,0.22,0.04,-66.74,22.63,-29.71,-6.67,-14.08,15.22,489.62,1.44,6975.0
3510,-0.41,0.67,-0.26,-14.07,-37.45,11.52,-33.41,8.96,5.85,241.15,11.78,10016.67
3511,-0.63,0.48,-0.08,-14.07,-63.37,15.22,-18.93,7.82,2.15,241.22,27.23,10023.33
3512,-0.9,0.67,-0.49,45.34,-112.01,63.86,-67.89,23.45,-28.3,241.28,20.49,10023.33
3513,-0.34,0.3,-0.3,4.11,-51.93,4.44,-48.56,6.67,-18.93,433.83,11.96,8981.67
3514,-0.04,0.15,-0.33,15.22,-40.49,-6.67,-44.85,14.08,-16.37,433.86,5.04,8985.0
3515,-0.22,0.52,-0.52,-2.96,-26.0,4.11,-22.63,21.48,-12.67,661.78,5.04,6638.33
3516,-0.71,0.97,-1.12,45.67,-60.15,74.97,-45.67,30.86,-24.6,469.2,20.49,7680.0
3517,-0.82,1.38,-1.34,60.15,-45.67,100.56,-49.37,23.45,-27.15,469.17,27.41,7680.0
3518,-0.93,1.19,-0.93,60.15,-71.6,100.56,-49.37,23.45,-27.15,241.32,22.04,10026.67
3519,-0.41,0.33,-0.11,0.08,-44.85,40.49,-18.93,15.22,-11.52,241.08,18.52,10030.0
3520,-0.0,-0.3,0.56,-59.34,11.52,-4.44,4.11,7.0,4.11,482.17,4.67,7225.0
3521,0.82,-0.86,0.78,-100.56,56.78,-63.86,30.86,-13.49,19.75,481.91,16.78,7215.0
3522,0.75,-0.52,0.63,-100.56,64.19,-60.15,27.15,-20.89,17.19,481.94,3.04,7221.67
3523,0.84,-0.69,0.84,-86.08,41.97,-63.86,38.26,-20.89,17.19,492.97,1.3,6780.0
3524,0.61,-0.91,1.02,-97.52,49.37,-53.08,38.26,-30.86,24.6,493.01,-2.18,6776.67
3525,0.31,-0.65,0.58,-41.15,0.74,-33.74,-2.96,-14.08,15.22,702.44,1.22,5100.0
3526,-0.3,-0.07,0.11,-14.41,-59.34,14.89,-33.41,1.56,2.15,450.35,9.89,8333.33
3527,-0.04,0.19,0.03,22.63,-66.74,22.3,-26.0,12.67,-1.56,645.37,13.37,7208.33
3528,0.26,-0.08,0.48,-33.74,-18.11,2.96,8.96,-7.82,14.08,435.87,22.01,8888.33
3529,0.41,0.07,0.15,-41.15,7.82,-15.22,8.96,-7.82,14.08,435.87,22.01,8898.33
3530,0.34,0.0,-0.11,-48.56,7.82,-44.85,-1.0,-18.93,17.78,429.38,20.23,9148.33
3531,-0.19,0.45,-0.37,4.11,-52.26,0.08,-17.78,7.82,1.0,429.68,18.53,9135.0
3532,-0.26,0.37,-0.45,18.93,-52.26,29.71,-17.78,7.82,1.0,604.27,20.23,8791.67
3533,-0.75,0.89,-0.86,34.56,-86.08,86.08,-52.75,28.3,-18.34,663.26,22.01,6666.67
3534,-0.52,0.89,-0.9,64.19,-56.45,71.6,-56.45,20.89,-20.89,663.22,28.93,6673.33
3535,-0.52,0.89,-0.9,64.19,-56.45,71.6,-56.45,20.89,-20.89,488.64,27.23,7003.33
3536,-0.74,1.04,-0.97,79.0,-41.97,97.52,-56.45,20.89,-17.19,241.52,23.75,10016.67
3537,-0.85,1.27,-1.34,67.56,-45.67,112.01,-60.15,32.0,-20.89,241.48,9.89,10020.0
3538,-1.0,1.15,-1.08,52.75,-71.6,86.08,-63.86,24.6,-23.45,241.45,16.82,10026.67
3539,-1.0,1.15,-1.08,52.75,-71.6,86.08,-53.08,34.56,-30.86,434.98,16.82,8930.0
3540,-0.26,0.41,-0.34,18.93,-52.26,44.85,-26.33,14.08,-15.22,434.72,28.93,8926.67
3541,0.41,-0.22,0.26,-0.41,0.41,10.7,-3.29,2.15,7.82,666.11,22.01,6465.0
3542,0.59,-0.56,0.41,10.37,-14.07,10.7,0.41,-8.96,11.52,695.54,11.78,5381.67
3543,-0.11,0.04,-0.37,33.41,-22.3,33.74,-48.56,7.82,2.15,938.15,6.6,2541.67
3544,-0.15,0.34,-0.63,18.93,-14.89,22.96,-44.85,4.11,-7.82,706.56,-3.74,5003.33
3545,0.22,-0.22,0.08,-26.0,26.33,-59.34,-21.81,-7.82,15.22,483.3,9.97,7173.33
3546,-0.0,-0.34,0.37,-40.82,-10.7,-55.63,7.82,-7.82,15.22,241.02,9.97,10003.33
3547,-0.04,-0.41,0.45,-52.26,-10.7,-41.15,7.82,-7.82,15.22,421.02,13.37,9458.33
3548,-0.56,0.63,-0.41,-7.33,-37.45,29.71,-29.71,5.26,-4.11,421.12,-0.33,9455.0
3549,-0.48,0.67,-0.26,0.08,-37.45,44.19,-59.34,1.56,-14.08,420.98,-1.89,9455.0
3550,-0.89,1.34,-0.93,70.93,-71.6,89.12,-86.08,17.19,-27.15,409.69,3.48,9913.33
3551,-1.01,1.11,-0.53,52.75,-97.52,89.12,-97.52,19.75,-38.26,409.66,10.45,9916.67
3552,-0.37,0.41,-0.0,26.0,-15.22,40.49,-44.85,0.41,-17.78,409.56,1.67,9913.33
3553,0.04,-0.26,0.67,-44.85,18.93,-4.44,-24.37,-18.93,1.56,240.78,4.93,10010.0
3554,0.15,-0.04,0.26,-26.67,44.85,-4.44,5.26,-15.22,11.52,447.85,4.93,8423.33
3555,0.34,0.11,-0.04,-41.15,7.82,-15.22,1.56,-11.52,21.48,447.88,20.45,8433.33
3556,0.07,0.3,-0.56,18.93,-40.82,41.15,-15.22,15.22,4.7,448.18,18.75,8420.0
3557,0.04,0.26,-0.48,18.93,-40.82,52.59,-22.63,7.82,2.15,476.22,22.01,7420.0
3558,-0.49,0.64,-0.93,78.34,-74.64,101.23,-41.97,27.15,-18.34,476.42,16.82,7420.0
3559,-0.45,0.71,-0.89,89.12,-74.64,79.0,-60.15,20.89,-17.19,476.32,8.3,7433.33
3560,0.07,-0.26,-0.15,18.26,-47.89,18.93,-26.0,12.67,-1.56,241.08,10.0,10020.0
3561,0.19,-0.56,0.37,-15.56,0.74,-11.52,0.74,-2.97,11.52,240.82,13.41,10013.33
3562,0.11,-0.37,0.56,-4.11,18.93,-15.22,0.74,-2.97,11.52,240.85,23.64,10000.0
3563,0.11,-0.37,0.56,-4.11,18.93,-15.22,-9.22,-14.08,15.22,240.82,21.93,10006.67
3564,0.22,-0.34,0.52,-41.15,18.93,-18.93,-16.63,-25.19,18.93,440.2,11.6,8718.33
3565,0.86,-0.86,0.89,-86.41,34.56,-45.67,18.34,-45.67,34.56,439.97,11.6,8711.67
3566,0.15,-0.15,0.44,-4.11,11.52,-11.52,1.56,-18.93,17.78,625.3,15.08,7951.67
3567,0.26,-0.41,0.7,21.81,33.74,-15.22,-1.0,-8.96,10.37,425.85,27.19,9246.67
3568,-0.18,-0.37,0.67,21.81,48.56,-15.22,-1.0,-8.96,10.37,593.62,30.67,9211.67
3569,0.19,-0.56,0.45,-0.41,30.37,10.7,-30.63,-12.67,0.41,408.45,23.93,9961.67
3570,-0.26,-0.11,-0.33,44.52,-22.3,70.78,-54.82,-3.29,-7.82,653.53,10.22,7041.67
3571,0.11,-0.22,-0.55,37.11,-37.11,41.15,-54.82,-3.29,-7.82,674.3,8.45,6208.33
3572,0.71,-0.48,0.04,14.07,-3.29,-11.52,-5.85,-16.37,11.52,674.1,15.19,6215.0
3573,1.38,-0.74,0.63,-19.75,12.34,-64.19,18.34,-25.74,19.75,429.02,28.89,9145.0
3574,1.15,-0.52,0.74,-37.93,27.15,-52.75,18.34,-18.34,23.45,240.58,16.96,10016.67
3575,0.45,0.15,0.07,-29.71,7.82,-29.71,-8.41,2.15,7.82,240.85,4.85,10016.67
3576,-0.19,0.48,-0.45,-10.37,-26.0,-14.07,-32.59,22.63,-7.82,241.12,-7.26,10013.33
3577,0.07,0.3,-0.41,-10.37,-40.82,-14.07,-30.04,15.22,-11.52,241.02,2.96,10030.0
3578,-0.15,0.11,-0.22,-10.37,-66.74,-10.37,-52.26,7.82,-15.22,240.95,8.34,10030.0
3579,-0.15,0.11,-0.22,-10.37,-66.74,-10.37,-52.26,7.82,-15.22,240.95,8.34,10030.0
3580,-0.11,0.15,-0.11,15.22,-66.74,7.82,-52.26,15.22,-11.52,241.05,11.82,10013.33
3581,0.18,0.0,-0.15,26.33,-55.3,-3.29,-30.04,22.63,-7.82,241.12,6.44,10016.67
3582,0.48,-0.22,0.3,-18.6,15.56,-22.63,-3.29,3.29,11.52,482.24,6.44,7215.0
3583,0.04,-0.19,0.26,-18.6,30.37,-22.63,-3.29,3.29,11.52,482.24,6.44,7218.33
3584,0.41,-0.78,0.86,-74.97,71.6,-45.67,27.15,-23.45,28.3,482.07,3.04,7221.67
3585,0.38,-0.97,1.12,-74.97,34.56,-71.6,27.15,-23.45,35.71,491.98,13.3,6888.33
3586,0.04,-0.41,0.41,-51.93,0.41,-18.93,0.41,-0.41,8.96,492.11,1.19,6888.33
3587,-0.44,0.6,-0.41,18.93,-26.33,29.71,-26.33,15.22,-4.11,660.82,9.97,6791.67
3588,-0.63,1.01,-1.15,78.34,-60.15,89.78,-49.37,23.45,-27.15,409.82,-3.7,9910.0
3589,-0.08,0.22,-0.22,44.19,-3.78,29.71,-25.19,2.97,-11.52,409.56,8.41,9913.33
3590,-0.19,0.0,0.18,26.0,-29.71,29.71,-51.11,6.67,-18.93,241.12,15.15,10006.67
3591,0.33,-0.37,0.63,-33.41,4.11,-18.93,-20.67,-1.56,-3.29,240.88,28.89,10006.67
3592,0.22,-0.11,0.37,-59.34,-18.11,-15.22,-18.11,-1.56,-3.29,240.88,28.89,10000.0
3593,0.82,-0.78,0.56,-41.08,11.52,-3.78,7.82,-5.26,4.11,498.12,25.52,6656.67
3594,0.56,-0.6,0.52,-41.08,26.33,-3.78,7.82,-5.26,4.11,498.12,25.52,6666.67
3595,0.19,-0.0,-0.07,4.19,-7.82,22.96,-18.93,15.22,-11.52,498.38,13.41,6676.67
3596,0.22,-0.15,0.19,-40.82,15.22,-59.34,1.56,5.85,0.41,240.78,16.78,10016.67
3597,0.08,-0.26,0.3,-15.22,15.22,-41.15,1.56,5.85,0.41,446.86,3.04,8471.67
3598,0.56,-1.23,1.08,-34.56,41.97,-93.82,28.3,-17.19,27.15,446.72,15.15,8468.33
3599,0.49,-0.78,0.82,-49.04,49.37,-82.38,30.86,-19.75,38.26,446.86,15.15,8475.0
3600,0.15,-0.22,0.11,-26.0,15.22,-29.71,4.11,-4.11,25.19,415.63,27.19,9683.33
3601,0.3,0.0,-0.26,-22.3,7.82,-29.71,4.11,-11.52,21.48,415.53,23.71,9690.0
3602,0.34,-0.41,-0.03,-33.74,0.41,-18.93,4.11,-18.93,17.78,415.43,20.23,9676.67
3603,0.34,-0.41,-0.03,-33.74,0.41,-18.93,4.11,-18.93,17.78,240.85,18.53,10013.33
3604,-0.33,0.41,-0.52,7.48,-18.93,51.93,-18.93,0.41,-1.56,241.12,23.75,10016.67
3605,-0.3,0.48,-0.41,33.41,10.7,51.93,-18.93,7.82,2.15,241.22,27.23,10026.67
3606,0.45,-0.15,0.22,-15.22,30.04,-18.93,-2.15,-8.96,11.52,240.88,32.41,10020.0
3607,0.97,-1.19,1.08,-60.15,56.78,-89.78,24.6,-24.6,24.6,240.68,23.93,10006.67
3608,0.93,-1.26,0.97,-86.08,27.15,-89.78,28.3,-28.3,14.63,240.65,8.41,9993.33
3609,0.26,-0.56,0.41,-52.26,7.82,-48.56,4.11,-7.82,-1.0,241.12,6.63,9993.33
3610,-0.37,0.26,-0.04,-25.52,-44.85,22.3,-18.93,15.22,-11.52,241.35,8.19,10003.33
3611,-0.15,0.48,-0.23,-14.07,-52.26,11.52,-25.19,11.52,-5.26,241.28,20.23,10003.33
3612,0.56,-0.19,0.44,-22.3,-32.92,-11.52,8.96,-7.82,14.08,240.88,20.23,10006.67
3613,0.78,-0.19,0.41,7.33,-3.29,-26.0,8.96,-7.82,14.08,240.88,20.23,9990.0
3614,0.07,0.59,-0.23,66.74,-22.63,33.41,-11.52,11.52,-5.26,241.15,25.45,10006.67
3615,0.07,0.59,-0.23,66.74,-22.63,33.41,-18.93,10.37,-8.96,241.08,27.23,10013.33
3616,0.37,0.15,0.07,-15.56,7.82,2.96,4.11,-12.67,1.56,240.85,16.89,10020.0
3617,0.89,-0.78,1.0,-60.49,64.19,-45.67,27.15,-32.0,20.89,240.58,11.67,10003.33
3618,-0.04,-0.3,0.52,-52.26,18.93,-18.93,0.41,-11.52,5.26,240.85,-0.44,9996.67
3619,-0.0,-0.23,0.45,-40.82,18.93,-33.41,0.41,-11.52,5.26,240.85,-0.44,9993.33
3620,-0.0,-0.23,0.45,-40.82,18.93,-33.41,7.82,-0.41,1.56,240.88,1.26,10010.0
3621,0.33,-0.45,0.34,-26.0,30.37,-7.48,-2.96,-10.37,8.96,240.85,-0.33,10013.33
3622,0.07,-0.26,-0.07,33.41,-18.26,41.15,-55.63,8.96,-11.52,240.95,8.45,10030.0
3623,-0.3,0.19,-0.85,67.56,-89.12,101.23,-112.01,20.89,-34.56,241.08,3.48,10026.67
3624,-0.0,0.08,-0.41,18.93,-40.49,30.37,-77.04,10.37,-26.33,240.85,17.19,10030.0
3625,-0.04,0.0,-0.44,8.15,-40.49,52.59,-47.41,14.08,-16.37,240.98,18.75,10016.67
3626,-0.3,0.26,-0.19,0.74,-51.93,41.15,-25.19,21.48,-12.67,241.05,13.37,10020.0
3627,-0.64,0.63,-0.41,71.6,-82.38,86.08,-41.97,38.26,-22.04,241.38,8.19,10020.0
3628,-0.6,0.71,-0.38,82.38,-82.38,63.86,-60.15,32.0,-20.89,418.03,-2.15,9603.33
3629,0.22,0.15,-0.15,41.15,-37.11,4.44,-29.71,5.26,-4.11,619.43,11.71,8215.0
3630,0.41,-0.33,0.19,-4.11,-6.67,-22.3,-6.67,-17.78,6.41,619.2,1.37,8201.67
3631,0.97,-0.67,0.74,-37.93,27.15,-52.75,34.56,-34.56,15.78,442.32,1.37,8621.67
3632,0.23,-0.04,0.11,10.7,7.82,18.11,7.82,-18.93,2.7,240.95,1.37,10000.0
3633,-0.11,0.52,-0.6,33.74,-26.33,70.78,-15.22,4.11,-7.82,241.18,11.71,10010.0
3634,-0.41,0.67,-0.74,8.15,-11.52,52.59,-18.93,7.82,2.15,241.22,27.23,10020.0
3635,-0.26,0.59,-0.37,30.37,-7.82,26.67,-15.22,15.22,4.7,241.25,20.3,10023.33
3636,0.52,-0.0,0.37,7.33,11.52,-26.0,1.56,-4.11,25.19,416.86,25.49,9645.0
3637,-0.11,0.33,0.03,41.15,-48.56,18.93,-21.48,7.82,2.15,417.03,27.23,9641.67
3638,-0.04,0.15,-0.15,29.71,-66.74,22.63,-25.19,0.41,-0.41,417.0,16.89,9628.33
3639,-0.26,-0.15,-0.04,18.6,-59.34,-7.0,-22.63,2.97,-11.52,241.05,16.89,10016.67
3640,0.22,-0.59,0.41,10.37,0.74,-33.74,4.11,-12.67,1.56,240.85,-0.37,10000.0
3641,0.19,-0.67,0.37,-0.41,0.74,-11.52,0.41,-1.56,-2.15,423.8,1.44,9340.0
3642,0.15,-0.63,0.34,-26.34,0.74,10.7,-2.15,-1.56,-2.15,423.8,1.44,9320.0
3643,0.26,-0.59,0.3,-63.37,0.74,7.0,1.56,5.85,0.41,423.77,15.19,9333.33
3644,0.63,-1.15,1.01,-97.52,41.97,-75.3,28.3,-17.19,27.15,240.65,28.89,10003.33
3645,0.04,-0.37,0.59,-52.26,18.93,-26.67,11.52,-0.41,17.78,459.37,27.12,8010.0
3646,0.15,-0.63,0.85,-26.33,41.15,-30.37,11.52,-0.41,17.78,459.37,27.12,8010.0
3647,-0.41,0.26,-0.0,7.82,14.41,51.93,-26.0,12.67,-1.56,459.47,13.41,8013.33
3648,-0.48,0.22,-0.15,7.82,-15.22,37.45,-33.41,16.37,-7.82,241.02,3.07,10023.33
3649,-0.33,0.34,-0.59,11.52,-52.26,15.22,-43.37,12.67,-0.41,241.08,4.85,10023.33
3650,0.45,-0.26,-0.07,-18.93,-32.92,-37.45,-5.85,2.15,7.82,456.1,18.56,8141.67
3651,0.52,-0.22,0.08,-11.52,-32.92,-22.96,-28.07,-5.26,4.11,456.2,30.67,8141.67
3652,-0.15,0.59,-0.41,29.71,-52.26,47.89,-74.48,10.37,-26.33,456.26,23.93,8135.0
3653,-0.71,0.93,-0.75,70.93,-86.08,78.34,-123.45,23.45,-45.67,241.22,17.19,10023.33
3654,-0.08,0.11,-0.3,44.19,-33.41,7.48,-74.48,10.37,-26.33,240.85,17.19,10026.67
3655,0.44,-0.82,0.63,-0.74,22.96,-41.15,-28.07,-5.26,4.11,240.78,23.93,10026.67
3656,0.22,-0.56,0.45,-11.52,37.45,-18.93,1.56,-1.56,14.08,240.92,25.49,10010.0
3657,-0.48,0.22,-0.15,7.82,-15.22,37.45,-17.78,15.22,4.7,241.25,20.3,10010.0
3658,-0.59,0.48,-0.41,-18.11,-37.45,41.15,-17.78,15.22,4.7,461.0,8.19,7968.33
3659,-0.04,-0.41,0.45,-52.26,-10.7,-41.15,1.56,-4.11,25.19,460.8,13.37,7975.0
3660,0.45,-0.86,0.89,-60.49,49.37,-67.89,24.6,-27.15,35.71,460.56,3.04,7968.33
3661,0.56,-1.12,1.15,-34.56,71.6,-71.6,27.15,-24.6,24.6,240.68,15.15,10020.0
3662,0.49,-0.67,0.89,-49.04,79.0,-60.15,34.56,-20.89,17.19,240.62,13.37,10020.0
3663,0.71,-0.9,1.12,-60.15,101.23,-67.56,30.86,-14.63,16.04,240.52,28.89,10023.33
3664,0.63,-0.56,0.78,-74.64,79.0,-78.34,28.3,-17.19,27.15,240.65,28.89,10020.0
3665,0.33,-0.45,0.34,-26.0,30.37,-7.48,-5.85,2.15,7.82,423.83,16.96,9350.0
3666,-0.22,0.34,-0.59,8.15,-26.0,52.59,-28.89,11.52,-4.11,424.13,18.7,9343.33
3667,-0.37,-0.03,-0.45,33.74,-3.78,63.37,-4.44,4.11,-15.22,677.81,13.56,6128.33
3668,-0.63,0.22,-0.19,26.33,-15.22,51.93,-15.22,-5.85,-7.82,494.79,13.56,6808.33
3669,-0.63,0.22,-0.19,26.33,-15.22,51.93,-29.71,-4.7,-4.11,494.73,-1.89,6798.33
3670,-1.04,0.97,-0.53,41.97,-97.52,100.56,-89.12,15.78,-12.34,241.15,-10.45,10020.0
3671,-0.45,0.19,-0.11,-10.7,-44.85,51.93,-54.15,-4.7,3.29,451.58,-1.93,8298.33
3672,0.07,-0.67,0.71,-70.78,-18.11,-8.15,-16.63,-15.22,11.52,623.2,6.6,8096.67
3673,0.22,-0.52,0.37,-78.19,7.82,-26.33,-28.07,-12.67,0.41,804.11,15.12,7500.0
3674,0.45,-0.3,0.19,-48.56,11.52,-37.11,-25.52,-12.67,0.41,815.66,22.04,7083.33
3675,0.52,-0.26,-0.07,-22.63,41.15,-37.11,-28.07,-22.63,7.82,890.13,23.75,4333.33
3676,0.3,-0.45,0.11,-22.63,15.22,-33.41,-5.85,-15.22,11.52,881.85,30.67,4666.67
3677,0.15,-0.6,0.41,-26.33,41.15,-22.63,1.56,-4.11,7.82,843.94,25.45,6083.33
3678,-0.37,0.3,-0.08,-7.0,-15.22,7.82,-18.93,15.22,-11.52,597.92,30.67,9035.0
3679,0.48,-0.26,0.15,-22.63,30.04,-48.56,11.52,-11.52,5.26,594.87,27.15,9160.0
3680,0.6,-0.07,-0.18,-18.93,-7.0,-41.15,1.56,-18.93,2.7,647.08,30.63,7243.33
3681,1.08,-0.93,0.67,-38.26,49.38,-71.6,22.04,-38.26,22.04,646.82,25.41,7263.33
3682,0.93,-1.04,1.08,-67.89,56.78,-71.6,40.23,-32.0,20.89,715.95,20.45,4680.0
3683,0.22,-0.45,0.48,-37.45,37.45,-18.93,-6.18,-12.67,0.41,479.63,13.71,7301.67
3684,0.45,-0.26,0.3,-26.34,0.41,-11.52,0.08,-8.96,-5.85,479.7,1.67,7298.33
3685,0.34,0.0,0.07,-26.34,7.82,14.41,-24.37,-18.93,1.56,240.78,4.93,10020.0
3686,0.67,-0.56,0.78,-49.38,41.97,-38.26,28.3,-38.26,22.04,240.68,-3.85,10016.67
3687,-0.03,0.11,0.11,-41.15,22.63,-15.22,-24.37,-18.93,1.56,240.78,4.93,10016.67
3688,-0.67,0.48,-0.19,41.15,-7.82,15.22,-48.56,11.52,-21.48,445.77,8.41,8503.33
3689,-0.78,0.78,-0.71,74.97,-56.45,45.67,-71.6,34.56,-32.0,446.0,18.75,8520.0
3690,-0.15,0.04,-0.3,59.34,-37.11,-7.0,-15.22,22.63,-8.96,445.87,23.71,8523.33
3691,0.71,-0.33,0.04,-22.96,-6.67,-33.74,18.93,-4.11,6.67,489.65,8.19,6981.67
3692,0.49,-0.07,-0.15,-33.74,7.82,-11.52,18.93,-4.11,6.67,664.23,9.89,6638.33
3693,0.52,-0.04,-0.0,-51.93,7.82,-0.08,18.93,-4.11,6.67,664.23,9.89,6631.67
3694,0.56,-0.18,-0.22,-22.3,-7.0,-29.71,11.52,-0.41,17.78,415.57,25.41,9666.67
3695,0.78,-0.44,-0.03,-11.52,-21.48,-51.93,7.82,-7.82,15.22,240.95,30.63,10010.0
3696,0.11,0.26,-0.59,22.3,-40.82,-10.7,-48.56,4.11,-7.82,241.08,25.67,10013.33
3697,-0.45,0.67,-0.86,49.04,-74.64,34.56,-67.89,23.45,-28.3,241.28,20.49,10016.67
3698,-0.19,0.48,-0.45,-10.37,-26.0,-14.07,-47.41,11.52,-5.26,241.12,5.04,10003.33
3699,0.52,-0.19,0.22,-18.6,-6.67,-37.11,1.56,-11.52,21.48,240.95,13.52,10000.0
3700,0.56,-0.26,0.15,-14.89,-6.67,-0.08,-16.63,-17.78,22.63,240.85,5.0,10000.0
3701,0.56,-0.26,0.15,-14.89,-6.67,-0.08,-14.07,-25.19,18.93,240.75,15.22,10013.33
3702,0.26,-0.11,0.0,-40.49,8.15,-18.26,-10.37,-21.48,12.67,240.82,-2.04,10010.0
3703,0.6,-0.64,0.67,-100.56,49.37,-78.34,24.6,-34.56,32.0,240.72,11.67,10026.67
3704,0.63,-1.04,0.9,-112.01,41.97,-67.56,22.04,-27.15,35.71,240.82,15.15,10010.0
3705,0.89,-1.23,0.93,-112.01,27.15,-67.56,15.78,-20.89,34.56,240.72,30.67,10003.33
3706,0.93,-1.15,1.01,-112.01,27.15,-89.78,40.23,-18.34,23.45,479.53,23.93,7281.67
3707,0.56,-0.56,0.41,-55.63,-14.07,-66.74,23.45,1.0,2.97,479.73,18.75,7301.67
3708,-0.04,-0.18,-0.0,-10.7,-47.89,-32.92,-22.96,14.08,-16.37,479.93,12.01,7311.67
3709,-0.15,0.08,-0.22,-10.7,-40.49,-7.0,-44.85,4.11,-8.96,440.43,6.63,8728.33
3710,-0.3,0.34,-0.45,-7.0,-26.0,30.04,-48.56,-3.29,-11.52,440.4,13.56,8715.0
3711,-0.3,0.52,-0.3,18.93,-7.82,41.15,-22.63,-7.0,-4.11,440.5,22.04,8715.0
3712,0.04,0.45,-0.23,55.96,-22.63,44.85,-22.63,-7.0,-4.11,241.08,30.67,10006.67
3713,0.04,0.45,-0.23,55.96,-22.63,44.85,-37.11,-5.85,-0.41,241.02,15.22,10013.33
3714,0.6,-0.15,-0.11,3.29,-7.0,-11.52,-10.37,-21.48,12.67,240.82,-2.04,10013.33
3715,-0.15,0.6,-0.85,37.11,-26.33,29.71,-29.71,5.26,-4.11,448.05,-5.3,8430.0
3716,0.07,0.34,-0.67,47.89,-40.82,7.48,-11.52,11.52,-5.26,448.15,3.23,8426.67
3717,-0.15,0.56,-0.56,29.71,-26.0,18.93,-15.22,15.22,4.7,448.18,18.75,8433.33
3718,-0.04,0.33,-0.19,41.15,-22.3,4.44,-44.85,11.52,-5.26,241.12,18.75,10016.67
3719,0.45,-0.08,0.11,-0.08,11.52,-55.63,-18.11,-4.11,7.82,240.85,22.15,10010.0
3720,0.52,-0.41,0.45,14.41,33.74,-44.85,-20.67,-1.56,-3.29,240.72,22.15,10000.0
3721,0.89,-1.19,0.9,-67.89,56.78,-79.0,25.74,-24.6,23.45,451.18,23.71,8291.67
3722,0.93,-1.15,1.04,-86.08,56.78,-67.56,25.74,-24.6,23.45,451.18,23.71,8301.67
3723,0.22,-0.48,0.37,-29.71,-25.52,-33.41,-9.22,-14.08,15.22,684.08,25.45,5798.33
3724,0.26,-0.41,0.48,-3.78,4.11,-33.41,-6.67,-14.08,15.22,473.45,27.15,7503.33
3725,0.22,-0.45,0.34,14.41,4.11,-44.85,-16.63,-15.22,11.52,473.38,28.93,7496.67
3726,0.93,-1.23,0.93,-41.97,56.78,-101.23,24.6,-32.0,20.89,240.58,11.67,10006.67
3727,0.52,-0.7,0.23,-11.52,-14.07,-78.19,5.26,-5.26,4.11,240.88,9.97,10016.67
3728,0.41,-0.82,0.56,-15.22,22.96,-55.96,11.52,-11.52,5.26,465.45,6.49,7808.33
3729,0.07,-0.18,-0.11,29.71,-18.26,4.11,-15.22,4.11,-7.82,465.65,6.49,7791.67
3730,0.07,-0.18,-0.11,29.71,-18.26,4.11,-15.22,4.11,-7.82,465.65,6.49,7791.67
3731,-0.49,0.75,-0.93,74.64,-74.64,52.75,-38.26,27.15,-18.34,448.35,3.23,8416.67
3732,-0.56,0.75,-0.89,60.15,-74.64,37.93,-34.56,34.56,-15.78,448.38,13.56,8420.0
3733,-0.86,0.89,-0.86,49.04,-86.08,49.04,-34.56,34.56,-15.78,448.38,18.75,8416.67
3734,-0.86,0.89,-0.86,49.04,-86.08,49.04,-64.19,30.86,-25.74,241.32,18.75,9993.33
3735,-0.78,0.89,-0.89,63.53,-86.08,63.86,-64.19,30.86,-25.74,241.32,18.75,10000.0
3736,-0.08,0.22,-0.22,44.19,-3.78,29.71,-44.85,14.08,-16.37,240.98,18.75,10006.67
3737,0.37,-0.37,0.37,-15.22,30.37,-29.71,4.11,-8.96,10.37,240.82,22.01,10023.33
3738,-0.0,-0.23,0.45,-40.82,18.93,-33.41,-25.52,-12.67,0.41,240.68,20.45,10026.67
3739,-0.04,-0.3,0.34,-66.74,-10.7,-33.41,-18.11,-11.52,4.11,240.75,18.67,10013.33
3740,0.22,-0.48,0.37,-66.74,-25.52,-33.41,-10.7,-0.41,0.41,240.78,20.38,9996.67
3741,0.52,-0.45,0.48,-29.71,4.11,-33.41,15.22,-4.11,7.82,240.88,28.86,9996.67
3742,0.15,0.15,-0.11,30.37,-37.11,-10.37,-11.52,11.52,-5.26,471.32,18.52,7583.33
3743,-0.26,0.22,-0.04,55.96,-22.3,7.82,-11.52,11.52,-5.26,677.39,4.78,6048.33
3744,0.15,-0.59,0.45,-0.41,0.74,-48.56,8.96,-0.41,17.78,874.34,-3.7,4833.33
3745,0.34,-0.89,0.93,-23.45,49.37,-64.19,25.74,-17.19,27.15,643.84,8.41,7260.0
3746,0.15,-0.59,0.45,-4.11,0.74,-48.56,-19.19,-7.82,15.22,647.23,11.82,7135.0
3747,0.15,-0.59,0.45,-4.11,0.74,-48.56,-19.19,-5.26,4.11,449.98,18.56,8340.0
3748,-0.0,-0.37,-0.11,18.93,-47.89,4.11,-65.6,7.82,-15.22,652.76,4.85,6913.33
3749,-0.11,0.04,-0.33,33.41,-33.41,29.71,-77.04,10.37,-26.33,443.43,10.22,8573.33
3750,0.11,0.34,-0.45,44.52,-40.82,59.34,-67.08,11.52,-22.63,443.5,8.45,8576.67
3751,0.48,-0.11,0.33,10.37,30.04,-0.74,-18.11,-1.56,-3.29,240.72,22.15,10003.33
3752,0.52,-0.19,0.41,-15.22,30.04,-18.93,-6.67,-4.11,7.82,240.75,15.19,10013.33
3753,0.45,-0.26,0.15,-22.63,30.04,-48.56,-16.63,-15.22,11.52,429.25,15.19,9138.33
3754,0.04,0.45,-0.41,33.74,-22.63,-14.41,-43.37,5.26,-4.11,429.52,3.07,9131.67
3755,0.3,-0.19,0.22,25.52,11.52,-37.45,-2.15,-11.52,5.26,429.38,1.26,9135.0
3756,0.37,-0.11,0.48,32.92,11.52,-7.82,0.41,-11.52,5.26,240.85,4.78,10016.67
3757,0.23,-0.04,0.11,10.7,7.82,18.11,-10.37,-21.48,12.67,240.82,3.18,10020.0
3758,0.37,0.07,0.15,10.7,7.82,-0.08,-10.37,-25.19,18.93,474.82,5.0,7471.67
3759,0.3,0.0,-0.11,3.29,7.82,-29.71,-12.93,-25.19,18.93,663.35,1.48,6590.0
3760,0.22,-0.08,0.3,-4.11,-18.11,-41.15,1.56,-26.33,15.22,663.42,16.93,6576.67
3761,0.22,-0.08,0.3,-4.11,-18.11,-41.15,1.56,-26.33,15.22,663.42,16.93,6576.67
3762,-0.63,0.48,0.07,11.52,-63.37,15.22,-44.85,-3.29,-11.52,666.65,20.44,6451.67
3763,0.19,-0.08,0.3,-29.71,-18.11,-44.19,-24.37,-12.67,0.41,848.54,20.44,5833.33
3764,0.26,-0.41,0.48,-40.82,4.11,-33.41,-28.07,-5.26,4.11,614.44,20.44,8391.67
3765,0.41,-0.3,0.22,-26.0,30.04,-7.48,-28.07,-5.26,4.11,422.85,11.96,9388.33
3766,-0.48,0.22,-0.15,7.82,-15.22,37.45,-52.26,15.22,-11.52,240.92,-1.89,10023.33
3767,-1.04,1.01,-1.08,41.97,-71.6,97.52,-101.23,30.86,-41.97,241.12,5.08,10003.33
3768,-0.7,0.45,-0.37,18.93,-37.45,44.85,-48.56,11.52,-21.48,241.02,-3.7,10000.0
3769,-0.41,0.3,-0.41,30.04,-26.0,33.74,-44.85,0.41,-17.78,241.05,10.15,9993.33
3770,-0.26,0.22,-0.04,52.26,-22.3,7.82,-18.93,-3.29,-10.37,241.15,18.63,10003.33
3771,-0.11,0.33,-0.15,26.67,-22.3,-10.37,-25.19,-7.0,-4.11,241.08,30.67,10010.0
3772,-0.11,0.33,-0.15,26.67,-22.3,-10.37,-39.67,-5.85,-0.41,241.02,15.22,10006.67
3773,0.48,-0.22,0.11,-44.19,-6.67,-55.3,-12.93,-21.48,12.67,442.38,15.22,8625.0
3774,0.22,-0.03,-0.3,15.22,-55.3,-6.67,-29.71,5.26,-4.11,442.68,13.52,8628.33
3775,0.29,-0.03,-0.33,29.71,-55.3,8.15,-29.71,5.26,-4.11,442.68,13.52,8635.0
3776,0.26,-0.07,-0.48,47.89,-55.3,-3.3,-35.97,1.56,2.15,241.05,8.3,10013.33
3777,0.64,-0.61,-0.06,-26.67,-10.37,-48.52,-20.33,-17.78,22.63,495.94,10.11,6710.0
3778,0.98,-1.24,0.61,-71.6,30.86,-108.6,17.19,-30.86,41.97,495.84,23.82,6706.67
3779,0.42,-0.65,0.49,-18.93,15.22,-52.23,-17.78,-10.37,26.33,496.07,23.82,6703.33
3780,0.56,-0.48,0.52,-3.78,4.11,-55.63,-6.67,-6.67,18.93,240.92,25.41,10010.0
3781,0.04,0.52,-0.34,22.96,-22.63,15.22,-33.41,16.37,-7.82,468.9,18.67,7673.33
3782,0.6,-0.07,-0.22,-29.71,-7.0,-41.15,11.52,7.0,4.11,468.7,20.38,7670.0
3783,-0.0,0.3,-0.63,18.93,-40.82,-7.33,-15.22,22.63,-8.96,699.13,10.04,5246.67
3784,-0.11,0.11,-0.22,18.93,-66.74,-7.33,-15.22,22.63,-8.96,471.28,4.67,7586.67
3785,-0.04,0.15,-0.19,18.93,-55.63,4.11,-18.93,18.93,-1.56,715.06,8.18,4715.0
3786,0.03,0.15,-0.22,29.71,-55.63,18.93,-22.63,11.52,-4.11,484.86,4.78,7125.0
3787,0.85,-0.41,0.0,-11.52,-10.37,-40.49,1.56,-8.96,11.52,484.6,16.89,7115.0
3788,0.11,0.37,-0.52,29.71,-40.82,18.93,-51.11,6.67,-18.93,240.95,8.41,9983.33
3789,0.37,0.18,-0.11,-29.71,7.82,-29.71,-20.67,-1.56,-3.29,240.72,22.15,10000.0
3790,-0.15,0.56,-0.56,29.71,-26.0,18.93,-55.63,8.96,-11.52,417.7,6.63,9586.67
3791,-0.15,0.56,-0.56,29.71,-26.0,18.93,-55.63,8.96,-11.52,417.7,6.63,9600.0
3792,-0.15,0.56,-0.56,29.71,-26.0,18.93,-65.6,5.26,-4.11,417.76,-5.3,9586.67
3793,0.19,-0.08,0.11,-15.22,15.22,-41.15,-30.63,-7.82,15.22,438.03,3.48,8795.0
3794,0.22,-0.15,0.15,-26.0,26.33,-59.34,-19.19,-10.37,26.33,658.88,5.04,6705.0
3795,-0.22,0.45,-0.45,33.41,-7.82,0.08,-43.37,12.67,-0.41,659.01,6.63,6711.67
3796,-0.93,1.23,-1.04,52.75,-60.49,56.45,-67.56,35.71,-27.15,634.63,15.11,7670.0
3797,-0.48,0.41,-0.48,63.6,-67.89,86.08,-53.08,34.56,-30.86,671.18,16.93,6420.0
3798,0.19,-0.41,0.0,22.37,-48.56,15.22,-18.93,15.22,-11.52,670.98,27.26,6420.0
3799,0.37,-0.15,-0.26,47.97,-22.63,29.71,-41.15,7.82,-15.22,498.32,18.78,6676.67
3800,-0.3,0.48,-0.59,22.3,-52.26,3.78,-67.08,11.52,-22.63,432.51,23.89,9010.0
3801,-0.93,1.23,-1.01,37.93,-71.6,56.45,-101.23,30.86,-41.97,432.91,23.89,9003.33
3802,-0.97,1.08,-1.01,27.15,-71.6,67.89,-89.78,28.3,-30.86,433.15,27.15,9010.0
3803,-0.74,1.27,-1.19,27.15,-45.67,64.19,-89.78,28.3,-30.86,422.5,20.23,9426.67
3804,-0.89,1.12,-0.86,34.56,-71.6,82.38,-112.01,20.89,-34.56,422.4,22.01,9440.0
3805,-0.34,0.33,0.07,0.41,-15.22,22.3,-77.04,0.41,-18.93,422.0,22.01,9440.0
3806,0.37,-0.34,0.52,-15.22,4.11,-0.74,-28.07,-12.67,0.41,456.1,27.19,8148.33
3807,1.15,-0.93,0.6,-38.26,49.38,-71.6,20.89,-28.3,30.86,664.13,25.41,6513.33
3808,1.34,-0.78,0.3,-52.75,12.34,-82.38,27.15,-24.6,24.6,865.76,30.63,5125.0
3809,1.01,-0.71,0.45,-82.38,27.15,-86.08,30.86,-30.86,25.74,650.61,15.11,7000.0
3810,1.04,-0.67,0.6,-82.38,38.26,-74.64,30.86,-38.26,22.04,664.43,18.63,6500.0
3811,0.15,-0.15,0.22,-48.56,-7.0,-29.71,-21.81,-18.93,1.56,654.56,18.63,6875.0
3812,-0.3,0.37,-0.45,11.52,-41.15,26.67,-52.26,7.82,-15.22,654.73,22.04,6875.0
3813,-0.97,1.08,-1.01,27.15,-71.6,67.89,-79.0,38.26,-38.26,432.78,8.18,9013.33
3814,-0.37,0.67,-0.6,-18.11,-11.52,37.45,-26.33,18.93,-17.78,421.08,-5.67,9471.67
3815,-0.45,0.59,-0.19,-25.52,-37.45,26.0,-37.11,8.96,-10.37,619.16,4.67,8221.67
3816,0.04,-0.37,0.59,-44.85,-10.7,-26.67,-6.67,-17.78,6.41,619.0,1.26,8211.67
3817,-0.34,0.22,-0.0,0.41,-44.85,0.08,-47.89,-1.0,-2.97,439.13,-0.33,8750.0
3818,-0.41,0.19,-0.15,-7.0,-44.85,-14.41,-29.71,5.26,-4.11,241.12,1.44,10003.33
3819,-0.37,0.3,-0.19,-7.0,-15.22,7.82,-29.71,5.26,-4.11,465.58,13.48,7791.67
3820,-0.0,-0.3,0.41,-52.26,18.93,-18.93,11.52,-11.52,5.26,645.45,15.08,7253.33
3821,0.3,-0.45,0.37,-41.15,30.37,-30.04,7.82,-18.93,2.7,645.42,16.82,7253.33
3822,0.45,-0.3,0.19,-55.63,-6.67,-40.82,1.56,-15.22,12.67,420.98,20.3,9471.67
3823,0.04,0.37,-0.48,15.22,-40.82,4.11,-28.89,11.52,-4.11,241.15,20.3,10010.0
3824,0.6,-0.04,-0.22,-11.52,-7.0,-41.15,-8.41,-7.82,15.22,429.42,16.78,9131.67
3825,0.41,-0.19,0.08,2.96,30.04,-30.37,-5.85,-15.22,11.52,429.32,13.3,9118.33
3826,0.45,-0.26,0.15,-22.63,30.04,-48.56,-16.63,-25.19,18.93,429.28,11.71,9125.0
3827,-0.08,0.22,-0.15,4.11,-3.78,11.52,-33.41,-2.15,-7.82,478.45,-2.04,7333.33
3828,0.11,0.37,-0.45,-10.37,-40.82,0.74,-29.71,1.56,-14.08,680.08,3.18,5961.67
3829,0.82,-0.3,0.22,-18.6,-21.48,-22.3,15.22,-7.82,-2.15,679.91,15.11,5968.33
3830,0.97,-0.67,0.74,-37.93,27.15,-52.75,34.56,-20.89,17.19,442.18,30.63,8635.0
3831,0.76,-0.69,0.98,-23.45,41.97,-41.97,41.97,-13.49,19.75,492.94,15.04,6776.67
3832,0.76,-0.69,0.98,-23.45,41.97,-41.97,38.26,-20.89,17.19,492.97,1.3,6770.0
3833,1.21,-0.73,1.02,-23.45,27.15,-41.97,35.71,-23.45,28.3,668.92,1.3,6395.0
3834,0.82,-0.15,0.52,32.92,-3.29,-7.82,5.26,-7.82,15.22,416.83,9.97,9621.67
3835,-0.04,0.37,0.18,48.56,-48.56,33.41,-47.41,11.52,-5.26,417.1,25.49,9628.33
3836,-0.67,0.89,-0.19,93.82,-64.19,60.15,-67.89,23.45,-28.3,241.45,27.23,10016.67
3837,-0.6,0.71,-0.38,82.38,-82.38,63.86,-67.89,23.45,-28.3,437.27,16.89,8856.67
3838,0.26,0.19,-0.04,66.74,-37.11,22.63,-15.22,4.11,-7.82,437.0,1.37,8850.0
3839,0.59,-0.19,0.19,-4.11,-6.67,-22.3,5.26,-7.82,15.22,436.83,-0.37,8843.33
3840,0.59,-0.19,0.19,-4.11,-6.67,-22.3,-24.37,-11.52,5.26,240.88,8.41,10006.67
3841,-0.34,0.3,-0.3,41.15,-51.93,4.44,-65.6,5.26,-4.11,473.68,25.67,7503.33
3842,-0.82,0.75,-0.89,89.78,-86.08,75.3,-112.01,20.89,-34.56,687.64,22.19,5663.33
3843,-0.26,0.41,-0.34,55.96,-52.26,44.85,-65.6,7.82,-15.22,687.44,28.93,5680.0
3844,0.67,-0.07,0.15,10.7,-7.0,18.11,-24.37,-8.96,-5.85,454.65,11.67,8176.67
3845,0.71,0.07,0.15,21.48,-7.0,6.67,-12.93,-11.52,5.26,428.05,8.41,9176.67
3846,-0.22,0.56,-0.34,29.71,-52.26,33.41,-33.41,-2.15,-6.67,428.35,10.15,9173.33
3847,-0.26,0.52,-0.45,4.11,-52.26,15.22,-39.67,-5.85,-0.41,428.28,22.19,9173.33
3848,-0.26,0.41,-0.19,-14.07,-52.26,15.22,-21.48,-3.29,-1.56,490.83,22.19,6923.33
3849,-0.11,0.52,-0.45,0.74,-26.33,41.15,-17.78,4.11,1.0,490.86,15.27,6916.67
3850,-0.67,0.82,-0.93,49.37,-60.15,112.01,-34.56,30.86,-15.78,491.16,13.56,6913.33
3851,0.07,0.19,-0.45,33.74,-40.82,70.78,-17.78,15.22,4.7,417.06,20.3,9621.67
3852,0.11,0.34,-0.45,44.52,-40.82,59.34,-35.97,8.96,5.85,416.96,11.78,9628.33
3853,0.07,0.41,-0.37,40.82,-40.82,22.3,-39.67,1.56,3.29,416.93,18.7,9631.67
3854,-0.52,0.67,-0.97,63.86,-74.64,74.97,-60.15,13.49,-19.75,241.28,20.44,10020.0
3855,-0.11,0.0,-0.3,-7.0,-40.49,30.04,-25.19,0.41,-0.41,460.93,22.04,7968.33
3856,-0.08,-0.07,-0.37,-3.3,-40.49,67.08,-28.89,11.52,-4.11,643.88,6.59,7305.0
3857,-0.04,0.0,-0.33,7.48,-40.49,44.85,-28.89,11.52,-4.11,643.88,-10.67,7285.0
3858,0.07,-0.26,-0.07,33.41,-18.26,41.15,-22.63,7.82,-14.08,424.1,-14.08,9320.0
3859,0.11,-0.18,-0.04,44.19,-18.26,18.93,-18.93,-3.29,-10.37,241.15,-15.89,9980.0
3860,-0.19,0.0,0.18,26.0,-29.71,29.71,-18.93,-3.29,-10.37,419.91,-2.15,9486.67
3861,-0.26,0.33,-0.15,11.52,-51.93,18.93,-25.19,-7.0,-4.11,419.84,9.89,9493.33
3862,-0.0,0.14,0.26,-47.89,-3.3,-29.71,-4.7,-26.33,15.22,419.57,21.93,9500.0
3863,0.08,0.22,-0.15,-40.49,22.63,-18.26,-19.19,-25.19,18.93,240.75,10.0,10006.67
3864,-0.37,0.71,-0.48,0.74,-11.52,41.15,-35.97,-2.15,2.15,490.76,6.74,6923.33
3865,-1.0,1.04,-0.82,34.56,-71.6,86.08,-60.15,28.3,-20.89,663.6,11.96,6673.33
3866,-0.97,1.19,-0.82,45.34,-71.6,74.64,-45.67,27.15,-24.6,832.17,18.93,6583.33
3867,-1.08,1.08,-0.67,45.34,-97.52,74.64,-75.3,27.15,-34.56,582.32,18.93,9670.0
3868,-0.41,0.33,-0.11,0.08,-44.85,40.49,-41.15,7.82,-15.22,409.52,15.41,9923.33
3869,-0.0,-0.34,0.56,-70.78,-10.7,-4.44,-14.41,-7.82,-2.15,240.82,6.63,10006.67
3870,0.78,-0.93,0.64,-93.82,34.56,-75.3,32.0,-20.89,17.19,240.62,13.37,10003.33
3871,0.86,-0.86,0.64,-67.89,64.19,-75.3,28.3,-28.3,14.63,465.12,11.67,7791.67
3872,0.26,-0.45,0.23,-22.63,4.11,-44.85,1.56,-12.67,1.56,676.82,28.93,6041.67
3873,0.04,-0.23,0.34,-40.82,18.93,-33.41,7.82,-18.93,2.7,676.92,13.41,6045.0
3874,0.11,-0.11,0.0,-55.3,-18.11,-55.63,11.52,-11.52,5.26,681.66,15.11,5878.33
3875,0.86,-0.82,0.3,-74.64,64.19,-89.78,32.0,-30.86,24.6,716.17,9.89,4670.0
3876,0.3,-0.45,0.11,-33.41,4.11,-30.37,-20.67,-11.52,4.11,716.44,25.41,4676.67
3877,0.37,-0.41,0.26,-33.41,4.11,-18.93,-24.37,-18.93,1.56,487.23,11.67,7051.67
3878,0.22,-0.11,0.37,-59.34,-18.11,-15.22,-24.37,-8.96,-5.85,240.92,15.15,10023.33
3879,0.82,-0.89,0.78,-112.01,34.56,-63.86,22.04,-24.6,24.6,240.68,15.15,10026.67
3880,0.52,-0.78,0.82,-123.45,49.37,-49.37,15.78,-20.89,34.56,460.46,18.56,7985.0
3881,0.22,-0.52,0.37,-67.08,0.74,-30.04,-1.0,-4.11,25.19,460.8,13.37,7968.33
3882,-0.15,0.26,-0.08,15.22,-22.3,4.11,-35.97,8.96,5.85,460.9,-0.33,7958.33
3883,-0.6,0.78,-0.75,75.3,-56.45,60.49,-70.93,22.04,-13.49,241.25,-1.93,10006.67
3884,-0.22,0.19,-0.15,18.93,-15.22,37.45,-51.6,-4.7,3.29,240.95,-0.22,10010.0
3885,-0.03,-0.3,0.19,-26.34,15.22,10.7,-6.67,-14.08,15.22,446.86,-2.04,8465.0
3886,0.75,-0.89,0.93,-49.38,34.56,-41.97,38.26,-23.45,27.15,446.69,9.89,8468.33
3887,0.75,-0.89,0.93,-49.38,34.56,-41.97,38.26,-23.45,27.15,446.69,9.89,8468.33
3888,0.45,-0.19,0.22,-15.56,0.41,-0.74,-18.11,-11.52,4.11,240.75,18.67,10016.67
3889,-0.48,0.3,-0.26,-7.33,-44.85,26.0,-48.56,-3.29,-11.52,240.98,22.19,10010.0
3890,-1.0,1.15,-1.08,52.75,-71.6,86.08,-71.6,16.04,-30.86,241.25,27.41,10010.0
3891,-0.48,0.11,-0.22,7.82,-44.85,15.22,-25.19,2.97,-11.52,241.05,34.15,10010.0
3892,0.0,-0.33,0.22,-0.41,15.22,-11.52,1.56,-12.67,1.56,240.85,16.89,10020.0
3893,0.56,-1.23,1.08,-34.56,41.97,-93.82,22.04,-24.6,24.6,437.8,8.41,8811.67
3894,0.15,-0.59,0.45,-4.11,0.74,-48.56,-12.93,-14.08,16.37,438.03,-5.3,8805.0
3895,0.59,-0.63,0.48,-4.11,-14.07,-48.56,-19.19,-7.82,15.22,437.93,10.22,8805.0
3896,0.11,0.34,-0.3,15.22,-40.82,4.11,-35.97,11.52,-5.26,241.02,11.78,10023.33
3897,0.11,0.34,-0.3,15.22,-40.82,4.11,-25.19,21.48,-12.67,241.05,13.37,10026.67
3898,-0.49,0.6,-0.89,38.26,-74.64,56.78,-49.37,41.97,-28.3,241.32,1.26,10010.0
3899,-0.0,-0.37,-0.11,18.93,-47.89,4.11,-32.59,22.63,-7.82,438.23,-0.3,8791.67
3900,0.07,-0.37,-0.15,33.41,-47.89,18.93,-54.82,15.22,-11.52,438.16,5.08,8791.67
3901,-0.08,0.11,-0.3,44.19,-33.41,7.48,-51.11,4.11,-7.82,438.2,18.93,8791.67
3902,0.11,0.37,-0.52,29.71,-40.82,18.93,-44.85,0.41,-17.78,241.05,10.15,9993.33
3903,0.6,-0.04,-0.22,-11.52,-7.0,-41.15,1.56,-12.67,1.56,240.85,16.89,9990.0
3904,1.08,-1.04,0.6,-82.38,19.75,-89.78,24.6,-24.6,24.6,240.68,15.15,10000.0
3905,1.04,-1.08,0.45,-64.19,19.75,-101.23,28.3,-17.19,27.15,240.65,28.89,10003.33
3906,0.34,-0.41,-0.03,-33.74,0.41,-18.93,-18.11,-4.11,7.82,240.85,22.15,10016.67
3907,-0.0,0.12,-0.7,26.33,-40.82,41.15,-55.63,8.96,-11.52,240.95,8.45,10006.67
3908,-0.49,0.53,-1.0,67.56,-74.64,101.23,-112.01,20.89,-34.56,241.08,3.48,10013.33
3909,0.22,-0.14,-0.52,37.11,-55.3,18.93,-63.04,7.82,-15.22,240.88,8.45,9993.33
3910,0.59,-0.7,0.19,2.96,-14.07,-63.37,-25.52,-12.67,0.41,240.68,18.67,9990.0
3911,0.59,-0.7,0.19,2.96,-14.07,-63.37,-14.07,-15.22,11.52,240.72,11.71,10000.0
3912,0.63,-0.67,0.34,-15.22,-14.07,-51.93,-16.63,-15.22,11.52,240.72,13.48,10003.33
3913,0.11,0.34,-0.52,11.52,-40.82,18.93,-43.37,15.22,-11.52,468.8,10.22,7676.67
3914,-0.19,0.52,-0.3,-6.67,-52.26,29.71,-32.59,25.19,-18.93,468.83,11.82,7656.67
3915,-0.93,1.15,-0.93,41.97,-71.6,100.56,-79.0,38.26,-38.26,682.93,8.34,5826.67
3916,-0.19,0.41,-0.41,18.93,-41.15,41.15,-48.56,15.22,-11.52,698.66,16.82,5285.0
3917,-0.11,0.49,-0.82,26.33,-15.22,52.59,-59.34,5.26,-4.11,698.83,25.45,5305.0
3918,0.04,0.23,-0.59,22.63,-29.71,15.56,-33.41,1.56,3.29,674.37,16.82,6221.67
3919,-0.19,0.08,-0.19,18.93,-3.78,26.34,-37.11,-5.85,-0.41,430.56,11.6,9093.33
3920,-0.04,0.0,0.18,41.15,-0.08,0.41,-26.33,4.11,-7.82,430.39,2.96,9076.67
3921,-0.15,0.41,-0.04,55.63,14.41,26.0,-26.33,4.11,-7.82,241.05,16.82,10006.67
3922,-0.37,0.63,-0.26,66.74,-7.82,33.41,-28.89,4.11,-7.82,241.05,16.82,10006.67
3923,0.04,-0.08,0.3,10.37,44.85,-0.74,-2.15,-18.93,18.93,240.92,28.93,10020.0
3924,0.15,-0.48,0.52,-4.11,30.37,-26.33,1.56,-11.52,21.48,240.95,22.01,10003.33
3925,-0.11,0.15,-0.11,4.11,-3.78,-3.29,-18.93,7.82,2.15,441.47,20.3,8673.33
3926,-0.0,0.26,-0.56,-10.37,-40.82,-25.52,-11.52,11.52,-5.26,670.65,18.53,6288.33
3927,0.63,-0.07,-0.26,-37.11,-7.0,-41.15,7.82,-5.26,4.11,885.56,23.71,4416.67
3928,0.9,-0.71,0.38,-45.34,27.15,-64.19,28.3,-17.19,27.15,685.14,28.89,5743.33
3929,0.26,0.11,-0.11,14.07,7.82,6.67,-5.85,2.15,7.82,456.1,18.56,8128.33
3930,-0.33,0.37,-0.48,44.52,-26.0,59.34,-54.82,15.22,-11.52,241.05,11.82,10013.33
3931,-0.11,0.04,-0.33,33.41,-33.41,29.71,-54.82,15.22,-11.52,241.05,11.82,10016.67
3932,-0.0,-0.18,0.04,44.85,-29.71,15.22,-47.41,11.52,-5.26,241.12,18.75,10013.33
3933,-0.04,-0.11,0.11,41.15,-29.71,-21.81,-25.19,18.93,-1.56,241.18,13.37,10006.67
3934,-0.56,0.93,-0.75,86.08,-56.45,49.04,-49.37,41.97,-28.3,241.32,1.26,10020.0
3935,-0.56,0.75,-0.89,60.15,-74.64,37.93,-53.08,34.56,-30.86,241.28,8.18,10016.67
3936,-0.22,0.56,-0.52,15.22,-26.0,4.11,-28.89,11.52,-4.11,241.15,20.3,10020.0
3937,-0.41,0.3,-0.26,-10.37,-51.93,-10.37,-28.89,11.52,-4.11,413.75,34.15,9760.0
3938,-0.41,0.3,-0.26,-10.37,-51.93,-10.37,-28.89,11.52,-4.11,413.75,34.15,9760.0
3939,-0.67,0.49,-0.67,49.04,-100.56,38.26,-63.86,24.6,-23.45,413.85,20.44,9766.67
3940,-0.67,0.49,-0.67,49.04,-100.56,38.26,-63.86,24.6,-23.45,413.85,20.44,9766.67
3941,-0.97,0.63,-0.63,37.93,-112.01,49.37,-67.56,35.71,-27.15,413.82,6.59,9773.33
3942,-0.97,0.74,-0.75,12.34,-112.01,45.67,-67.56,35.71,-30.86,661.14,20.3,6760.0
3943,-0.67,0.6,-0.78,23.45,-100.56,34.56,-78.34,25.74,-23.45,488.51,4.85,7003.33
3944,-0.04,0.26,-0.45,-10.37,-40.49,-10.37,-54.15,-4.7,-0.41,488.27,13.48,6993.33
3945,-0.26,0.41,-0.52,4.44,-26.0,15.56,-43.37,5.26,-4.11,240.98,1.37,9986.67
3946,-0.33,0.74,-0.67,-6.67,-11.52,22.96,-43.37,5.26,-4.11,240.98,1.37,9996.67
3947,-0.26,0.3,-0.41,7.82,-18.93,11.52,-40.82,15.22,-11.52,240.95,4.85,10010.0
3948,0.15,-0.37,0.52,-40.82,0.41,-70.78,-14.07,-4.11,15.22,491.98,15.11,6891.67
3949,-0.0,-0.52,0.85,-33.41,-25.52,-52.59,-3.29,5.85,7.82,492.01,16.71,6901.67
3950,-0.48,0.45,0.07,-14.07,-52.26,0.08,-26.33,15.22,-4.11,492.31,18.45,6895.0
3951,-0.45,0.59,-0.19,-25.52,-37.45,26.0,-26.33,4.11,-7.82,241.05,16.82,10026.67
3952,-0.37,0.67,-0.6,-18.11,-11.52,37.45,-22.63,-7.0,-4.11,241.08,30.67,10023.33
3953,-0.44,0.6,-0.67,-3.3,-11.52,67.08,-18.93,0.41,-1.56,415.7,25.45,9683.33
3954,-0.44,0.6,-0.67,-3.3,-11.52,67.08,-18.93,0.41,-1.56,615.12,16.82,8385.0
3955,-0.59,0.48,-0.41,-18.11,-37.45,41.15,-18.93,0.41,-1.56,615.12,16.82,8378.33
3956,0.11,-0.19,0.08,-48.56,-18.11,-41.15,0.41,-16.37,7.82,440.2,20.3,8721.67
3957,-0.26,0.41,-0.52,-3.29,-52.26,-14.41,-26.33,14.08,-15.22,241.02,20.3,10020.0
3958,-0.26,0.41,-0.52,-3.29,-52.26,-14.41,-26.33,14.08,-15.22,241.02,20.3,10026.67
3959,-0.37,0.3,-0.08,-7.0,-15.22,7.82,-18.93,15.22,-11.52,425.32,16.82,9308.33
3960,-0.23,-0.04,0.04,18.6,-29.71,15.22,-29.71,5.26,-4.11,425.29,15.22,9315.0
3961,-0.08,0.19,-0.15,44.19,-3.78,41.15,-33.41,5.26,-4.11,660.3,10.0,6721.67
3962,-0.75,0.89,-0.67,70.93,-86.08,89.78,-60.15,20.89,-17.19,476.32,8.3,7430.0
3963,-0.41,0.37,0.07,26.0,-15.22,51.93,-18.93,4.11,-7.82,476.19,6.49,7410.0
3964,-0.56,0.15,0.26,0.41,-41.15,26.0,-29.71,5.26,-4.11,241.12,-3.74,9993.33
3965,0.07,-0.67,0.71,-26.33,11.52,-44.85,-12.93,-11.52,5.26,240.78,1.44,10000.0
3966,-0.11,-0.45,0.48,-52.26,-10.7,-37.45,-19.19,-5.26,4.11,467.61,1.44,7715.0
3967,0.38,-0.89,0.93,-60.49,49.37,-64.19,18.34,-15.78,12.34,467.38,15.15,7715.0
3968,0.34,-0.86,0.89,-86.41,49.37,-41.97,24.6,-22.04,13.49,467.48,-0.37,7705.0
3969,0.15,-0.63,0.34,-26.34,0.74,10.7,7.82,-5.26,4.11,240.75,16.89,9990.0
3970,0.33,-0.82,0.49,-37.45,-6.67,3.3,7.82,-7.82,15.22,472.45,11.71,7531.67
3971,0.03,-0.22,-0.15,33.41,-47.89,41.15,-22.63,18.93,-1.56,472.61,15.11,7541.67
3972,0.63,-0.48,0.45,10.37,-14.07,-11.52,-5.85,-0.41,18.93,648.36,13.37,7173.33
3973,0.26,0.0,-0.19,40.82,-55.3,11.52,-28.89,11.52,-4.11,416.96,20.3,9628.33
3974,0.04,0.26,-0.37,30.04,-40.82,33.74,-25.19,0.41,-0.41,417.0,34.15,9621.67
3975,-0.04,0.19,-0.63,22.63,-40.82,4.11,-18.93,-3.29,-10.37,410.87,32.37,9871.67
3976,0.52,-0.22,-0.37,-4.11,-7.0,-41.15,11.52,-11.52,5.26,410.63,28.86,9878.33
3977,1.04,-1.08,0.45,-64.19,19.75,-101.23,38.26,-27.15,18.34,410.43,11.6,9891.67
3978,1.08,-1.04,0.6,-82.38,19.75,-89.78,34.56,-30.86,24.6,240.65,9.89,10030.0
3979,0.56,-0.56,0.3,-55.63,-14.07,-29.71,7.82,-18.93,1.56,478.31,-3.85,7360.0
3980,0.59,-0.59,0.34,-29.71,-14.07,-51.93,11.52,-11.52,4.11,478.28,9.89,7340.0
3981,0.56,-0.63,0.19,-11.52,-14.07,-63.37,15.22,-7.82,-2.15,478.35,-2.15,7340.0
3982,0.56,-0.63,0.19,-11.52,-14.07,-63.37,15.22,-7.82,-2.15,478.35,-2.15,7340.0
3983,0.45,-0.26,0.0,-37.45,-6.67,-37.45,5.26,-18.93,1.56,478.31,-3.85,7360.0
3984,-0.26,0.41,-0.48,-7.0,-26.0,44.85,-17.78,4.11,-8.96,653.13,8.19,7013.33
3985,-0.3,0.34,-0.45,-7.0,-26.0,30.04,-17.78,7.82,1.0,415.73,18.53,9686.67
3986,-0.19,0.08,-0.19,18.93,-3.78,26.34,-11.52,11.52,-5.26,415.8,6.49,9666.67
3987,0.59,-0.52,0.56,-4.11,15.56,-26.33,5.26,-15.22,11.52,240.92,6.49,9993.33
3988,1.0,-1.15,1.19,-34.56,56.78,-71.6,32.0,-30.86,24.6,240.65,9.89,9980.0
3989,1.15,-1.04,0.75,-30.86,19.75,-93.82,32.0,-30.86,24.6,410.37,23.64,9861.67
3990,0.3,-0.52,0.41,-15.22,-25.52,-52.59,11.52,-11.52,5.26,589.39,25.34,9368.33
3991,0.3,-0.52,0.41,-15.22,-25.52,-52.59,1.56,-15.22,12.67,786.57,20.38,8166.67
3992,0.11,-0.71,0.74,-44.85,-18.11,-30.37,-2.15,-18.93,18.93,616.79,18.67,8291.67
3993,0.89,-1.23,0.93,-67.89,27.15,-71.6,18.34,-34.56,32.0,674.25,20.45,6166.67
3994,0.89,-1.23,0.93,-67.89,27.15,-71.6,28.3,-30.86,24.6,477.07,25.41,7375.0
3995,0.56,-0.7,0.26,-7.82,-14.07,-11.52,8.96,-4.11,7.82,477.37,23.71,7375.0
3996,0.41,-1.0,0.52,-11.52,-6.67,-41.15,11.52,-0.41,17.78,240.98,23.71,10003.33
3997,-0.15,-0.11,-0.33,22.63,-33.41,41.15,-18.93,7.82,2.15,241.22,27.23,10013.33
3998,-0.48,0.11,-0.22,7.82,-44.85,15.22,-26.33,11.52,-4.11,413.75,34.15,9763.33
3999,-0.52,0.15,-0.26,-18.11,-44.85,37.45,-28.89,14.08,-15.22,413.62,34.15,9753.33
4000,0.26,-0.45,0.48,-41.15,-25.52,-15.22,-8.41,2.15,7.82,413.45,32.41,9756.67
4001,1.0,-1.12,1.15,-60.49,56.78,-49.37,25.74,-17.19,27.15,424.89,27.19,9298.33
4002,0.82,-0.82,1.04,-23.45,64.19,-41.97,28.3,-19.75,38.26,425.02,27.19,9305.0
4003,-0.04,-0.3,0.7,-7.82,18.93,-0.74,4.11,3.29,11.52,425.16,15.08,9285.0
4004,-0.45,0.15,-0.08,26.33,-51.93,59.34,-30.04,22.63,-7.82,241.12,6.44,10006.67
4005,-0.56,0.45,-0.6,60.15,-100.56,89.78,-67.56,35.71,-27.15,241.22,-7.26,10020.0
4006,-0.45,0.64,-1.0,60.15,-74.64,89.78,-67.56,35.71,-27.15,469.07,-1.89,7693.33
4007,0.07,0.3,-0.67,29.71,-40.82,7.48,-43.37,5.26,-4.11,468.83,6.74,7683.33
4008,-0.15,0.56,-0.85,18.93,-26.33,29.71,-32.59,15.22,-11.52,662.57,16.97,6586.67
4009,-0.11,0.52,-0.82,26.33,-15.22,11.52,-43.37,5.26,-4.11,655.5,18.53,6836.67
4010,-0.67,1.12,-0.93,79.0,-30.86,67.89,-60.15,32.0,-20.89,655.8,16.82,6826.67
4011,-0.11,0.33,-0.04,18.93,-4.11,-14.41,-11.52,11.52,-5.26,700.78,13.56,5201.67
4012,0.48,-0.26,0.63,-41.15,18.93,-37.45,33.41,-5.26,2.97,728.53,3.23,4243.33
4013,0.26,-0.26,0.67,-70.78,-10.7,-22.96,33.41,-5.26,2.97,728.53,3.23,4260.0
4014,-0.45,0.41,0.03,-25.52,-63.37,33.41,-15.22,15.22,-12.67,489.85,-2.15,6968.33
4015,-0.41,0.26,-0.19,4.11,-78.19,3.78,-22.63,11.52,-5.26,241.08,9.89,10020.0
4016,0.26,-0.48,-0.03,-22.63,4.11,-44.85,-5.85,-15.22,11.52,487.07,11.6,7051.67
4017,0.63,-0.63,-0.11,2.96,15.56,-41.15,-16.63,-25.19,18.93,487.03,10.0,7065.0
4018,0.37,-0.48,0.08,-26.67,30.37,-15.22,-12.93,-21.48,12.67,487.1,-2.04,7065.0
4019,0.48,-0.33,0.0,-22.96,-6.67,-37.45,-10.37,-14.08,16.37,240.92,1.44,10016.67
4020,0.41,-0.15,0.19,-11.52,11.52,-41.15,7.82,-7.82,15.22,241.02,9.97,10010.0
4021,0.74,-0.22,0.26,25.52,-3.29,-37.45,7.82,-7.82,15.22,241.02,9.97,9996.67
4022,-0.11,0.33,0.03,41.15,-48.56,18.93,-11.52,11.52,-5.26,241.22,4.78,10016.67
4023,-0.41,0.3,-0.08,4.11,-78.19,18.93,-11.52,11.52,-5.26,241.22,4.78,10006.67
4024,-1.34,0.78,-0.56,12.34,-123.45,45.67,-38.26,27.15,-18.34,241.42,22.04,10013.33
4025,-1.19,0.89,-0.82,27.15,-97.52,71.6,-67.89,23.45,-28.3,241.28,20.49,10013.33
4026,-1.23,0.86,-0.71,41.97,-67.89,71.6,-75.3,17.19,-34.56,493.5,13.56,6850.0
4027,-0.74,0.41,-0.26,33.74,-7.82,44.85,-54.82,7.82,-22.63,493.2,11.82,6856.67
4028,-0.18,-0.37,0.67,-0.41,48.56,-15.22,-5.85,-7.82,7.82,493.0,4.85,6860.0
4029,0.56,-1.01,1.23,-34.56,101.23,-49.37,20.89,-20.89,34.56,240.45,3.26,10043.33
4030,1.0,-1.04,1.26,-34.56,86.41,-49.37,20.89,-23.45,45.67,240.58,3.26,10046.67
4031,1.0,-1.15,1.19,-34.56,56.78,-71.6,24.6,-27.15,35.71,240.68,1.44,10033.33
4032,0.78,-0.93,0.97,-23.45,34.56,-64.19,22.04,-24.6,24.6,240.68,15.15,10026.67
4033,0.0,-0.33,0.22,-0.41,15.22,-11.52,-24.37,-8.96,-5.85,240.75,8.41,10010.0
4034,-0.22,0.0,0.07,10.7,22.63,18.11,-30.63,-5.26,4.11,240.78,23.93,10000.0
4035,-0.37,0.23,-0.48,33.74,-26.0,70.78,-54.82,15.22,-11.52,241.05,11.82,9986.67
4036,0.19,-0.56,0.45,-0.41,30.37,10.7,-5.85,-0.41,18.93,240.98,18.56,10000.0
4037,0.07,-0.26,-0.07,33.41,-18.26,41.15,-40.82,12.67,-0.41,241.08,4.85,10013.33
4038,-0.11,0.08,-0.22,33.41,-3.78,41.15,-33.41,8.96,5.85,241.15,11.78,10020.0
4039,-0.45,0.6,-0.97,78.34,-74.64,79.0,-60.15,32.0,-20.89,241.28,-0.33,10003.33
4040,-0.63,1.01,-1.15,78.34,-60.15,89.78,-71.6,34.56,-32.0,241.25,6.63,9996.67
4041,-0.15,0.56,-0.56,29.71,-26.0,18.93,-48.56,11.52,-21.48,241.02,-3.7,9996.67
4042,0.11,0.37,-0.0,-29.71,22.63,-29.71,-18.11,-15.22,-4.7,453.7,-5.3,8211.67
4043,0.63,-0.56,0.93,-74.64,79.0,-78.34,38.26,-27.15,18.34,453.57,-0.33,8225.0
4044,0.63,-0.56,0.93,-74.64,79.0,-78.34,34.56,-30.86,24.6,453.5,11.71,8231.67
4045,-0.0,-0.23,0.45,-3.78,18.93,-33.41,-6.67,-14.08,15.22,473.45,27.15,7523.33
4046,-0.52,0.7,-0.48,41.15,-37.45,15.22,-51.6,-4.7,3.29,473.61,15.22,7520.0
4047,-0.45,0.37,-0.15,55.63,-15.22,26.0,-44.19,6.41,-0.41,473.65,16.93,7523.33
4048,0.48,-0.11,0.33,10.37,30.04,-0.74,-9.22,-6.67,18.93,240.88,15.19,10036.67
4049,0.26,-0.41,0.7,21.81,33.74,-15.22,1.56,3.29,11.52,445.67,28.89,8526.67
4050,-0.48,0.22,0.14,55.96,-18.93,18.93,-32.59,12.67,-7.82,698.15,18.56,5346.67
4051,-1.23,0.97,-0.6,89.78,-38.26,60.15,-56.78,35.71,-34.56,698.29,6.44,5330.0
4052,-0.82,0.86,-0.78,78.34,-56.45,63.86,-56.78,35.71,-34.56,493.54,-5.67,6823.33
4053,-0.71,0.93,-0.75,70.93,-86.08,78.34,-56.78,45.67,-34.56,241.25,-5.67,9983.33
4054,-0.23,-0.07,0.07,0.08,-59.34,29.71,-22.63,26.33,-15.22,241.05,4.67,9983.33
4055,-0.45,0.19,-0.11,-10.7,-44.85,51.93,-18.93,15.22,-11.52,241.08,18.52,9993.33
4056,0.34,-0.41,-0.03,-33.74,0.41,-18.93,15.22,-4.11,7.82,240.88,28.86,10003.33
4057,0.52,-0.22,-0.37,-4.11,-7.0,-41.15,5.26,-7.82,15.22,240.95,30.63,10013.33
4058,0.45,-0.3,0.04,-11.52,-32.92,-52.59,1.56,3.29,11.52,240.92,16.78,10016.67
4059,-0.04,0.11,-0.26,29.71,-66.74,7.48,-32.59,22.63,-7.82,457.25,3.04,8096.67
4060,-0.04,0.11,-0.26,29.71,-66.74,7.48,-32.59,15.22,-11.52,457.15,-0.44,8093.33
4061,0.74,-0.48,-0.18,6.67,-21.48,-63.37,-8.41,-7.82,15.22,457.02,11.67,8093.33
4062,1.12,-1.0,0.56,-38.26,49.38,-101.23,25.74,-27.15,34.56,424.92,23.71,9301.67
4063,0.75,-0.89,0.78,-30.86,64.19,-71.6,25.74,-17.19,27.15,424.89,27.19,9308.33
4064,-0.04,-0.3,0.7,-15.22,48.56,-0.74,8.96,2.15,6.67,643.47,25.41,7301.67
4065,-0.07,-0.3,0.67,-41.15,18.93,-22.96,23.45,1.0,2.97,698.11,22.15,5301.67
4066,-0.56,0.15,0.22,-32.92,-41.15,3.78,-22.96,14.08,-16.37,698.31,15.41,5305.0
4067,-0.41,0.3,-0.11,-32.92,-44.85,-14.41,-22.96,14.08,-16.37,479.93,12.01,7298.33
4068,-1.12,0.97,-0.75,49.38,-97.52,41.97,-82.38,24.6,-24.6,473.88,20.49,7506.67
4069,-0.78,0.75,-0.86,64.19,-86.08,67.89,-52.75,28.3,-14.63,474.01,22.04,7493.33
4070,-0.71,0.41,-0.71,75.3,-100.56,60.49,-70.93,22.04,-13.49,473.91,13.52,7500.0
4071,-0.22,-0.03,-0.26,30.04,-40.49,33.74,-29.71,5.26,-4.11,241.12,-3.74,10006.67
4072,-0.48,0.22,-0.0,22.63,-51.93,22.3,-33.41,-2.15,-6.67,419.84,-0.33,9506.67
4073,-0.56,0.56,-0.15,11.52,-37.45,29.71,-15.22,4.11,-7.82,419.94,8.19,9516.67
4074,-0.45,0.59,-0.19,-25.52,-37.45,26.0,-15.22,4.11,-7.82,599.94,11.6,8968.33
4075,0.19,-0.11,0.33,-52.26,44.85,-22.63,11.52,-11.52,5.26,420.98,-2.15,9475.0
4076,0.6,-0.64,0.86,-86.08,79.0,-63.86,30.86,-28.3,14.63,420.65,3.04,9458.33
4077,0.19,0.03,0.19,-15.22,44.85,-18.93,0.41,-1.56,-2.15,240.82,3.04,10003.33
4078,-0.22,0.56,-0.52,15.22,-26.0,4.11,-26.33,14.08,-15.22,241.02,20.3,9993.33
4079,-0.26,0.48,-0.45,3.78,-26.0,18.6,-28.89,14.08,-15.22,241.18,8.18,10003.33
4080,0.26,-0.45,0.48,-41.15,30.37,-30.04,5.26,-5.26,4.11,240.98,18.52,10006.67
4081,0.45,-0.75,0.97,-60.49,79.0,-45.67,25.74,-17.19,27.15,240.82,16.78,10003.33
4082,0.56,-1.12,1.15,-34.56,71.6,-71.6,25.74,-17.19,27.15,240.65,28.89,10006.67
4083,0.04,-0.19,0.22,10.37,15.22,-22.96,-1.0,-1.56,14.08,240.92,25.49,10006.67
4084,0.15,-0.15,0.19,-26.67,15.22,-26.67,-1.0,-1.56,14.08,240.92,25.49,10016.67
4085,-0.07,0.18,0.04,-15.56,22.63,2.96,1.56,-1.56,14.08,240.92,25.49,10010.0
4086,0.23,-0.78,0.78,-49.38,79.0,-45.67,42.78,-28.3,23.45,494.39,25.52,6795.0
4087,-0.29,-0.34,0.52,3.29,18.93,-0.74,-3.63,-12.67,-7.0,494.46,18.78,6788.33
4088,-0.29,-0.34,0.52,3.29,18.93,-0.74,0.08,-18.93,-5.85,494.56,3.26,6801.67
4089,-0.63,0.48,-0.23,26.33,-37.45,59.34,-70.78,4.11,-25.19,454.85,4.93,8176.67
4090,-0.74,0.41,-0.34,18.93,-7.82,44.85,-70.78,4.11,-25.19,680.39,11.67,5930.0
4091,-0.33,0.34,-0.41,-6.67,-22.63,26.67,-74.48,7.82,-15.22,680.43,28.93,5916.67
4092,0.37,-0.33,0.08,-37.11,-3.29,-55.63,-21.81,-11.52,5.26,636.15,30.63,7625.0
4093,1.04,-0.63,0.38,-70.93,27.15,-100.56,34.56,-23.45,28.3,410.47,28.86,9878.33
4094,1.08,-0.6,0.49,-45.34,27.15,-82.38,32.0,-23.45,28.3,586.28,27.12,9503.33
4095,0.59,-0.19,0.19,-4.11,-6.67,-22.3,8.96,-0.41,17.78,612.61,13.37,8461.67
4096,0.7,-0.52,0.52,10.37,15.56,-11.52,-1.0,-1.56,14.08,816.44,11.67,7000.0
4097,0.48,-0.82,0.63,-0.74,22.96,-41.15,5.26,-5.26,4.11,640.6,-3.85,7385.0
4098,0.71,-1.08,1.12,-71.6,71.6,-75.3,24.6,-22.04,13.49,444.45,11.67,8548.33
4099,0.26,-0.56,0.41,-41.15,0.74,-52.26,-10.37,-11.52,5.26,240.78,1.44,10006.67
4100,0.15,-0.19,0.22,-67.08,8.15,-26.33,-10.37,-11.52,5.26,240.78,1.44,10006.67
4101,0.19,-0.11,0.15,-55.63,8.15,-40.82,-10.37,-21.48,12.67,240.82,-2.04,10003.33
4102,0.56,-0.71,0.75,-112.01,49.37,-63.86,24.6,-41.97,28.3,240.62,8.19,10013.33
4103,0.26,-0.26,0.45,-29.71,18.93,-33.41,1.56,-18.93,17.78,240.85,18.53,9996.67
4104,0.22,-0.34,0.52,-41.15,18.93,-18.93,1.56,-18.93,17.78,240.85,18.53,10010.0
4105,0.45,-0.11,0.33,-29.71,11.52,-29.71,7.82,-15.22,11.52,442.48,23.75,8625.0
4106,1.04,-0.67,0.6,-100.56,27.15,-74.64,34.56,-30.86,24.6,442.22,23.75,8638.33
4107,1.3,-0.82,0.41,-70.93,12.34,-100.56,38.26,-27.15,18.34,442.28,11.71,8638.33
4108,1.01,-0.71,0.45,-82.38,27.15,-86.08,32.0,-23.45,28.3,460.5,-2.15,7971.67
4109,0.48,-0.33,0.0,-22.96,-6.67,-37.45,-12.93,-14.08,16.37,460.66,-10.67,7978.33
4110,0.22,-0.19,0.19,-52.59,8.15,-11.52,-19.19,-10.37,26.33,680.44,-7.26,5930.0
4111,-0.19,0.45,-0.48,0.08,-26.0,33.41,-43.37,12.67,-0.41,688.68,-1.89,5638.33
4112,0.13,0.05,0.2,-44.85,22.63,-4.44,5.26,3.29,11.52,940.87,-2.04,2391.67
4113,-0.24,0.65,-0.39,0.41,-11.52,22.3,-41.15,18.93,-18.93,721.19,3.34,4436.67
4114,-0.06,0.28,-0.21,18.6,-26.0,11.52,-41.15,18.93,-18.93,709.47,-5.44,4853.33
4115,-0.41,0.6,-0.93,52.75,-74.64,71.6,-101.23,30.86,-41.97,457.25,1.67,8086.67
4116,0.11,-0.26,-0.07,33.41,-18.26,41.15,-44.85,18.93,-18.93,641.36,4.93,7375.0
4117,-0.26,-0.11,-0.0,7.82,-29.71,37.45,-41.15,7.82,-15.22,425.26,22.19,9295.0
4118,0.07,-0.63,0.67,-52.26,11.52,-22.63,7.82,-5.26,4.11,425.06,28.93,9295.0
4119,-0.3,-0.11,-0.07,-7.33,-59.34,15.22,-18.93,10.37,-8.96,241.08,27.23,10006.67
4120,0.41,-0.78,0.6,-26.67,22.96,-18.93,4.11,-1.56,14.08,240.92,25.49,10013.33
4121,-0.26,-0.04,0.04,18.6,-29.71,15.22,-22.63,18.93,-1.56,413.78,27.23,9763.33
4122,0.11,-0.6,0.41,-26.33,41.15,-22.63,-5.85,-7.82,15.22,659.77,28.93,6801.67
4123,0.07,-0.67,0.3,-52.26,11.52,-22.63,-2.15,-11.52,5.26,850.35,23.75,5833.33
4124,0.22,-0.56,0.04,-37.45,37.45,3.3,-2.15,-11.52,5.26,871.45,18.53,5000.0
4125,0.41,-0.33,0.22,-26.34,0.41,10.7,-2.15,-1.56,-2.15,625.13,22.01,7971.67
4126,-0.07,0.63,-0.6,26.33,-26.33,59.34,-32.59,25.19,-18.93,662.53,20.45,6596.67
4127,0.15,0.37,-0.41,37.11,-40.82,37.11,-28.89,14.08,-15.22,468.87,25.67,7680.0
4128,-0.71,0.89,-0.75,52.75,-86.08,78.34,-63.86,24.6,-23.45,469.1,11.96,7663.33
4129,-0.19,-0.11,0.18,26.0,-29.71,7.48,-29.71,5.26,-4.11,458.54,11.96,8038.33
4130,-0.23,-0.18,0.15,15.22,-29.71,29.71,-26.0,12.67,-1.56,458.44,11.96,8031.67
4131,-0.0,-0.18,0.11,44.85,-0.08,15.22,-11.52,11.52,-5.26,458.51,27.41,8048.33
4132,-0.56,0.71,-0.82,79.0,-56.45,97.52,-38.26,27.15,-18.34,415.87,30.67,9673.33
4133,-0.89,0.93,-0.71,64.19,-67.89,71.6,-38.26,27.15,-18.34,416.0,23.75,9693.33
4134,-0.97,1.08,-1.01,27.15,-71.6,67.89,-34.56,34.56,-15.78,416.03,16.82,9680.0
4135,-0.41,0.19,-0.15,-7.0,-44.85,-14.41,-17.78,15.22,4.7,241.25,20.3,10010.0
4136,-0.22,0.45,-0.41,18.6,-18.93,0.08,-21.48,7.82,2.15,409.72,18.75,9913.33
4137,-0.37,0.3,-0.08,26.0,-44.85,18.26,-21.48,7.82,2.15,409.72,18.75,9913.33
4138,-0.93,1.19,-0.93,60.15,-71.6,100.56,-38.26,27.15,-18.34,409.92,13.56,9913.33
4139,-0.93,1.19,-0.93,60.15,-71.6,100.56,-38.26,27.15,-18.34,409.92,13.56,9913.33
4140,-0.15,0.6,-0.85,37.11,-26.33,29.71,-21.48,0.41,-1.56,409.62,15.27,9916.67
4141,0.45,-0.19,0.08,2.96,30.04,-30.37,5.26,-15.22,11.52,593.6,16.97,9211.67
4142,0.63,-0.59,0.26,2.96,15.56,-41.15,5.26,-15.22,11.52,425.09,25.45,9305.0
4143,0.52,-0.71,0.71,-0.74,52.59,-18.93,15.22,-4.11,7.82,609.36,25.45,8593.33
4144,-0.0,0.15,-0.15,18.6,-3.78,11.52,-11.52,11.52,-5.26,425.39,23.75,9301.67
4145,0.33,-0.37,0.59,-26.33,67.08,-26.33,8.96,-7.82,14.08,425.12,18.53,9295.0
4146,-0.22,0.56,-0.34,18.6,10.7,22.3,-25.19,11.52,-5.26,241.08,9.89,10000.0
4147,0.26,-0.41,0.45,-0.74,37.45,-30.37,-8.41,-5.26,4.11,240.75,15.08,9996.67
4148,-0.3,0.37,-0.48,33.41,-18.93,29.71,-43.37,15.22,-11.52,240.95,4.85,9986.67
4149,0.34,-0.44,0.0,-26.0,0.41,-41.15,-9.22,-4.11,7.82,469.99,15.19,7615.0
4150,0.3,-0.41,-0.03,-51.93,0.41,-18.93,-9.22,-6.67,18.93,470.12,15.19,7611.67
4151,0.34,-0.26,-0.03,-41.15,0.41,-30.37,5.26,-7.82,15.22,638.7,22.15,7535.0
4152,-0.26,0.48,-0.45,-7.33,-18.93,22.3,-21.48,7.82,2.15,409.72,18.75,9920.0
4153,-0.3,0.89,-0.67,4.11,-11.52,11.52,-18.93,0.41,-1.56,409.62,15.27,9936.67
4154,0.22,-0.15,0.19,-40.82,15.22,-59.34,1.56,-11.52,21.48,438.06,15.27,8811.67
4155,-0.0,-0.34,0.37,-40.82,-10.7,-55.63,-2.15,-18.93,18.93,438.03,22.19,8805.0
4156,0.07,-0.78,0.63,-26.33,-18.11,-67.08,5.26,-7.82,15.22,438.06,23.89,8788.33
4157,0.22,-0.56,0.26,-22.63,-25.52,-67.08,15.22,-4.11,7.82,240.88,28.86,10000.0
4158,0.37,-0.44,0.0,-7.82,0.41,-41.15,0.74,-2.97,11.52,240.82,13.41,9990.0
4159,-0.04,0.37,-0.48,48.56,-22.63,15.22,-26.0,12.67,-1.56,241.08,10.0,9990.0
4160,-0.56,0.71,-0.82,79.0,-56.45,97.52,-70.93,22.04,-13.49,241.25,-1.93,9990.0
4161,0.18,0.08,-0.19,30.37,-37.11,26.67,-26.0,12.67,-1.56,241.08,10.0,9990.0
4162,0.11,0.15,-0.59,8.15,-29.71,22.96,-55.63,12.67,-1.56,483.37,10.0,7163.33
4163,-0.0,0.56,-0.71,8.15,-4.11,-6.67,-55.63,12.67,-1.56,704.18,18.53,5076.67
4164,-0.6,1.12,-0.97,79.0,-19.75,38.26,-86.08,20.89,-17.19,704.41,20.3,5080.0
4165,-0.22,0.59,-0.26,18.93,3.29,11.52,-29.71,5.26,-4.11,461.86,23.71,7913.33
4166,0.15,-0.0,0.37,-41.15,26.33,-15.22,15.22,-4.11,7.82,240.88,27.12,10003.33
4167,0.34,-0.49,0.71,-86.41,56.78,-41.97,41.97,-19.75,20.89,240.68,11.6,10013.33
4168,-0.11,0.04,0.04,-26.34,22.63,14.41,-14.41,-7.82,-2.15,240.82,6.63,10026.67
4169,-0.22,0.0,0.07,10.7,22.63,18.11,-18.11,-15.22,-4.7,240.85,-7.11,10013.33
4170,-0.41,0.48,-0.26,55.96,-7.82,44.85,-48.56,11.52,-21.48,241.02,-3.7,10003.33
4171,0.08,0.03,0.33,7.33,26.33,-26.0,0.41,-4.11,8.96,240.95,3.04,10003.33
4172,0.3,-0.3,0.48,-3.78,18.93,-55.63,-5.85,2.15,7.82,240.85,18.56,10006.67
4173,0.67,-1.08,0.93,-86.08,41.97,-89.78,20.89,-18.34,23.45,240.58,30.67,10010.0
4174,0.22,-0.48,0.34,-26.67,7.82,-30.37,-28.07,-2.7,-7.0,240.65,23.93,9990.0
4175,-0.19,0.15,-0.3,3.78,-33.41,14.89,-52.26,17.78,-22.63,240.92,11.82,9996.67
4176,-0.52,0.67,-0.97,63.86,-74.64,74.97,-101.23,30.86,-41.97,241.12,5.08,10006.67
4177,-0.64,0.45,-0.56,45.67,-100.56,74.97,-75.3,27.15,-34.56,419.97,10.04,9513.33
4178,-0.75,0.86,-0.78,60.15,-86.08,100.56,-75.3,27.15,-34.56,419.97,10.04,9513.33
4179,-0.45,0.74,-0.34,11.52,-37.45,29.71,-26.33,4.11,-7.82,419.81,13.3,9513.33
4180,-0.19,0.48,-0.59,18.93,-26.0,41.15,-30.04,15.22,-11.52,241.02,2.96,10026.67
4181,-0.37,0.22,-0.33,-6.67,-51.93,26.67,-52.26,7.82,-15.22,240.95,8.34,10030.0
4182,-0.11,0.04,-0.3,-6.67,-66.74,26.67,-54.82,7.82,-15.22,240.95,8.34,10016.67
4183,-0.22,0.45,-0.37,-21.48,-52.26,-2.96,-77.04,0.41,-18.93,240.88,13.71,10013.33
4184,-0.0,0.63,-0.56,-21.48,-26.33,-6.67,-77.04,0.41,-18.93,240.88,13.71,10016.67
4185,-0.56,1.08,-1.01,23.45,-60.15,41.97,-93.82,23.45,-45.67,478.58,1.67,7353.33
4186,-0.49,0.93,-0.71,60.49,-56.45,45.67,-82.38,20.89,-34.56,478.65,4.93,7343.33
4187,0.22,0.26,-0.04,52.26,-37.11,22.63,-29.71,1.56,-14.08,478.55,-3.85,7330.0
4188,0.11,0.52,-0.19,55.96,-11.52,15.22,-47.89,-1.0,-2.97,461.86,6.49,7913.33
4189,0.67,-0.07,-0.07,3.29,4.11,-41.15,-6.67,-17.78,6.41,631.41,8.19,7788.33
4190,0.41,-0.33,0.0,-33.74,11.52,-48.56,-10.37,-11.52,5.26,631.31,23.71,7791.67
4191,0.52,-0.74,0.12,-33.74,-14.07,-18.93,7.82,-5.26,4.11,410.6,23.71,9875.0
4192,0.03,-0.33,-0.18,7.48,-47.89,41.15,-15.22,17.78,-6.41,241.12,20.3,10003.33
4193,-0.34,0.27,-0.78,63.86,-89.12,64.19,-38.26,27.15,-18.34,430.76,8.19,9086.67
4194,-0.52,0.6,-0.93,63.86,-74.64,64.19,-56.45,20.89,-17.19,430.66,-0.33,9080.0
4195,-0.19,0.08,-0.19,18.93,-3.78,26.34,-39.67,-5.85,-0.41,430.36,1.37,9080.0
4196,-0.15,0.0,-0.26,22.63,-3.78,63.37,-39.67,-5.85,-0.41,241.02,15.22,10003.33
4197,-0.08,0.08,-0.19,7.82,-3.78,33.74,-21.48,0.41,-1.56,241.12,23.75,10020.0
4198,0.11,0.23,-0.48,-6.67,-40.82,22.96,-11.52,11.52,-5.26,241.15,25.45,10010.0
4199,0.07,0.3,-0.41,-10.37,-40.82,-14.07,-15.22,22.63,-8.96,241.12,11.6,10003.33
4200,0.48,-0.22,0.11,-44.19,-6.67,-55.3,1.56,5.85,0.41,240.78,16.78,10000.0
4201,0.45,-0.26,-0.03,-26.0,-6.67,-66.74,-5.85,4.7,-3.29,240.72,18.56,10016.67
4202,0.52,-0.26,-0.07,-11.52,-6.67,-51.93,-5.85,4.7,-3.29,456.85,15.15,8100.0
4203,0.18,0.11,-0.3,59.34,-37.11,-7.0,-26.33,14.08,-15.22,457.15,16.89,8100.0
4204,-0.38,0.71,-0.41,112.01,-52.75,49.37,-63.86,24.6,-23.45,457.38,3.18,8100.0
4205,0.18,0.37,0.14,78.19,-18.93,18.93,-37.11,-5.85,-0.41,241.02,20.44,10023.33
4206,0.18,0.19,-0.0,52.26,-37.11,7.82,-63.04,-2.15,-7.82,240.92,11.96,10010.0
4207,0.74,-0.41,0.11,-0.41,-21.48,-48.56,-18.11,-11.52,4.11,240.75,23.89,10013.33
4208,-0.11,0.11,-0.22,15.22,-66.74,-7.33,-55.63,8.96,-11.52,439.06,20.38,8756.67
4209,-0.26,0.15,-0.22,41.15,-66.74,0.08,-55.63,12.67,-11.52,693.93,28.86,5513.33
4210,-1.04,0.74,-0.3,64.19,-112.01,70.93,-89.78,32.0,-30.86,694.13,18.52,5493.33
4211,-1.15,0.67,-0.34,71.6,-82.38,56.45,-79.0,32.0,-38.26,748.34,8.18,3576.67
4212,-1.15,0.67,-0.34,71.6,-82.38,56.45,-79.0,32.0,-38.26,748.34,8.18,3576.67
4213,-0.37,0.08,-0.26,48.56,-37.11,-14.41,-54.82,1.56,-15.22,748.11,16.82,3586.67
4214,0.04,-0.03,-0.44,59.34,-55.3,-10.7,-65.6,1.56,-7.82,495.79,15.22,6760.0
4215,0.26,0.04,-0.59,22.3,-55.3,-7.0,-54.15,-4.7,-0.41,488.27,13.48,7010.0
4216,-0.11,0.15,-0.37,29.71,-40.49,22.63,-44.19,6.41,-4.11,694.38,1.44,5465.0
4217,0.19,-0.45,0.26,-41.15,0.74,-15.22,-9.22,-14.08,11.52,694.18,11.67,5468.33
4218,0.08,-0.63,0.34,-15.56,18.93,10.7,1.56,-15.22,15.22,691.7,-2.04,5551.67
4219,-0.26,-0.07,-0.37,7.48,-15.22,63.37,-28.89,-7.0,-0.41,485.86,15.22,7103.33
4220,-0.07,0.12,-0.7,37.11,-22.63,41.15,-22.63,-3.29,-6.67,485.93,3.18,7100.0
4221,0.6,-0.15,-0.11,3.29,-7.0,-11.52,11.52,-11.52,5.26,240.92,15.11,10016.67
4222,0.63,-0.11,0.15,-4.11,-7.0,-22.96,15.22,-7.82,7.82,490.66,6.63,6923.33
4223,0.48,-0.33,0.52,-7.82,0.41,-22.96,8.96,-4.11,17.78,687.81,15.41,5708.33
4224,0.48,-0.33,0.52,-7.82,0.41,-22.96,8.96,-4.11,17.78,687.81,15.41,5708.33
4225,0.52,-0.3,0.33,-15.22,0.41,-41.15,1.56,3.29,11.52,438.23,20.38,8788.33
4226,0.71,-0.04,0.11,-29.71,-7.0,-29.71,4.11,3.29,11.52,241.12,28.86,9996.67
4227,0.26,0.0,0.07,-29.71,7.82,-29.71,0.41,-4.11,8.96,241.15,15.11,9990.0
4228,0.34,-0.33,0.22,-18.6,-6.67,-37.11,-10.37,-14.08,16.37,240.92,3.18,9986.67
4229,0.08,-0.15,0.19,-18.6,8.15,-37.11,-10.37,-11.52,5.26,240.78,1.44,9980.0
4230,-0.34,0.33,-0.11,-2.96,-51.93,4.11,-51.6,5.26,-4.11,240.92,3.26,10000.0
4231,-0.56,0.52,0.07,-6.67,-63.37,29.71,-40.82,15.22,-11.52,240.95,4.85,10013.33
4232,-0.82,0.71,-0.34,52.75,-112.01,78.34,-89.78,28.3,-30.86,241.15,-1.89,10023.33
4233,-0.9,0.67,-0.49,45.34,-112.01,63.86,-79.0,38.26,-38.26,241.18,-0.3,10020.0
4234,-0.26,-0.04,0.04,18.6,-29.71,15.22,-52.26,7.82,-15.22,240.95,8.34,10010.0
4235,-0.56,0.15,0.26,0.41,-41.15,26.0,-26.33,4.11,-7.82,241.05,16.82,10000.0
4236,-0.23,-0.07,0.15,15.22,-29.71,51.93,-26.33,4.11,-7.82,424.03,15.22,9323.33
4237,-0.6,0.38,-0.63,49.37,-100.56,112.01,-63.86,24.6,-23.45,424.23,5.0,9330.0
4238,-0.04,0.0,-0.44,8.15,-40.49,52.59,-43.37,12.67,-0.41,424.07,3.26,9343.33
4239,-0.04,0.0,-0.44,8.15,-40.49,52.59,-54.15,2.7,7.0,241.05,3.26,10020.0
4240,-0.3,0.26,-0.19,0.74,-51.93,41.15,-39.67,1.56,3.29,419.87,15.19,9516.67
4241,-0.56,0.45,-0.6,60.15,-100.56,89.78,-86.08,17.19,-27.15,419.94,8.45,9513.33
4242,-0.19,0.0,0.18,26.0,-29.71,29.71,-44.85,0.41,-17.78,419.81,6.63,9496.67
4243,0.33,-0.45,0.45,-26.67,30.37,-15.22,-21.81,-18.93,1.56,440.2,-3.7,8705.0
4244,0.56,-0.71,0.93,-97.52,79.0,-49.37,24.6,-32.0,20.89,440.17,-9.08,8705.0
4245,0.56,-0.82,0.86,-97.52,49.37,-71.6,18.34,-25.74,19.75,440.07,6.44,8708.33
4246,0.6,-0.75,0.78,-86.08,49.37,-86.08,18.34,-25.74,19.75,240.65,15.08,10010.0
4247,0.89,-0.86,0.75,-74.64,34.56,-100.56,24.6,-32.0,20.89,240.58,11.67,10000.0
4248,0.41,0.11,-0.04,-55.3,7.82,-47.89,4.11,-22.63,8.96,240.88,13.41,10010.0
4249,0.41,0.11,-0.04,-55.3,7.82,-47.89,7.82,-18.93,2.7,240.95,1.37,10003.33
4250,-0.19,0.67,-0.3,15.56,-7.82,-2.96,-18.93,-3.29,-10.37,241.15,18.63,10023.33
4251,-0.41,0.48,-0.11,15.56,-33.74,0.74,-33.41,-2.15,-6.67,241.08,3.18,10016.67
4252,-0.71,0.6,-0.56,64.19,-82.38,71.6,-63.86,24.6,-23.45,424.23,5.0,9346.67
4253,-0.93,0.6,-0.52,34.56,-112.01,86.08,-67.56,35.71,-27.15,424.2,-8.86,9346.67
4254,-0.26,-0.15,0.04,-10.7,-59.34,51.93,-22.63,26.33,-15.22,424.03,3.07,9343.33
4255,0.04,-0.26,0.63,-59.34,-10.7,-18.93,7.82,-0.41,1.56,453.73,3.07,8218.33
4256,0.3,-0.37,0.41,-55.63,0.74,-29.71,15.22,-7.82,-2.15,691.2,-0.33,5538.33
4257,0.3,-0.37,0.41,-55.63,0.74,-29.71,15.22,-7.82,-2.15,691.2,-3.74,5551.67
4258,-0.04,-0.18,-0.11,-10.7,-47.89,4.11,-11.52,7.82,-15.22,667.89,-2.15,6426.67
4259,-0.0,-0.26,-0.11,3.78,-47.89,4.11,-18.93,15.22,-11.52,430.42,1.26,9086.67
4260,-0.08,0.08,-0.26,3.78,-40.49,7.82,-28.89,14.08,-15.22,430.36,6.44,9090.0
4261,0.26,-0.11,0.26,-41.15,8.15,-26.0,-2.15,-1.56,-2.15,453.67,4.85,8215.0
4262,0.11,0.22,0.15,-66.74,22.63,-33.41,1.56,-12.67,1.56,453.7,18.7,8228.33
4263,-0.3,0.89,-0.52,4.11,-11.52,11.52,-44.85,0.41,-17.78,453.9,11.96,8215.0
4264,-0.3,0.89,-0.67,4.11,-11.52,11.52,-41.15,7.82,-15.22,241.02,23.89,10010.0
4265,0.19,-0.08,0.11,-15.22,15.22,-41.15,-14.41,-7.82,-2.15,240.82,6.63,10013.33
4266,0.93,-0.82,0.86,-49.04,34.56,-82.38,38.26,-27.15,18.34,240.72,-2.15,10023.33
4267,1.0,-1.15,1.19,-34.56,56.78,-71.6,30.86,-38.26,22.04,240.68,-3.85,10016.67
4268,0.52,-0.19,0.41,-15.22,30.04,-18.93,-10.37,-21.48,12.67,240.82,-2.04,10003.33
4269,0.45,-0.26,0.15,-22.63,30.04,-48.56,-6.67,-14.08,15.22,240.78,11.71,10006.67
4270,-0.04,0.6,-0.71,-3.29,-26.33,-18.11,-33.41,16.37,-7.82,241.22,13.41,10006.67
4271,-0.07,0.67,-0.78,22.3,-26.33,0.08,-44.85,18.93,-18.93,241.18,20.38,10016.67
4272,-0.78,1.34,-1.27,52.75,-45.67,82.38,-75.3,27.15,-34.56,241.42,23.89,10003.33
4273,-0.11,0.63,-0.71,18.93,-26.33,41.15,-41.15,7.82,-15.22,241.02,23.89,10000.0
4274,0.56,-0.18,-0.22,-22.3,-7.0,-29.71,15.22,-4.11,7.82,240.88,28.86,9990.0
4275,0.6,-0.04,-0.22,-11.52,-7.0,-41.15,0.74,-2.97,11.52,240.82,13.41,9990.0
4276,-0.0,0.52,-0.48,59.34,-22.63,3.78,-44.19,6.41,-0.41,240.98,1.48,10000.0
4277,-0.15,0.41,-0.04,55.63,14.41,26.0,-51.6,2.7,7.0,240.92,-10.45,10020.0
4278,0.59,-0.34,0.7,21.81,33.74,-15.22,-14.07,-10.37,26.33,240.82,3.26,10016.67
4279,0.59,-0.52,0.56,-4.11,15.56,-26.33,-3.29,-0.41,18.93,240.85,4.85,10013.33
4280,-0.11,0.15,-0.11,15.22,-66.74,7.82,-52.26,15.22,-11.52,432.65,20.3,8996.67
4281,-0.3,-0.07,-0.3,4.11,-29.71,0.41,-54.82,7.82,-15.22,678.83,16.82,6041.67
4282,0.26,-0.48,-0.03,-22.63,4.11,-44.85,-28.07,-15.22,11.52,678.7,28.93,6035.0
4283,0.48,-0.3,-0.22,-22.63,30.04,-48.56,-28.07,-15.22,11.52,668.05,22.01,6451.67
4284,0.45,-0.26,0.15,-22.63,30.04,-48.56,-21.81,-11.52,5.26,421.83,9.97,9416.67
4285,-0.08,0.08,-0.19,7.82,-3.78,33.74,-48.56,11.52,-21.48,421.96,-2.15,9420.0
4286,0.56,-0.67,0.23,-7.82,15.56,-18.93,7.82,-0.41,1.56,240.88,1.26,10000.0
4287,0.22,-0.14,-0.52,37.11,-55.3,18.93,-33.41,16.37,-7.82,417.76,1.26,9576.67
4288,0.04,0.19,-0.67,37.11,-40.82,18.93,-29.71,5.26,-4.11,417.8,15.11,9580.0
4289,-0.52,0.78,-0.78,89.78,-56.45,75.3,-86.08,17.19,-27.15,417.93,10.15,9583.33
4290,0.04,0.45,-0.23,55.96,-22.63,44.85,-51.11,4.11,-7.82,241.08,25.67,10013.33
4291,-0.04,0.37,0.18,48.56,-48.56,33.41,-77.04,7.82,-15.22,240.98,17.19,10016.67
4292,0.37,-0.45,0.67,-7.82,-25.52,-22.96,-20.67,-4.11,7.82,240.85,22.15,10010.0
4293,-0.26,-0.11,0.15,15.22,-59.34,-7.33,-37.45,15.22,-12.67,471.22,10.04,7580.0
4294,-0.15,0.11,-0.26,33.41,-33.41,-7.33,-26.0,12.67,-1.56,471.25,3.07,7586.67
4295,-0.15,0.22,-0.19,33.41,-3.78,14.89,-35.97,1.56,2.15,471.22,1.37,7596.67
4296,-0.26,0.63,-0.41,44.19,10.7,40.49,-65.6,-2.15,-7.82,240.92,6.74,10020.0
4297,-0.3,0.48,-0.41,33.41,10.7,51.93,-51.11,-3.29,-11.52,240.98,22.19,10010.0
4298,-0.78,1.34,-1.27,52.75,-45.67,82.38,-86.08,17.19,-27.15,241.18,11.96,10010.0
4299,-0.48,0.63,-0.56,18.93,-11.52,41.15,-37.11,1.56,3.29,241.12,18.7,10003.33
4300,-0.33,0.37,-0.34,15.22,-26.0,4.11,-63.04,5.26,-4.11,241.02,10.22,9996.67
4301,0.08,-0.15,0.33,7.0,8.15,-37.11,-21.81,-15.22,11.52,474.88,10.22,7451.67
4302,0.52,-0.19,0.37,7.0,-6.67,-37.11,-18.11,-18.93,1.56,474.85,-5.3,7448.33
4303,1.12,-0.56,0.78,-37.93,27.15,-70.93,34.56,-38.26,22.04,474.75,-14.08,7448.33
4304,0.78,-0.37,0.26,-18.6,-21.48,-37.11,11.52,-11.52,5.26,240.98,-5.55,9996.67
4305,0.45,-0.3,0.19,-55.63,-6.67,-40.82,11.52,-11.52,5.26,240.98,-5.55,10010.0
4306,-0.3,0.34,-0.45,-7.0,-26.0,30.04,-41.15,7.82,-15.22,454.98,6.49,8183.33
4307,-0.11,0.04,0.04,-26.34,22.63,14.41,-14.41,-7.82,-2.15,454.71,9.89,8173.33
4308,0.0,-0.22,0.3,-0.41,44.85,10.7,-20.67,-1.56,-3.29,454.61,25.41,8166.67
4309,0.71,-0.89,0.78,-30.86,64.19,-71.6,25.74,-24.6,23.45,240.55,25.41,10003.33
4310,0.93,-1.23,1.01,-41.97,86.41,-101.23,25.74,-24.6,23.45,458.04,20.45,8048.33
4311,1.08,-1.11,0.56,-38.26,49.38,-123.45,35.71,-23.45,27.15,458.11,18.67,8048.33
4312,0.86,-0.89,0.67,-56.45,64.19,-112.01,38.26,-23.45,27.15,458.11,18.67,8038.33
4313,0.75,-0.52,0.41,-82.38,41.97,-86.08,38.26,-23.45,27.15,240.62,23.64,10003.33
4314,-0.15,-0.0,0.3,-29.71,26.33,-29.71,11.52,-7.82,14.08,425.92,25.41,9250.0
4315,-0.15,-0.0,0.3,-29.71,26.33,-29.71,18.93,3.29,10.37,425.95,27.12,9266.67
4316,0.11,-0.15,0.11,-0.08,11.52,-55.63,11.52,2.15,6.67,425.88,27.12,9253.33
4317,1.08,-0.6,0.49,-45.34,27.15,-82.38,38.26,-13.49,19.75,240.58,25.34,10003.33
4318,1.12,-1.0,0.71,-56.78,19.75,-71.6,34.56,-20.89,17.19,431.23,21.93,9035.0
4319,0.86,-0.86,0.89,-86.41,34.56,-45.67,34.56,-20.89,17.19,431.23,23.71,9038.33
4320,0.6,-1.12,0.97,-123.45,41.97,-53.08,24.6,-24.6,24.6,431.3,25.49,9051.67
4321,0.56,-0.71,0.89,-86.41,49.37,-63.86,24.6,-28.3,30.86,474.68,16.96,7468.33
4322,0.6,-0.64,0.97,-49.38,49.37,-78.34,28.3,-38.26,38.26,708.78,3.26,4930.0
4323,0.67,-0.56,0.97,-23.45,79.0,-78.34,34.56,-41.97,28.3,933.22,-0.22,2708.33
4324,0.71,-0.97,1.04,-60.49,71.6,-67.56,28.3,-41.97,28.3,909.78,8.3,3541.67
4325,0.26,-0.41,0.3,-44.85,37.45,-8.15,-2.15,-11.52,5.26,903.8,15.27,3750.0
4326,-0.33,0.37,-0.52,-10.7,-18.93,51.93,-32.59,15.22,-11.52,873.2,15.27,4875.0
4327,-0.37,0.78,-0.74,0.74,-11.52,41.15,-30.04,15.22,-11.52,662.57,16.97,6593.33
4328,-0.26,0.41,-0.52,4.44,-26.0,15.56,-22.63,11.52,-5.26,434.78,18.53,8923.33
4329,-0.11,0.15,-0.3,0.74,-40.49,-21.48,-33.41,1.56,2.15,241.05,8.3,10006.67
4330,-0.49,0.27,-0.74,60.15,-70.93,49.38,-60.15,20.89,-13.49,486.1,-1.93,7080.0
4331,-0.08,-0.26,-0.04,29.71,-0.08,26.34,-40.82,-5.85,3.29,485.8,-0.22,7080.0
4332,0.22,-0.52,0.41,-26.67,48.56,7.0,-3.29,-26.33,18.93,685.01,1.37,5788.33
4333,0.67,-1.08,1.12,-71.6,71.6,-75.3,20.89,-45.67,34.56,439.97,11.6,8711.67
4334,0.26,-0.37,0.56,-15.22,18.93,-41.15,1.56,-18.93,17.78,440.27,9.89,8721.67
4335,-0.11,0.22,-0.04,30.04,-15.22,-14.41,-21.48,0.41,-1.56,441.37,16.82,8680.0
4336,-0.75,1.04,-0.49,56.78,-67.89,56.45,-56.45,20.89,-17.19,441.57,6.6,8686.67
4337,-0.75,1.04,-0.49,56.78,-67.89,56.45,-60.15,13.49,-19.75,441.54,13.52,8686.67
4338,-0.97,0.85,-0.3,56.78,-93.82,60.15,-63.86,24.6,-23.45,241.25,6.59,10020.0
4339,-0.82,1.0,-0.64,49.38,-67.89,41.97,-75.3,27.15,-34.56,241.22,13.56,10016.67
4340,-1.04,1.0,-0.6,19.75,-97.52,56.45,-75.3,27.15,-34.56,419.97,10.04,9510.0
4341,-0.34,0.22,-0.0,0.41,-44.85,0.08,-51.11,4.11,-7.82,616.95,15.41,8301.67
4342,-0.3,-0.18,0.07,26.0,-41.15,29.71,-28.89,0.41,3.29,861.83,8.45,5375.0
4343,-0.19,0.04,-0.33,44.19,-15.22,29.71,-32.59,11.52,-0.41,683.04,-1.89,5871.67
4344,-0.19,0.04,-0.33,44.19,-15.22,29.71,-32.59,11.52,-0.41,683.04,-1.89,5871.67
4345,-0.11,0.04,-0.33,33.41,-33.41,29.71,-54.82,15.22,-11.52,438.16,5.08,8788.33
4346,-0.0,-0.18,0.04,44.85,-29.71,15.22,-47.41,11.52,-5.26,438.23,12.01,8798.33
4347,-0.34,0.45,-0.63,89.78,-70.93,75.3,-64.19,30.86,-25.74,241.32,13.56,10010.0
4348,-0.19,0.22,-0.08,66.74,-22.3,22.63,-11.52,11.52,-5.26,241.22,4.78,10023.33
4349,-0.26,0.37,-0.37,29.71,-26.0,18.93,-29.71,5.26,-4.11,241.12,-3.74,10020.0
4350,0.26,0.0,0.07,-29.71,7.82,-29.71,-12.93,-11.52,5.26,240.78,1.44,10013.33
4351,-0.0,0.63,-0.56,-21.48,-26.33,-6.67,-43.37,15.22,-11.52,241.15,15.19,9996.67
4352,0.07,0.3,-0.41,-10.37,-40.82,-14.07,-43.37,15.22,-11.52,241.15,15.19,9993.33
4353,0.04,0.26,-0.56,7.82,-40.82,-25.52,-43.37,12.67,-0.41,241.28,15.19,10003.33
4354,0.18,-0.07,-0.44,33.41,-55.3,-18.11,-35.97,8.96,5.85,241.15,11.78,10010.0
4355,0.11,0.26,-0.63,37.11,-29.71,-10.7,-35.97,8.96,5.85,461.96,20.3,7926.67
4356,-0.78,0.78,-0.75,67.56,-45.34,45.67,-60.15,22.04,-20.89,714.38,8.19,4753.33
4357,-0.56,0.52,-0.26,-3.3,3.29,11.52,-43.37,2.7,-0.41,714.18,13.37,4753.33
4358,-0.71,0.37,0.11,-18.11,-4.11,29.71,-25.19,8.96,-1.56,711.85,16.78,4836.67
4359,0.04,-0.26,0.67,-52.26,48.56,-4.44,8.96,-0.41,17.78,459.37,27.12,8010.0
4360,0.04,-0.26,0.67,-52.26,48.56,-4.44,11.52,2.15,6.67,459.23,27.12,8003.33
4361,0.86,-0.82,0.89,-67.89,75.3,-63.86,30.86,-24.6,23.45,462.73,30.63,7878.33
4362,0.52,-0.3,0.15,-22.96,4.44,-26.0,-14.07,-15.22,11.52,462.9,18.7,7885.0
4363,0.22,0.15,-0.15,59.34,-26.0,4.44,-37.11,-5.85,-0.41,463.2,20.44,7895.0
4364,0.03,-0.11,0.07,55.63,-29.71,-7.0,-33.41,-2.15,-6.67,241.08,3.18,10023.33
4365,0.52,-0.52,0.37,14.41,4.11,-67.08,7.82,-18.93,2.7,240.95,1.37,10016.67
4366,0.52,-0.52,0.37,14.41,4.11,-67.08,4.11,-7.82,-1.0,240.92,-12.48,10006.67
4367,0.45,-0.08,0.11,-0.08,11.52,-55.63,-2.15,-1.56,-2.15,240.82,3.04,10010.0
4368,0.52,-0.0,0.37,7.33,11.52,-26.0,-2.15,-1.56,-2.15,240.82,3.04,10000.0
4369,0.19,-0.08,0.37,7.33,11.52,-26.0,-2.15,-1.56,-2.15,445.57,15.15,8503.33
4370,0.04,-0.19,0.48,32.92,11.52,-7.82,4.11,-7.82,-1.0,445.67,-0.37,8503.33
4371,-0.18,-0.48,0.59,21.81,18.93,-37.45,0.41,-4.11,8.96,445.7,15.15,8510.0
4372,0.15,-0.41,0.59,21.81,18.93,-37.45,4.11,-15.22,12.67,240.98,15.15,10006.67
4373,0.52,-0.52,0.37,14.41,4.11,-67.08,-2.15,-18.93,18.93,429.45,28.89,9125.0
4374,0.57,-0.43,0.12,-15.22,7.82,-52.23,-5.85,-18.93,18.93,684.54,25.52,5821.67
4375,0.64,-0.61,-0.06,-26.67,-10.37,-48.52,-31.78,-15.22,11.52,684.44,18.78,5838.33
4376,0.46,-0.69,0.05,14.63,-26.0,33.78,-52.26,4.11,-7.82,753.47,17.19,3380.0
4377,0.41,-0.67,0.37,44.26,-0.08,41.15,-44.85,0.41,-17.78,498.35,5.04,6686.67
4378,0.74,-1.3,1.04,-0.67,41.15,-18.93,4.11,-22.63,8.96,498.18,8.3,6666.67
4379,0.22,-0.56,0.45,-11.52,37.45,-18.93,-21.81,-18.93,1.56,240.78,4.93,9996.67
4380,0.34,-0.44,0.0,-26.0,0.41,-41.15,-18.11,-11.52,4.11,469.99,18.67,7615.0
4381,-0.18,0.6,-0.85,18.93,-26.33,29.71,-67.08,11.52,-22.63,470.16,15.41,7615.0
4382,0.52,-0.07,-0.37,-11.52,-7.0,-52.59,-10.7,-0.41,0.41,470.02,20.38,7615.0
4383,-0.11,0.71,-0.85,29.71,-26.33,18.26,-44.85,18.93,-18.93,468.83,15.41,7656.67
4384,0.04,0.23,-0.7,18.93,-40.82,29.71,-15.22,22.63,-8.96,468.97,16.97,7656.67
4385,-0.63,1.04,-1.19,60.15,-60.15,100.56,-45.67,30.86,-24.6,469.2,20.49,7656.67
4386,0.07,0.3,-0.56,37.11,-29.71,41.15,-18.93,0.41,-1.56,463.3,28.97,7865.0
4387,0.04,0.56,-0.34,59.34,-11.52,15.22,-48.56,-3.29,-11.52,463.17,27.41,7871.67
4388,0.71,-0.26,0.15,18.11,7.82,-55.63,-21.81,-18.93,1.56,462.97,10.15,7881.67
4389,-0.0,0.52,-0.48,59.34,-22.63,3.78,-48.56,11.52,-21.48,241.02,-3.7,10003.33
4390,0.41,-0.3,0.0,2.96,0.41,-52.59,0.41,-11.52,5.26,418.83,-3.7,9545.0
4391,0.22,-0.48,0.34,-26.67,7.82,-30.37,0.41,-11.52,5.26,418.83,-3.7,9535.0
4392,0.71,-1.38,1.19,-71.6,34.56,-79.0,27.15,-34.56,32.0,650.26,3.23,7080.0
4393,0.19,-0.34,0.34,-26.67,7.82,-8.15,0.41,-4.11,8.96,472.51,-2.15,7535.0
4394,-0.15,0.19,-0.33,33.41,-33.41,51.93,-40.82,12.67,-0.41,472.65,-0.33,7548.33
4395,-0.11,0.04,-0.33,33.41,-33.41,29.71,-43.37,12.67,-0.41,241.08,4.85,10003.33
4396,0.41,-0.89,0.6,-11.52,22.96,-18.93,-19.19,-10.37,26.33,240.95,16.96,10006.67
4397,0.15,-0.63,0.85,-18.93,11.52,-30.37,-8.41,-0.41,18.93,240.98,18.56,9990.0
4398,0.15,-0.52,0.93,-18.93,41.15,-8.15,-8.41,-7.82,15.22,240.88,15.08,10006.67
4399,0.04,-0.26,0.67,-44.85,18.93,-4.44,-5.85,-15.22,11.52,440.2,2.96,8715.0
4400,0.11,-0.19,0.26,-37.45,44.85,7.0,-16.63,-25.19,18.93,440.17,1.37,8728.33
4401,-0.52,0.52,-0.26,-10.7,-37.45,55.63,-51.6,-4.7,3.29,440.37,-8.86,8711.67
4402,-0.19,0.45,-0.19,26.33,-52.26,59.34,-44.19,6.41,-0.41,435.97,3.26,8878.33
4403,0.33,-0.41,0.63,-33.74,-25.52,-0.74,-9.22,-14.08,15.22,646.41,11.78,7163.33
4404,0.45,-0.22,0.22,-33.74,0.41,-0.74,1.56,-4.11,7.82,874.29,18.75,4833.33
4405,-0.19,0.3,-0.15,11.52,-15.22,26.0,-32.59,15.22,-11.52,679.5,6.63,5955.0
4406,-0.0,0.48,-0.48,41.15,-22.63,3.78,-22.63,26.33,-15.22,468.9,10.04,7676.67
4407,0.71,-0.26,0.15,-0.08,-3.29,-55.63,7.82,-0.41,1.56,240.88,1.26,10003.33
4408,0.74,-0.52,-0.07,-22.3,-21.48,-29.71,7.82,-0.41,1.56,240.88,1.26,10003.33
4409,0.52,-0.3,0.04,-40.49,-6.67,-18.26,-2.15,-1.56,-2.15,240.82,3.04,9996.67
4410,-0.08,0.26,-0.22,30.37,-22.3,26.67,-25.19,21.48,-12.67,241.05,13.37,10010.0
4411,-0.11,0.52,-0.0,52.59,-4.11,0.74,-35.97,11.52,-5.26,241.02,11.78,10023.33
4412,-0.45,0.89,-0.23,123.45,-34.56,45.67,-70.93,22.04,-13.49,241.28,8.3,10016.67
4413,-0.75,0.85,-0.34,86.41,-64.19,45.67,-78.34,25.74,-19.75,241.22,1.37,10010.0
4414,-0.86,1.08,-0.71,74.97,-67.89,60.15,-63.86,24.6,-23.45,241.28,16.82,9996.67
4415,-0.26,0.52,-0.45,4.11,-52.26,15.22,-28.89,14.08,-15.22,423.21,22.04,9371.67
4416,0.04,0.37,-0.48,15.22,-40.82,4.11,-39.67,4.11,-7.82,632.48,22.04,7705.0
4417,0.52,-0.63,0.34,-55.63,-14.07,-44.52,-19.19,-15.22,11.52,632.21,16.82,7718.33
4418,-0.19,0.15,-0.3,3.78,-33.41,14.89,-54.15,-4.7,3.29,450.25,1.37,8353.33
4419,-0.48,0.3,-0.26,-7.33,-44.85,26.0,-43.37,5.26,-4.11,413.58,15.22,9770.0
4420,-0.52,0.7,-0.48,4.11,-37.45,15.22,-33.41,16.37,-7.82,413.62,16.93,9763.33
4421,-0.41,0.3,-0.26,-10.37,-51.93,-10.37,-18.93,15.22,-11.52,603.02,18.52,8836.67
4422,0.3,-0.37,0.41,-29.71,30.37,-44.52,7.82,-5.26,4.11,430.16,16.78,9096.67
4423,0.26,-0.45,0.48,-41.15,30.37,-30.04,-2.15,-8.96,11.52,649.97,6.44,7051.67
4424,0.82,-0.86,0.75,-67.89,64.19,-75.3,20.89,-18.34,23.45,460.33,18.56,7978.33
4425,0.78,-0.93,0.64,-93.82,34.56,-75.3,18.34,-28.3,30.86,460.36,15.08,7978.33
4426,0.26,-0.48,0.37,-41.15,-25.52,-30.37,-28.07,-12.67,0.41,240.85,27.19,10030.0
4427,0.11,-0.6,0.82,-44.85,11.52,-8.15,-28.07,-12.67,0.41,240.85,27.19,10030.0
4428,-0.56,0.15,0.26,0.41,-41.15,26.0,-48.56,6.67,-18.93,241.12,32.41,10030.0
4429,0.3,-0.41,0.37,-22.63,15.22,-33.41,4.11,-8.96,11.52,484.6,34.15,7145.0
4430,-0.41,0.26,-0.3,-3.29,-67.08,0.74,-44.85,4.11,-7.82,484.8,27.41,7148.33
4431,0.3,-0.52,0.3,-22.63,-14.41,-55.63,-18.11,-11.52,5.26,484.6,10.15,7141.67
4432,-0.41,0.19,-0.15,-7.0,-44.85,-14.41,-70.78,4.11,-25.19,421.9,3.23,9433.33
4433,-0.11,0.22,-0.04,30.04,-15.22,-14.41,-44.85,0.41,-17.78,422.0,9.97,9416.67
4434,-0.33,0.56,-0.19,41.15,-7.82,15.22,-48.56,6.67,-18.93,421.9,25.49,9413.33
4435,-0.26,0.22,-0.04,52.26,-22.3,7.82,-37.11,4.11,-7.82,240.98,16.96,9996.67
4436,0.37,-0.3,0.33,7.0,-6.67,-18.93,-14.07,-5.26,4.11,240.68,16.96,10006.67
4437,0.07,0.37,-0.37,22.63,-40.82,22.3,-40.82,15.22,-11.52,468.8,10.22,7673.33
4438,0.63,-0.04,-0.11,-4.11,-7.0,-22.96,-5.85,-5.26,4.11,468.6,20.45,7676.67
4439,0.37,-0.3,-0.03,-41.15,0.41,-30.37,1.56,-4.11,7.82,468.67,18.67,7673.33
4440,0.52,-0.74,0.12,-33.74,-14.07,-18.93,-20.67,-11.52,4.11,240.75,18.67,10016.67
4441,-0.15,0.08,-0.37,7.48,-33.41,51.93,-55.63,8.96,-11.52,428.21,15.41,9180.0
4442,-0.19,0.48,-0.59,18.93,-26.0,41.15,-63.04,-2.15,-7.82,428.18,13.71,9170.0
4443,0.15,-0.04,0.08,-41.15,15.22,-18.93,-10.37,-21.48,12.67,428.08,4.93,9156.67
4444,0.6,-0.64,0.82,-74.97,49.37,-78.34,30.86,-41.97,28.3,474.68,-2.04,7448.33
4445,0.86,-0.82,0.86,-74.97,34.56,-78.34,30.86,-41.97,28.3,474.68,-2.04,7468.33
4446,0.86,-0.82,0.86,-74.97,34.56,-78.34,34.56,-34.56,30.86,474.65,11.71,7468.33
4447,0.52,-0.45,0.48,-29.71,4.11,-33.41,-18.11,-11.52,4.11,240.75,18.67,10010.0
4448,0.11,-0.37,0.56,-4.11,18.93,-15.22,-20.67,-11.52,4.11,240.75,18.67,9993.33
4449,-0.33,0.56,-0.19,41.15,-7.82,15.22,-77.04,0.41,-18.93,240.88,13.71,10006.67
4450,-0.33,0.37,-0.34,15.22,-26.0,4.11,-54.82,7.82,-15.22,240.95,8.34,10016.67
4451,-0.19,0.48,-0.45,-10.37,-26.0,-14.07,-54.82,17.78,-22.63,240.92,11.82,10026.67
4452,-0.11,0.33,-0.15,26.67,-22.3,-10.37,-28.89,14.08,-15.22,241.02,20.3,10023.33
4453,-0.19,0.67,-0.3,15.56,-7.82,-2.96,-39.67,4.11,-7.82,240.98,18.7,10010.0
4454,-0.67,1.12,-0.9,64.19,-41.97,67.89,-74.64,14.63,-16.04,241.22,5.0,9996.67
4455,-0.74,1.27,-1.19,27.15,-45.67,64.19,-70.93,22.04,-13.49,241.25,-1.93,10000.0
4456,-0.26,0.3,-0.41,7.82,-18.93,11.52,-33.41,11.52,-5.26,241.02,11.78,10016.67
4457,0.26,-0.45,0.19,18.67,-15.22,11.52,-18.93,10.37,-8.96,498.38,22.12,6690.0
4458,0.04,-0.63,0.37,18.67,-41.15,15.22,-18.93,10.37,-8.96,498.38,22.12,6676.67
4459,-0.07,-0.26,0.19,-7.26,-33.74,41.15,-15.22,4.11,-7.82,678.48,10.0,6121.67
4460,-0.59,0.48,-0.41,-18.11,-37.45,41.15,-41.15,7.82,-15.22,421.08,6.63,9451.67
4461,0.0,0.07,-0.0,-63.37,22.63,10.7,-21.81,-18.93,1.56,420.78,8.34,9461.67
4462,0.26,-0.07,-0.18,-33.74,7.82,-15.22,-21.81,-18.93,1.56,240.78,4.93,10010.0
4463,0.71,-0.6,0.49,-93.82,41.97,-71.6,30.86,-38.26,22.04,240.68,-3.85,10023.33
4464,0.3,0.07,-0.18,-22.96,7.82,-26.67,-6.67,-17.78,6.41,240.88,-14.08,10026.67
4465,0.11,-0.11,0.15,-52.59,15.22,-4.44,-10.37,-21.48,12.67,240.82,-2.04,10020.0
4466,-0.19,0.33,-0.15,29.71,-15.22,26.0,-33.41,1.56,2.15,241.05,8.3,10003.33
4467,0.48,-0.48,0.34,-11.52,4.11,-44.85,4.11,-11.52,21.48,449.21,20.23,8368.33
4468,0.48,-0.48,0.34,-11.52,4.11,-44.85,1.56,-11.52,21.48,659.85,18.53,6660.0
4469,0.37,-0.26,-0.03,-22.96,0.41,-30.37,-2.15,-18.93,18.93,828.32,16.97,6583.33
4470,0.19,-0.45,0.3,-52.59,7.82,-8.15,5.26,-15.22,11.52,619.99,13.56,8218.33
4471,-0.11,0.15,-0.33,18.26,-33.41,29.71,-18.93,15.22,-11.52,409.59,6.63,9933.33
4472,0.37,-0.85,0.49,-52.59,-6.67,-18.93,1.56,-4.11,7.82,451.45,8.19,8308.33
4473,-0.08,0.08,-0.26,-7.33,-33.41,11.52,-32.59,15.22,-11.52,451.85,11.6,8295.0
4474,0.48,-0.26,0.3,-41.15,0.41,-18.93,-2.15,-11.52,5.26,451.68,8.19,8298.33
4475,0.04,0.6,-0.56,18.93,-15.22,11.52,-48.56,15.22,-11.52,483.63,8.19,7173.33
4476,0.45,0.07,-0.04,-14.89,18.93,-29.71,-21.81,-15.22,11.52,483.2,6.49,7170.0
4477,-0.19,0.59,-0.41,30.37,3.29,-2.96,-63.04,1.56,2.15,483.33,8.3,7170.0
4478,0.52,-0.0,0.37,7.33,11.52,-26.0,-16.63,-17.78,22.63,240.85,13.48,10016.67
4479,0.59,-0.45,0.63,21.81,4.11,-37.45,-9.22,-6.67,18.93,240.88,15.19,10016.67
4480,0.37,-0.45,0.67,-7.82,-25.52,-22.96,5.26,-7.82,15.22,240.95,30.63,10000.0
4481,-0.19,-0.11,0.11,26.0,-59.34,7.48,-15.22,4.11,-7.82,241.12,32.37,9986.67
4482,0.03,0.19,-0.0,37.11,-66.74,37.11,-18.93,-3.29,-10.37,241.15,18.63,9990.0
4483,0.15,0.41,-0.41,55.3,-40.82,37.11,-44.85,0.41,-17.78,241.05,10.15,9990.0
4484,0.37,0.15,0.07,-15.56,7.82,2.96,-14.41,-7.82,-2.15,240.82,6.63,9990.0
4485,-0.33,0.82,-0.6,-7.33,-11.52,26.0,-44.85,18.93,-18.93,240.98,10.04,10006.67
4486,-0.19,0.34,-0.45,-18.11,-26.0,37.45,-33.41,16.37,-7.82,241.02,3.07,10010.0
4487,-0.78,0.75,-0.86,27.15,-86.08,67.89,-78.34,25.74,-19.75,241.18,-8.86,10010.0
4488,-0.45,0.0,-0.0,-6.67,-66.74,15.22,-51.6,6.41,7.0,492.21,1.41,6871.67
4489,0.04,-0.19,0.56,-66.74,-18.11,-37.45,-6.67,-10.37,15.22,740.78,-0.41,3833.33
4490,0.9,-0.74,0.78,-82.38,27.15,-93.82,38.26,-19.75,27.15,740.61,11.52,3836.67
4491,0.93,-0.6,0.52,-93.82,41.97,-67.89,38.26,-20.89,16.04,489.32,13.37,6958.33
4492,0.41,-0.15,0.19,-11.52,11.52,-41.15,-6.67,-4.11,7.82,240.75,15.19,10010.0
4493,-0.11,0.19,-0.15,18.93,-22.3,41.15,-33.41,11.52,-5.26,240.88,18.7,10000.0
4494,-0.34,0.45,-0.63,89.78,-70.93,75.3,-56.45,20.89,-17.19,241.18,20.44,10003.33
4495,0.18,-0.14,-0.52,18.93,-55.3,18.93,-11.52,11.52,-5.26,470.26,32.37,7618.33
4496,0.45,-0.33,0.0,-41.15,-6.67,-37.45,7.82,-15.22,11.52,669.51,18.52,6333.33
4497,0.93,-0.74,0.3,-82.38,27.15,-97.52,38.26,-23.45,27.15,669.27,15.0,6336.67
4498,0.34,0.0,-0.15,-33.74,18.93,-44.85,-6.67,-14.08,15.22,661.01,11.6,6628.33
4499,0.45,-0.37,0.04,-7.82,11.52,-70.78,-9.22,-4.11,7.82,461.56,23.71,7926.67
4500,0.52,-0.3,0.3,-0.41,11.52,-41.15,-16.63,-15.22,11.52,461.53,22.01,7923.33
4501,0.89,-0.89,0.93,-60.49,34.56,-67.89,18.34,-28.3,30.86,460.36,15.08,7965.0
4502,0.37,0.15,0.07,-15.56,7.82,2.96,-2.15,-18.93,18.93,460.66,16.82,7955.0
4503,0.04,0.22,-0.0,-52.59,22.63,-0.74,1.56,-15.22,12.67,460.73,4.78,7965.0
4504,-0.48,0.67,-0.26,0.08,-37.45,44.19,-18.93,-3.29,-10.37,241.15,18.63,10000.0
4505,-0.04,0.07,0.33,-59.34,-3.3,-15.22,11.52,-11.52,5.26,240.92,15.11,10013.33
4506,-0.0,0.14,0.26,-47.89,-3.3,-29.71,5.26,-7.82,15.22,240.95,30.63,10010.0
4507,0.6,-0.64,0.67,-100.56,49.37,-78.34,28.3,-19.75,38.26,240.78,28.89,10023.33
4508,-0.04,-0.3,0.34,-29.71,-10.7,-33.41,-16.63,-10.37,26.33,473.61,32.41,7513.33
4509,-0.0,-0.71,0.56,-41.15,-18.11,-22.63,-16.63,-17.78,22.63,473.51,28.93,7516.67
4510,-0.67,0.04,-0.0,4.11,-70.78,11.52,-65.6,-2.15,-7.82,473.58,22.19,7516.67
4511,-0.3,-0.11,-0.07,-7.33,-59.34,15.22,-65.6,-2.15,-7.82,240.92,6.74,10030.0
4512,-0.3,0.0,-0.04,18.6,-59.34,15.22,-63.04,5.26,-4.11,472.58,5.04,7561.67
4513,0.41,-0.67,0.63,-0.74,22.96,-18.93,-14.07,-7.82,15.22,472.38,11.78,7565.0
4514,0.74,-1.3,1.38,-45.67,93.82,-79.0,30.86,-17.19,27.15,689.7,18.75,5593.33
4515,0.22,-0.56,0.52,-11.52,67.08,-18.93,4.11,5.85,0.41,458.27,11.82,8051.67
4516,-0.26,0.3,-0.34,7.82,10.7,11.52,-18.93,15.22,-11.52,658.83,6.63,6708.33
4517,-1.0,1.04,-0.97,27.15,-41.97,67.89,-75.3,27.15,-34.56,667.02,13.37,6416.67
4518,-0.3,0.37,-0.48,-3.29,-22.63,-14.41,-48.56,4.11,-7.82,666.89,25.49,6410.0
4519,0.34,-0.37,-0.07,-18.93,-3.29,-67.08,-21.81,-11.52,5.26,466.43,15.15,7756.67
4520,0.56,-0.07,-0.37,6.67,-7.0,-52.59,4.11,-15.22,12.67,240.98,16.89,10003.33
4521,0.34,0.15,-0.26,-11.52,7.82,-41.15,1.56,-22.63,8.96,240.88,13.41,10010.0
4522,0.19,-0.08,0.11,-15.22,15.22,-41.15,-4.7,-16.37,7.82,240.78,28.93,9993.33
4523,0.67,-1.08,0.93,-86.08,41.97,-89.78,15.78,-28.3,30.86,240.62,27.19,10010.0
4524,0.37,-0.96,0.49,-37.45,-6.67,-18.93,-8.41,2.15,7.82,240.85,18.56,10006.67
4525,-0.04,-0.33,-0.15,-7.0,-47.89,26.34,-43.37,12.67,-0.41,450.38,6.44,8343.33
4526,-0.71,0.41,-0.71,38.26,-100.56,60.49,-60.15,32.0,-20.89,450.58,6.44,8333.33
4527,-0.97,0.67,-0.45,30.86,-112.01,49.04,-56.45,20.89,-17.19,450.61,20.3,8336.67
4528,-0.34,0.33,0.07,11.52,-78.19,33.41,-11.52,11.52,-5.26,436.14,32.41,8878.33
4529,-0.26,0.37,0.22,18.93,-78.19,47.89,-11.52,11.52,-5.26,436.14,27.23,8875.0
4530,-0.04,0.19,0.03,22.63,-66.74,22.3,-11.52,11.52,-5.26,436.14,27.23,8871.67
4531,-0.78,0.93,-0.71,56.45,-86.08,63.53,-67.89,23.45,-28.3,241.28,20.49,9990.0
4532,-0.63,1.08,-1.04,49.04,-60.15,45.34,-75.3,27.15,-34.56,241.42,23.89,9986.67
4533,-0.74,1.49,-1.27,63.53,-45.67,70.93,-71.6,34.56,-32.0,241.45,16.97,10003.33
4534,-0.33,0.82,-0.6,-7.33,-11.52,26.0,-22.63,11.52,-5.26,440.7,11.6,8718.33
4535,0.2,-0.06,-0.07,-56.3,18.93,-11.82,0.41,-11.52,21.48,695.45,10.0,5421.67
4536,0.09,-0.28,0.34,-74.48,-7.0,-11.82,-17.78,-17.78,22.63,695.35,1.48,5421.67
4537,0.09,-0.28,0.34,-74.48,-7.0,-11.82,-17.78,-7.82,15.22,495.9,13.59,6710.0
4538,-0.52,0.52,-0.26,-10.7,-37.45,55.63,-51.6,5.26,-4.11,240.92,3.26,10003.33
4539,0.11,-0.19,0.26,-37.45,44.85,7.0,-16.63,-15.22,11.52,240.72,13.48,10003.33
4540,-0.19,0.08,-0.19,18.93,-3.78,26.34,-39.67,-5.85,-0.41,241.02,15.22,10003.33
4541,-0.15,0.22,-0.19,29.71,-3.78,14.89,-28.89,4.11,-7.82,241.05,16.82,10020.0
4542,-0.67,1.15,-1.12,74.64,-60.15,63.53,-63.86,24.6,-23.45,241.25,6.59,10016.67
4543,-0.26,0.63,-0.41,44.19,10.7,40.49,-40.82,12.67,-0.41,241.08,4.85,10030.0
4544,0.15,-0.04,0.26,-26.67,44.85,-4.44,-16.63,-10.37,26.33,240.95,16.96,10023.33
4545,0.26,-0.26,0.63,-15.22,48.56,-18.93,-16.63,-10.37,26.33,240.95,16.96,10016.67
4546,0.48,-0.08,0.44,-4.11,11.52,-11.52,-19.19,-7.82,15.22,240.82,16.96,10020.0
4547,-0.11,0.33,0.03,41.15,-48.56,18.93,-65.6,7.82,-15.22,240.88,10.22,10023.33
4548,-0.26,0.41,-0.34,18.93,-52.26,44.85,-47.41,14.08,-16.37,240.98,18.75,10023.33
4549,-0.7,0.45,-0.37,18.93,-37.45,44.85,-47.41,4.11,-8.96,241.02,15.27,10006.67
4550,-0.33,0.3,-0.45,44.52,-26.0,48.56,-35.97,1.56,2.15,241.05,8.3,10006.67
4551,0.41,-0.33,0.19,-4.11,-6.67,-22.3,-16.63,-17.78,22.63,240.85,15.22,10003.33
4552,0.61,-0.43,0.35,-15.22,-6.67,-29.71,-2.96,-6.67,18.93,493.24,4.85,6773.33
4553,0.91,-1.02,0.99,-86.08,34.56,-67.56,41.97,-16.04,30.86,493.07,13.37,6776.67
4554,0.87,-1.06,0.84,-67.89,34.56,-79.0,45.67,-19.75,20.89,493.04,-3.89,6790.0
4555,1.08,-1.04,0.6,-82.38,19.75,-89.78,32.0,-20.89,17.19,422.81,11.71,9398.33
4556,1.08,-1.04,0.6,-82.38,19.75,-89.78,32.0,-20.89,17.19,422.81,15.11,9391.67
4557,0.89,-1.23,0.93,-112.01,27.15,-67.56,28.3,-14.63,16.04,594.56,25.45,9170.0
4558,-0.04,-0.74,0.67,-63.37,11.52,-22.63,4.11,-4.11,0.41,664.92,11.6,6628.33
4559,-0.04,-0.74,0.67,-63.37,11.52,-22.63,0.41,-11.52,-2.15,664.95,-2.15,6621.67
4560,-0.52,0.26,-0.15,7.48,-15.22,26.0,-22.63,-2.15,-14.08,661.91,-3.7,6746.67
4561,-0.15,0.08,-0.37,7.48,-33.41,51.93,-33.41,-2.15,-6.67,409.59,-5.3,9910.0
4562,-0.15,0.08,-0.37,7.48,-33.41,51.93,-37.11,4.11,-7.82,409.49,10.22,9913.33
4563,-0.34,-0.18,-0.11,-18.11,-59.34,37.45,-51.6,5.26,-4.11,240.92,3.26,10003.33
4564,0.04,-0.74,0.6,-52.26,-18.11,-44.85,-16.63,-5.26,4.11,240.68,16.96,10003.33
4565,-0.56,0.04,0.18,0.41,-70.78,3.78,-54.15,5.26,-4.11,240.92,3.26,10016.67
4566,0.04,-0.37,0.59,-44.85,-10.7,-26.67,-16.63,-5.26,4.11,240.68,16.96,10006.67
4567,-0.34,0.19,-0.11,-10.7,-51.93,55.63,-37.11,4.11,-7.82,240.98,18.7,10023.33
4568,-0.34,0.19,-0.11,-10.7,-51.93,55.63,-22.63,2.97,-11.52,419.81,30.63,9510.0
4569,-0.86,0.63,-0.38,41.97,-112.01,100.56,-45.67,12.34,-23.45,598.86,28.86,9013.33
4570,-1.19,0.85,-0.27,27.15,-123.45,74.64,-60.15,13.49,-19.75,598.8,13.41,8993.33
4571,-0.97,0.67,-0.45,30.86,-112.01,49.04,-60.15,13.49,-19.75,420.04,16.93,9490.0
4572,-1.04,0.63,-0.6,23.45,-112.01,34.56,-60.15,13.49,-19.75,241.28,20.44,10000.0
4573,-0.56,0.19,-0.15,15.22,-51.93,7.82,-25.19,-7.0,-4.11,241.08,30.67,10003.33
4574,-0.63,0.52,-0.3,4.11,-37.45,15.22,-28.89,4.11,-7.82,241.05,16.82,10013.33
4575,-0.63,0.52,-0.3,4.11,-37.45,15.22,-25.19,11.52,-5.26,241.08,15.08,10006.67
4576,-0.41,0.3,-0.08,-7.0,-15.22,7.82,-15.22,22.63,-8.96,241.12,16.78,10023.33
4577,0.22,-0.45,0.34,-22.63,4.11,-44.85,11.52,-0.41,17.78,449.25,27.12,8391.67
4578,0.3,-0.41,0.48,-15.22,4.11,-30.37,-18.11,-4.11,7.82,449.28,27.12,8398.33
4579,-0.11,0.11,-0.22,15.22,-66.74,-7.33,-44.85,11.52,-5.26,449.55,23.71,8398.33
4580,-0.64,0.45,-0.56,56.45,-100.56,74.97,-67.89,23.45,-28.3,464.54,11.78,7856.67
4581,-0.52,0.67,-0.97,74.64,-74.64,74.97,-56.45,20.89,-17.19,651.67,5.04,7013.33
4582,-0.49,0.75,-1.0,74.64,-74.64,89.78,-56.45,17.19,-27.15,889.07,-5.3,4333.33
4583,0.11,0.48,-0.63,33.41,-40.82,37.11,-33.41,7.82,-15.22,880.92,8.41,4625.0
4584,0.22,0.08,-0.41,18.93,-55.3,11.52,-15.22,14.08,-16.37,693.76,9.97,5455.0
4585,-0.04,0.19,-0.19,15.22,-66.74,22.3,-33.41,11.52,-5.26,456.26,11.78,8135.0
4586,-0.67,0.71,-0.34,67.89,-82.38,49.04,-70.93,22.04,-13.49,241.28,8.3,10010.0
4587,-0.3,0.11,0.26,11.52,-41.15,26.0,-54.15,-4.7,3.29,240.98,10.0,10023.33
4588,-0.37,0.07,0.11,4.11,-41.15,11.52,-39.67,-5.85,-0.41,241.05,25.45,10020.0
4589,-0.48,0.3,-0.26,-7.33,-44.85,26.0,-28.89,4.11,-7.82,241.05,16.82,10023.33
4590,-0.56,0.63,-0.41,-7.33,-37.45,29.71,-28.89,14.08,-15.22,241.18,8.18,10016.67
4591,-0.48,0.67,-0.26,0.08,-37.45,44.19,-54.82,17.78,-22.63,241.08,-0.3,10010.0
4592,-0.45,0.59,-0.19,-25.52,-37.45,26.0,-47.41,14.08,-16.37,241.15,6.63,10000.0
4593,-0.34,0.33,0.07,0.41,-15.22,22.3,-41.15,7.82,-15.22,241.08,3.23,10003.33
4594,0.19,-0.11,0.33,-52.26,44.85,-22.63,5.26,-15.22,11.52,240.92,6.49,10013.33
4595,0.3,-0.52,0.41,-37.45,30.37,7.0,5.26,-15.22,11.52,240.92,6.49,10013.33
4596,-0.19,0.34,-0.48,-3.3,-14.89,37.45,-35.97,1.56,2.15,461.86,16.82,7923.33
4597,-0.56,0.86,-1.19,56.78,-37.93,64.19,-82.38,28.3,-14.63,704.45,15.12,5076.67
4598,-0.22,0.45,-0.48,22.63,3.29,4.11,-63.04,8.96,5.85,935.81,15.12,2625.0
4599,0.19,-0.08,0.08,-26.0,26.33,-37.11,-28.07,-4.11,25.19,714.9,20.3,4715.0
4600,0.71,-0.86,1.04,-60.15,71.6,-67.56,18.34,-20.89,34.56,676.18,22.01,6090.0
4601,-0.0,-0.26,0.56,-3.78,48.56,-33.41,-1.0,-1.56,14.08,629.85,27.19,7798.33
4602,-0.26,-0.07,0.15,55.63,-0.08,15.22,-17.78,17.78,-6.41,825.86,11.67,6625.0
4603,-0.64,0.45,-0.6,100.56,-70.93,53.08,-34.56,34.56,-15.78,622.3,9.97,8093.33
4604,-0.11,0.04,-0.26,55.3,-40.49,26.33,-17.78,7.82,1.0,604.73,9.97,8801.67
4605,-0.41,0.22,-0.04,29.71,-29.71,37.11,-21.48,11.52,-5.26,648.75,23.71,7218.33
4606,0.15,-0.11,0.52,-4.11,4.11,6.67,5.26,-4.11,7.82,648.48,27.12,7208.33
4607,-0.04,0.37,0.18,41.15,-26.33,33.41,-11.52,22.63,-8.96,481.02,21.93,7256.67
4608,0.26,0.3,-0.15,41.15,-37.11,18.93,-26.0,12.67,-5.26,488.41,23.71,7006.67
4609,0.03,0.11,0.03,30.04,-0.08,11.52,-29.71,5.26,-7.82,488.44,9.97,7000.0
4610,0.44,-0.71,0.52,-26.33,22.96,-44.85,-6.67,-17.78,2.7,488.21,-0.37,6996.67
4611,0.78,-1.34,1.34,-71.6,64.19,-101.23,52.75,-28.3,14.63,479.6,-7.11,7288.33
4612,0.97,-1.19,1.04,-86.08,27.15,-112.01,52.75,-28.3,14.63,681.16,10.15,5920.0
4613,0.41,-0.3,0.19,-51.93,0.41,-29.71,29.71,-5.26,4.11,855.98,22.19,5583.33
4614,0.3,-0.04,-0.04,-51.93,7.82,-3.78,7.82,-5.26,4.11,617.03,28.93,8288.33
4615,-0.26,0.26,-0.52,-3.3,-26.0,67.08,-22.63,21.48,-12.67,598.62,13.48,8996.67
4616,0.22,-0.19,0.08,-51.93,8.15,-3.78,-3.29,2.15,7.82,423.83,16.96,9343.33
4617,-0.19,0.48,-0.59,18.93,-26.0,41.15,-40.82,12.67,-0.41,424.07,3.26,9346.67
4618,0.19,-0.08,0.11,-15.22,15.22,-41.15,-14.07,-17.78,22.63,240.85,13.48,10006.67
4619,0.04,-0.19,0.22,10.37,15.22,-22.96,-16.63,-17.78,22.63,240.85,13.48,9986.67
4620,0.34,-0.89,0.93,-23.45,49.37,-64.19,24.6,-34.56,32.0,240.72,11.67,10000.0
4621,-0.07,-0.08,0.44,32.92,26.33,-7.82,-12.93,-14.08,16.37,240.92,1.44,10010.0
4622,0.11,-0.26,0.59,21.81,18.93,-15.22,-10.37,-14.08,16.37,472.48,-3.74,7558.33
4623,0.48,-0.34,0.71,10.7,18.93,-33.41,-10.37,-10.37,16.37,728.71,-1.89,4253.33
4624,1.12,-0.86,1.08,-34.56,34.56,-60.15,30.86,-27.15,25.74,728.58,-3.7,4246.67
4625,0.74,-0.19,0.59,21.81,11.52,-26.0,-18.11,-11.52,-4.7,497.08,-5.26,6698.33
4626,0.56,-0.41,0.59,-4.11,4.11,-15.22,-21.81,-8.96,-5.85,412.6,3.23,9781.67
4627,-0.37,0.07,0.11,4.11,-41.15,11.52,-48.56,6.67,-18.93,412.8,20.49,9795.0
4628,-0.37,0.07,0.11,4.11,-41.15,11.52,-26.33,14.08,-15.22,412.86,15.11,9805.0
4629,-0.15,0.3,-0.08,15.56,-48.56,0.74,-18.93,15.22,-11.52,241.08,15.11,10020.0
4630,0.56,-0.37,0.59,-3.78,33.74,-33.41,1.56,-4.11,7.82,240.82,9.89,10023.33
4631,0.22,-0.45,0.59,-26.0,33.74,-33.41,1.56,-14.08,7.82,493.1,9.89,6853.33
4632,-0.45,0.26,0.03,7.82,14.41,7.82,-25.19,1.56,-5.26,493.37,9.89,6840.0
4633,-0.3,0.37,-0.41,11.52,-22.63,-14.41,-18.93,5.26,-11.52,663.15,11.6,6701.67
4634,-0.04,0.6,-0.71,-3.29,-26.33,-18.11,-11.52,11.52,-5.26,410.93,18.53,9868.33
4635,-0.11,0.52,-0.78,11.52,-26.33,11.52,-29.71,5.26,-4.11,411.03,20.23,9888.33
4636,-0.33,0.74,-0.67,-6.67,-11.52,22.96,-26.0,12.67,-1.56,241.28,20.23,10023.33
4637,-0.22,0.34,-0.59,8.15,-26.0,52.59,-55.63,8.96,-11.52,241.15,18.67,10023.33
4638,0.56,-0.26,0.15,-14.89,-6.67,-0.08,-20.67,-4.11,7.82,416.66,22.15,9635.0
4639,0.15,0.26,-0.37,18.93,-40.82,41.15,-54.82,15.22,-11.52,416.86,11.82,9638.33
4640,-0.22,0.45,-0.15,41.15,-22.63,15.22,-32.59,22.63,-7.82,621.68,18.56,8138.33
4641,-1.0,0.82,-0.67,86.41,-56.45,38.26,-79.0,41.97,-38.26,700.8,20.3,5263.33
4642,-0.89,0.41,-0.6,101.23,-70.93,67.89,-101.23,34.56,-41.97,903.32,18.7,3833.33
4643,-0.71,0.56,-0.97,79.0,-74.64,93.82,-97.52,23.45,-38.26,698.6,20.44,5336.67
4644,-0.56,0.71,-0.82,79.0,-56.45,97.52,-97.52,19.75,-38.26,443.73,11.96,8586.67
4645,-0.3,0.52,-0.3,18.93,-7.82,41.15,-51.11,6.67,-18.93,241.12,13.56,10006.67
4646,-0.11,0.19,-0.15,18.93,-22.3,41.15,-54.82,17.78,-22.63,241.08,-0.3,10000.0
4647,0.22,-0.19,0.08,-51.93,8.15,-3.78,-2.15,-1.56,-2.15,240.98,-9.08,9996.67
4648,-0.22,0.34,-0.59,8.15,-26.0,52.59,-37.11,8.96,-10.37,241.05,-10.67,9986.67
4649,-0.41,0.67,-0.74,8.15,-11.52,52.59,-59.34,1.56,-14.08,240.98,-5.3,9986.67
4650,-0.44,0.6,-0.67,-3.3,-11.52,67.08,-63.04,-2.15,-7.82,240.92,6.74,9996.67
4651,-0.41,0.74,-0.67,7.48,-11.52,55.63,-63.04,-2.15,-7.82,240.92,6.74,10013.33
4652,0.15,-0.04,0.26,-26.67,44.85,-4.44,-6.67,-14.08,15.22,240.78,11.71,10030.0
4653,0.26,-0.3,0.52,-0.74,67.08,-8.15,-6.67,-6.67,18.93,240.88,15.19,10033.33
4654,1.0,-1.04,1.26,-34.56,86.41,-49.37,28.3,-19.75,38.26,416.6,28.89,9648.33
4655,1.15,-0.93,0.82,-30.86,49.38,-71.6,20.89,-20.89,34.56,416.53,28.89,9628.33
4656,0.63,0.0,-0.11,14.07,-7.0,-22.96,-2.15,-8.96,11.52,585.2,22.15,9535.0
4657,0.3,0.07,-0.18,-22.96,7.82,-26.67,-2.15,-8.96,11.52,409.39,22.15,9913.33
4658,0.0,0.07,0.26,-41.15,7.82,-26.67,-2.15,-7.82,22.63,660.69,22.08,6795.0
4659,0.41,-0.6,0.93,-112.01,41.97,-71.6,20.89,-27.15,41.97,691.33,16.71,5586.67
4660,0.71,-0.71,0.89,-82.38,38.26,-86.08,23.45,-34.56,38.26,913.41,18.45,3458.33
4661,1.08,-0.63,0.71,-56.78,38.26,-56.45,27.15,-41.97,28.3,662.22,4.78,6586.67
4662,0.67,0.04,0.04,14.07,4.11,-11.52,7.82,-15.22,11.52,463.1,11.71,7885.0
4663,0.07,0.41,-0.37,40.82,-40.82,22.3,-41.15,7.82,-15.22,241.08,3.23,10003.33
4664,-0.11,0.22,-0.19,29.71,-3.78,14.89,-47.41,14.08,-16.37,444.88,15.27,8541.67
4665,-0.11,0.22,-0.19,29.71,-3.78,14.89,-51.11,6.67,-18.93,444.85,22.19,8531.67
4666,-0.08,0.15,-0.26,33.41,-3.78,51.93,-39.67,4.11,-7.82,444.88,15.22,8541.67
4667,-0.11,0.04,-0.33,33.41,-33.41,29.71,-39.67,4.11,-7.82,240.98,18.7,10006.67
4668,0.3,-0.63,0.34,-37.45,0.74,-15.22,-19.19,-7.82,15.22,240.82,16.96,10013.33
4669,0.6,-0.75,0.78,-86.08,49.37,-86.08,22.04,-24.6,24.6,240.68,15.15,10013.33
4670,0.56,-0.71,0.75,-112.01,49.37,-63.86,22.04,-27.15,35.71,240.82,15.15,10020.0
4671,0.56,-0.71,0.75,-112.01,49.37,-63.86,32.0,-23.45,28.3,240.75,13.37,10023.33
4672,0.67,-1.04,1.08,-97.52,71.6,-53.08,25.74,-17.19,27.15,444.55,25.41,8561.67
4673,0.37,-0.45,0.45,-26.67,30.37,-15.22,-20.67,-1.56,-3.29,444.61,18.67,8561.67
4674,0.26,-0.48,0.48,10.37,30.37,-11.52,-30.63,-5.26,4.11,444.68,20.45,8548.33
4675,-0.19,0.04,-0.22,40.82,-40.49,11.52,-77.04,7.82,-15.22,240.98,17.19,10013.33
4676,0.15,-0.48,0.52,-4.11,30.37,-26.33,-30.63,-15.22,11.52,240.82,20.45,10003.33
4677,0.56,-0.56,0.45,-29.71,15.56,-44.52,-24.37,-18.93,1.56,240.78,4.93,10010.0
4678,0.93,-1.15,1.04,-86.08,56.78,-67.56,22.04,-32.0,20.89,240.58,11.67,9996.67
4679,0.89,-1.23,0.93,-112.01,27.15,-67.56,28.3,-28.3,14.63,240.65,-0.37,10006.67
4680,0.26,-0.93,0.45,-52.59,11.52,3.3,-2.15,-12.67,5.26,485.63,1.44,7090.0
4681,0.08,-0.63,0.34,-15.56,18.93,10.7,0.41,-15.22,16.37,672.06,-14.08,6305.0
4682,0.04,-0.22,0.11,-4.11,26.33,-0.08,-5.85,-8.96,15.22,671.96,1.44,6298.33
4683,-0.22,-0.0,0.22,-29.71,-3.3,-26.0,-5.85,2.15,7.82,427.15,3.04,9225.0
4684,-0.22,-0.0,0.22,-29.71,-3.3,-26.0,-2.15,-1.56,-2.15,240.82,3.04,10030.0
4685,-0.52,0.11,-0.22,18.93,-51.93,44.85,-48.56,11.52,-21.48,241.02,-3.7,10023.33
4686,0.22,-0.56,0.45,-0.41,30.37,10.7,-24.37,-8.96,-5.85,444.65,4.93,8555.0
4687,0.37,-0.45,0.34,-26.0,30.37,-7.48,-28.07,-2.7,-7.0,637.43,6.74,7500.0
4688,0.67,-0.56,0.78,-74.64,79.0,-78.34,20.89,-15.78,12.34,830.11,-0.22,6458.33
4689,0.3,-0.04,0.04,-29.71,8.15,-40.49,-14.07,-5.26,4.11,626.44,-10.45,7930.0
4690,0.37,-0.37,0.37,-15.22,30.37,-29.71,-14.07,-7.82,15.22,433.7,3.26,8981.67
4691,0.03,-0.18,-0.0,29.71,-18.26,4.11,-51.6,2.7,7.0,450.35,4.85,8356.67
4692,0.37,-0.82,0.67,-15.22,22.96,-55.96,-16.63,-7.82,15.22,450.11,18.56,8350.0
4693,0.56,-0.67,0.37,-29.71,-14.07,-66.74,-9.22,-4.11,7.82,450.05,16.78,8333.33
4694,0.26,-0.52,0.41,-40.82,-25.52,-55.63,5.26,-5.26,4.11,240.82,30.63,10003.33
4695,0.45,-0.26,0.19,-55.3,-32.92,-44.19,11.52,-11.52,5.26,240.92,15.11,9996.67
4696,-0.11,0.04,-0.3,4.11,-66.74,26.67,-18.93,-3.29,-10.37,464.24,3.18,7836.67
4697,-0.15,0.0,-0.19,18.93,-37.11,26.67,-22.63,-2.15,-14.08,716.49,-10.67,4666.67
4698,-0.86,0.75,-0.82,60.15,-56.45,86.08,-53.08,24.6,-30.86,944.51,-1.89,2333.33
4699,-0.26,0.48,-0.23,26.33,-22.63,33.41,-22.63,16.37,-15.22,916.18,11.82,3375.0
4700,0.45,-0.22,0.22,-33.74,0.41,-0.74,4.11,-4.11,7.82,663.66,20.45,6541.67
4701,0.93,-1.19,1.04,-86.41,27.15,-49.37,38.26,-23.45,27.15,435.61,25.41,8878.33
4702,-0.0,-0.71,0.56,-78.19,-18.11,-22.63,11.52,-7.82,14.08,240.88,25.41,10006.67
4703,-0.37,0.07,0.11,4.11,-41.15,11.52,-26.0,12.67,-1.56,241.12,25.41,10006.67
4704,-0.37,0.07,0.11,4.11,-41.15,11.52,-26.0,12.67,-1.56,241.12,25.41,10006.67
4705,-0.19,0.33,-0.15,29.71,-15.22,26.0,-26.0,12.67,-1.56,241.12,20.23,10016.67
4706,0.0,-0.15,0.19,-15.56,15.22,-0.74,8.96,-7.82,14.08,408.65,23.71,9975.0
4707,-0.18,0.15,0.07,21.48,22.63,6.67,5.26,-15.22,11.52,408.68,9.97,9965.0
4708,-0.18,0.15,0.07,21.48,22.63,6.67,-24.37,-18.93,1.56,408.55,8.41,9951.67
4709,-0.44,0.78,-0.56,29.71,-11.52,29.71,-70.78,4.11,-25.19,240.95,1.67,9996.67
4710,-0.56,1.08,-1.08,63.53,-60.15,60.15,-123.45,23.45,-45.67,241.05,10.45,10006.67
4711,-0.45,0.67,-0.86,52.75,-74.64,34.56,-93.82,27.15,-35.71,471.35,5.08,7590.0
4712,-0.38,0.34,-0.71,63.86,-89.12,27.15,-93.82,27.15,-35.71,641.98,-0.3,7420.0
4713,-0.04,-0.18,0.04,18.93,-18.26,-10.7,-37.45,15.22,-12.67,641.85,4.67,7430.0
4714,0.33,-0.78,0.63,-41.15,22.96,-33.74,-20.67,-4.11,7.82,411.48,16.78,9840.0
4715,0.41,-0.78,0.6,-26.67,22.96,-18.93,5.26,-7.82,15.22,240.95,30.63,10016.67
4716,-0.0,-0.26,-0.11,7.48,-47.89,4.11,-21.48,7.82,2.15,471.38,20.3,7586.67
4717,-0.34,0.27,-0.78,78.34,-89.12,64.19,-41.97,19.75,-20.89,694.64,6.59,5426.67
4718,0.15,-0.14,-0.48,37.11,-55.3,4.11,-11.52,11.52,-5.26,694.41,3.07,5430.0
4719,0.34,-0.44,0.0,14.07,-6.67,-11.52,15.22,-4.11,7.82,463.97,13.41,7843.33
4720,0.67,-0.97,0.67,-56.78,34.56,-71.6,41.97,-19.75,20.89,431.3,21.93,9051.67
4721,0.75,-0.89,0.93,-49.38,34.56,-41.97,34.56,-20.89,17.19,431.23,23.71,9045.0
4722,0.86,-0.86,0.89,-86.41,34.56,-45.67,30.86,-28.3,14.63,431.27,9.97,9058.33
4723,0.82,-0.45,0.82,-49.38,41.97,-56.45,30.86,-32.0,20.89,474.65,1.44,7475.0
4724,0.75,-0.52,0.56,-56.78,41.97,-86.08,30.86,-34.56,32.0,474.78,1.44,7461.67
4725,0.11,-0.15,0.19,-11.52,11.52,-55.63,-21.81,-15.22,11.52,700.43,16.96,5201.67
4726,-0.52,0.19,-0.3,-3.29,-48.56,-10.7,-74.48,7.82,-15.22,658.13,32.41,6743.33
4727,-0.63,0.07,0.15,-7.0,-11.52,11.52,-67.08,11.52,-22.63,842.3,28.93,6041.67
4728,0.07,-0.63,0.67,-52.26,11.52,-22.63,-10.7,-0.41,0.41,616.62,27.15,8295.0
4729,0.71,-0.97,1.01,-86.08,71.6,-67.56,45.67,-12.34,23.45,598.71,11.71,9003.33
4730,0.67,-1.08,0.93,-86.08,41.97,-89.78,45.67,-12.34,23.45,414.47,13.41,9711.67
4731,0.71,-1.01,1.04,-60.15,71.6,-89.78,35.71,-16.04,30.86,414.54,15.19,9708.33
4732,0.6,-1.12,1.15,-71.6,71.6,-71.6,25.74,-17.19,27.15,467.58,13.37,7708.33
4733,0.19,-0.3,0.67,-15.22,48.56,-15.22,-19.19,-7.82,15.22,467.75,1.44,7718.33
4734,0.19,-0.3,0.67,-15.22,48.56,-15.22,-9.22,-4.11,7.82,467.68,-0.33,7731.67
4735,0.03,0.0,0.15,55.63,-0.08,15.22,-44.19,6.41,-0.41,417.73,-0.33,9606.67
4736,0.33,-0.45,0.45,-26.67,30.37,-15.22,-2.96,-10.37,8.96,597.6,1.26,9055.0
4737,0.31,-0.32,0.39,-26.67,8.15,-15.22,0.74,-10.37,8.96,849.95,-10.82,5808.33
4738,0.24,-0.32,0.43,-41.15,8.15,-30.04,0.74,-10.37,8.96,882.5,-7.41,4558.33
4739,-0.17,0.35,-0.24,29.71,-26.0,14.89,-51.93,8.96,-11.52,702.6,-2.04,5100.0
4740,-0.63,1.08,-1.04,49.04,-60.15,45.34,-86.08,17.19,-27.15,650.74,6.63,7000.0
4741,-0.17,0.54,-0.66,-11.03,-15.22,14.93,-52.26,4.11,-7.82,696.43,15.38,5366.67
4742,-0.21,0.39,-0.66,-21.81,-15.22,26.37,-40.82,1.56,3.29,696.66,18.64,5380.0
4743,0.31,-0.46,0.08,-41.15,41.15,-4.08,-14.07,-14.08,16.37,720.67,20.34,4505.0
4744,-0.08,0.08,-0.33,33.41,-3.78,41.15,-37.11,8.96,-10.37,681.85,8.19,5888.33
4745,-0.04,0.22,-0.33,44.19,-3.78,29.71,-48.56,11.52,-21.48,681.62,4.93,5868.33
4746,-0.78,0.89,-0.89,63.53,-86.08,63.86,-75.3,27.15,-34.56,457.35,10.15,8080.0
4747,-0.45,0.26,-0.22,18.6,-44.85,3.78,-44.85,0.41,-17.78,241.05,10.15,10000.0
4748,-0.56,0.04,0.18,0.41,-70.78,3.78,-22.63,7.82,-14.08,241.12,4.78,10013.33
4749,-0.26,-0.11,0.15,11.52,-59.34,-7.33,-18.93,15.22,-11.52,241.15,-2.15,10006.67
4750,-0.48,0.22,-0.0,22.63,-51.93,22.3,-22.63,18.93,-1.56,427.48,-2.15,9211.67
4751,-0.41,0.3,-0.41,30.04,-26.0,33.74,-33.41,8.96,5.85,427.65,6.49,9218.33
4752,-0.48,0.63,-0.56,18.93,-11.52,41.15,-40.82,12.67,-0.41,427.58,-0.44,9235.0
4753,-0.67,0.93,-1.04,38.26,-60.15,56.78,-78.34,25.74,-19.75,241.38,1.37,10026.67
4754,0.07,0.3,-0.41,-10.37,-40.82,-14.07,-40.82,15.22,-11.52,240.95,4.85,10016.67
4755,-0.08,0.15,-0.08,-2.96,-66.74,4.11,-40.82,15.22,-11.52,240.95,4.85,9996.67
4756,0.33,-0.37,0.59,-59.34,-25.52,-41.15,18.6,4.7,-3.29,479.66,11.82,7288.33
4757,0.33,-0.37,0.59,-59.34,-25.52,-41.15,18.6,2.15,7.82,479.8,11.82,7288.33
4758,1.15,-0.93,0.82,-82.38,30.86,-100.56,45.34,-28.3,30.86,701.75,25.67,5170.0
4759,1.15,-1.04,0.78,-56.45,30.86,-100.56,27.15,-34.56,32.0,462.9,16.89,7888.33
4760,0.26,-0.52,0.41,-22.63,-14.41,-55.63,4.11,-22.63,8.96,463.07,18.63,7888.33
4761,-0.34,0.04,0.15,30.04,-41.15,-10.7,-33.41,-2.15,-6.67,241.08,3.18,10023.33
4762,-0.56,0.37,-0.0,41.15,-33.74,18.93,-39.67,-5.85,-0.41,408.78,18.7,9971.67
4763,0.15,-0.3,0.63,-4.11,18.93,-37.45,5.26,-15.22,11.52,647.43,10.22,7260.0
4764,0.22,-0.48,0.45,-15.56,0.74,-33.74,19.74,-16.37,7.82,647.5,25.67,7260.0
4765,0.03,-0.18,-0.04,3.78,-47.89,-18.11,-15.22,4.11,-7.82,689.23,13.56,5635.0
4766,-0.04,0.15,-0.19,40.82,-40.49,-6.67,-33.41,-5.85,-0.41,684.38,6.59,5801.67
4767,0.48,-0.22,0.26,-18.6,-6.67,-55.3,-12.93,-25.19,18.93,684.11,1.37,5788.33
4768,0.41,0.11,0.11,-29.71,7.82,-47.89,5.26,-18.93,17.78,474.92,8.3,7448.33
4769,0.48,-0.33,0.22,-40.82,0.41,-59.34,1.56,-8.96,10.37,240.82,22.01,10003.33
4770,-0.26,0.3,-0.41,7.82,-18.93,11.52,-15.22,17.78,-6.41,241.12,20.3,10010.0
4771,0.15,-0.22,0.11,-26.0,15.22,-29.71,1.56,-8.96,10.37,240.82,22.01,10016.67
4772,-0.26,0.59,-0.37,30.37,-7.82,26.67,-35.97,1.56,2.15,241.05,8.3,10006.67
4773,0.26,-0.26,0.45,-29.71,18.93,-33.41,-16.63,-17.78,22.63,240.85,13.48,10010.0
4774,-0.0,-0.07,0.04,29.71,-29.71,15.22,-33.41,8.96,5.85,241.15,11.78,10013.33
4775,0.39,-0.65,0.54,-26.67,0.74,-18.93,15.22,-0.41,17.78,493.34,11.63,6776.67
4776,0.35,-0.24,0.32,-15.22,8.15,-29.71,15.22,2.15,6.67,686.09,-2.07,5728.33
4777,0.84,-0.65,0.62,-56.45,41.97,-89.78,32.0,-24.6,23.45,685.79,-0.37,5728.33
4778,0.64,-0.56,0.45,-45.34,41.97,-82.38,28.3,-24.6,23.45,433.43,11.71,8975.0
4779,0.0,-0.22,0.11,-11.52,-18.11,-37.45,-9.22,-14.08,15.22,240.78,11.71,10023.33
4780,-0.15,-0.45,0.48,-15.22,-10.7,-37.45,-6.67,-14.08,15.22,240.78,11.71,10013.33
4781,-0.15,-0.45,0.48,-15.22,-10.7,-37.45,-10.37,-21.48,12.67,240.82,-2.04,10013.33
4782,0.52,-1.19,1.04,-60.49,41.97,-71.6,27.15,-34.56,32.0,240.72,11.67,10013.33
4783,0.0,-0.15,0.19,-15.56,15.22,-0.74,-10.37,-14.08,16.37,240.92,1.44,10030.0
4784,-0.33,0.41,-0.52,7.48,-18.93,51.93,-40.82,12.67,-0.41,434.78,13.48,8933.33
4785,-1.0,1.15,-1.08,52.75,-71.6,86.08,-67.56,35.71,-27.15,434.92,1.37,8936.67
4786,-0.97,1.08,-1.01,27.15,-71.6,67.89,-79.0,38.26,-38.26,434.88,8.34,8936.67
4787,-0.45,0.22,-0.19,-32.92,-44.85,7.82,-48.56,11.52,-21.48,431.63,6.63,9061.67
4788,-0.15,0.26,-0.08,4.11,-15.22,7.82,-59.34,1.56,-14.08,431.6,5.04,9061.67
4789,-0.08,0.11,0.22,41.15,-11.52,11.52,-47.89,-1.0,-2.97,431.63,-1.93,9061.67
4790,-0.11,0.52,-0.0,52.59,-4.11,0.74,-51.6,-4.7,3.29,240.95,-0.22,10013.33
4791,0.22,0.14,0.22,-18.26,26.33,-44.19,-14.07,-15.22,11.52,240.72,13.48,9996.67
4792,0.11,0.37,-0.15,-29.71,22.63,-29.71,0.41,-16.37,7.82,240.78,28.93,9983.33
4793,-0.52,0.7,-0.48,4.11,-37.45,15.22,-26.33,14.08,-15.22,241.02,20.3,9990.0
4794,-0.97,1.3,-1.08,63.53,-71.6,74.64,-53.08,34.56,-30.86,241.28,8.18,10000.0
4795,-0.22,0.56,-0.34,29.71,-52.26,33.41,-32.59,15.22,-11.52,241.02,2.96,9996.67
4796,0.67,0.04,0.04,-4.11,-7.0,-11.52,1.56,-4.11,7.82,240.82,13.3,9990.0
4797,1.38,-0.74,0.67,-63.53,12.34,-70.93,25.74,-24.6,23.45,422.75,27.15,9361.67
4798,1.12,-1.0,0.75,-100.56,19.75,-78.34,32.0,-20.89,17.19,613.43,25.45,8410.0
4799,0.56,-0.7,0.26,-51.93,-14.07,-7.48,-12.93,-11.52,5.26,613.6,13.52,8413.33
4800,-0.19,-0.07,-0.37,-3.3,-33.41,63.37,-47.89,-1.0,-2.97,431.83,8.3,9051.67
4801,-0.71,0.79,-1.19,56.78,-60.15,123.45,-78.34,25.74,-19.75,241.38,1.37,10010.0
4802,-0.74,0.86,-1.12,53.08,-60.15,86.41,-78.34,25.74,-19.75,450.68,2.96,8346.67
4803,-0.3,0.34,-0.45,-7.0,-26.0,30.04,-37.11,8.96,-10.37,450.35,-9.08,8343.33
4804,-0.15,0.26,-0.08,15.22,-22.3,4.11,-47.89,-1.0,-2.97,450.31,-10.67,8353.33
4805,0.19,0.07,0.3,-29.71,26.33,-29.71,-10.37,-21.48,12.67,240.82,-2.04,10013.33
4806,0.3,-0.3,0.48,-3.78,18.93,-55.63,-14.07,-15.22,11.52,240.72,13.48,10016.67
4807,0.15,-0.22,0.11,-26.0,15.22,-29.71,-14.07,-15.22,11.52,240.72,13.48,10013.33
4808,0.11,-0.26,0.19,-26.0,37.45,-15.22,-14.07,-4.11,7.82,482.07,4.85,7228.33
4809,-0.22,0.37,-0.48,18.93,-3.78,44.85,-33.41,12.67,-1.56,678.22,-10.67,6048.33
4810,-0.04,0.04,-0.33,18.93,-18.26,44.85,-33.41,12.67,-1.56,678.22,-10.67,6045.0
4811,-0.56,0.45,-0.6,60.15,-100.56,89.78,-56.45,20.89,-17.19,437.13,3.18,8830.0
4812,-0.6,0.38,-0.63,49.37,-100.56,112.01,-56.45,20.89,-17.19,241.32,13.52,9996.67
4813,-0.26,-0.15,0.04,-10.7,-59.34,51.93,-21.48,7.82,2.15,241.22,27.23,10006.67
4814,0.3,-0.52,0.23,-51.93,0.74,-7.48,-1.0,-4.11,25.19,241.05,25.49,10020.0
4815,0.33,-0.45,0.26,-41.15,0.74,-29.71,-19.19,-10.37,26.33,240.95,16.96,10033.33
4816,0.37,-0.37,0.37,-15.22,30.37,-29.71,-19.19,-17.78,22.63,240.85,13.48,10023.33
4817,-0.19,0.0,0.18,26.0,-29.71,29.71,-35.97,1.56,2.15,241.05,8.3,10026.67
4818,-0.23,-0.07,0.15,15.22,-29.71,51.93,-25.19,11.52,-5.26,424.07,8.3,9346.67
4819,-0.26,-0.15,0.04,-10.7,-59.34,51.93,-18.93,15.22,-11.52,614.75,6.6,8385.0
4820,-0.34,-0.18,-0.11,-18.11,-59.34,37.45,-48.56,11.52,-21.48,614.62,5.04,8388.33
4821,0.04,-0.63,0.67,-52.26,11.52,-22.63,-14.41,-7.82,-2.15,431.43,16.97,9068.33
4822,0.11,-0.56,0.78,-26.33,41.15,-22.63,-20.67,-1.56,-3.29,444.61,18.67,8568.33
4823,0.74,-0.9,1.12,-60.15,101.23,-67.56,35.71,-13.49,19.75,444.48,23.64,8565.0
4824,0.74,-1.01,1.04,-60.15,71.6,-89.78,32.0,-20.89,17.19,444.51,18.67,8551.67
4825,0.3,-0.48,0.34,-29.71,0.74,-66.74,11.52,-11.52,5.26,240.92,23.89,10006.67
4826,0.59,-0.63,0.48,-4.11,-14.07,-48.56,7.82,-18.93,2.7,240.95,10.15,10000.0
4827,0.22,-0.07,-0.22,30.04,-55.3,33.74,-44.85,0.41,-17.78,241.05,10.15,10010.0
4828,0.29,-0.07,-0.26,44.52,-55.3,48.56,-70.78,4.11,-25.19,240.95,1.67,10026.67
4829,-0.67,0.38,-0.63,89.78,-70.93,75.3,-101.23,30.86,-41.97,445.87,17.19,8523.33
4830,-1.04,0.56,-0.41,89.78,-52.75,49.37,-79.0,28.3,-38.26,698.22,11.82,5346.67
4831,-0.74,-0.04,0.22,18.93,-11.52,11.52,-26.33,8.96,-17.78,698.12,3.04,5330.0
4832,-0.41,-0.15,0.07,-7.0,-29.71,0.41,-18.93,5.26,-11.52,493.44,-2.15,6843.33
4833,-0.22,0.0,-0.3,-7.0,-33.41,26.34,-11.52,11.52,-5.26,241.22,4.78,10006.67
4834,-0.89,0.75,-0.86,38.26,-86.08,60.49,-34.56,34.56,-15.78,241.45,15.12,10006.67
4835,-0.86,0.67,-0.93,41.97,-86.08,97.52,-64.19,30.86,-25.74,241.32,13.56,9993.33
4836,-0.41,0.15,-0.26,-18.11,-51.93,41.15,-47.41,11.52,-5.26,460.86,6.63,7955.0
4837,0.45,-0.41,-0.03,-33.74,-6.67,-15.22,-20.67,-4.11,7.82,460.6,10.04,7971.67
4838,0.3,0.07,-0.18,-22.96,7.82,-26.67,-9.22,-6.67,18.93,647.89,10.04,7138.33
4839,0.37,-0.26,-0.03,-22.96,0.41,-30.37,-2.96,-10.37,8.96,428.11,6.63,9176.67
4840,-0.41,0.33,-0.11,0.08,-44.85,40.49,-33.41,-2.15,-6.67,428.35,10.15,9156.67
4841,0.07,-0.67,0.71,-70.78,-18.11,-8.15,4.11,-12.67,1.56,240.85,16.89,9990.0
4842,0.26,-0.48,0.37,-41.15,-25.52,-30.37,4.11,-12.67,1.56,410.57,30.63,9868.33
4843,0.86,-1.26,0.79,-93.82,27.15,-79.0,27.15,-24.6,24.6,410.4,28.89,9881.67
4844,0.26,-0.48,0.37,-41.15,-25.52,-30.37,-21.81,-11.52,5.26,410.6,22.15,9878.33
4845,-0.3,0.11,0.26,11.52,-41.15,26.0,-63.04,5.26,-4.11,241.02,10.22,10013.33
4846,-0.67,0.89,-0.19,93.82,-64.19,60.15,-100.56,18.34,-23.45,241.12,-3.48,10016.67
4847,-0.26,0.41,0.11,78.19,-4.11,18.93,-44.19,6.41,-0.41,447.06,-12.26,8478.33
4848,-0.26,0.22,-0.04,52.26,-22.3,7.82,-44.19,6.41,-0.41,447.06,-12.26,8461.67
4849,0.34,-0.33,0.22,-18.6,-6.67,-37.11,-9.22,-4.11,7.82,629.02,3.18,7826.67
4850,0.56,-0.67,0.45,-29.71,15.56,-66.74,-9.22,-4.11,7.82,640.44,11.96,7410.0
4851,0.48,-0.33,0.3,-40.82,30.04,-59.34,-9.22,-4.11,7.82,640.44,11.96,7413.33
4852,-0.34,0.22,0.07,0.41,-15.22,0.08,-55.63,8.96,-11.52,458.44,3.48,8035.0
4853,-1.08,0.97,-0.56,19.75,-67.89,56.45,-112.01,20.89,-34.56,466.63,10.22,7743.33
4854,-0.45,0.3,-0.04,4.11,-48.56,33.41,-77.04,4.11,-25.19,702.91,23.93,5121.67
4855,0.19,-0.52,0.41,-22.63,4.11,-37.45,-24.37,-15.22,-4.7,702.81,23.93,5125.0
4856,0.52,-0.63,0.34,-11.52,-14.07,-48.56,1.56,-18.93,2.7,477.37,25.67,7378.33
4857,0.15,-0.59,0.45,-4.11,0.74,-48.56,7.82,-18.93,2.7,240.95,10.15,10016.67
4858,-0.22,-0.03,-0.26,30.04,-40.49,33.74,-22.63,7.82,-14.08,424.1,3.18,9350.0
4859,0.11,-0.22,0.11,-14.89,8.15,-0.08,7.82,-0.41,1.56,423.87,-0.33,9356.67
4860,-0.19,0.48,-0.59,18.93,-26.0,41.15,-44.85,18.93,-18.93,423.97,8.45,9350.0
4861,0.11,0.37,-0.15,-29.71,22.63,-29.71,-20.67,-4.11,7.82,240.85,8.45,10013.33
4862,0.19,0.03,0.19,-15.22,44.85,-18.93,-28.07,-15.22,11.52,240.82,6.74,10000.0
4863,0.19,0.03,0.19,-15.22,44.85,-18.93,-28.07,-15.22,11.52,240.82,6.74,9986.67
4864,-0.08,0.22,-0.22,44.19,-3.78,29.71,-44.85,4.11,-8.96,436.83,4.93,8823.33
4865,-0.11,0.15,-0.33,18.26,-33.41,29.71,-41.15,7.82,-15.22,436.9,-7.11,8840.0
4866,0.63,-0.59,0.41,-15.56,-14.07,-11.52,11.52,-11.52,5.26,436.8,-15.89,8856.67
4867,0.75,-0.89,0.93,-49.38,34.56,-41.97,34.56,-34.56,15.78,240.75,-15.89,10036.67
4868,0.75,-0.89,0.93,-49.38,34.56,-41.97,34.56,-34.56,15.78,240.75,-15.89,10036.67
4869,0.11,-0.37,0.56,-4.11,18.93,-15.22,-18.11,-15.22,-4.7,240.85,-7.11,10020.0
4870,0.33,-0.6,0.78,-15.22,41.15,-22.63,-21.81,-11.52,5.26,240.75,-5.3,10023.33
4871,-0.0,-0.07,0.11,44.85,-0.08,37.45,-44.85,11.52,-5.26,240.85,11.96,10003.33
4872,-0.11,0.15,-0.26,33.41,-3.78,51.93,-22.63,18.93,-1.56,240.92,6.59,10006.67
4873,-0.52,0.67,-0.97,63.86,-74.64,74.97,-60.15,32.0,-20.89,241.15,6.59,9990.0
4874,-0.67,1.15,-1.12,74.64,-60.15,63.53,-78.34,25.74,-19.75,241.18,-8.86,9996.67
4875,-0.19,0.15,-0.3,3.78,-33.41,14.89,-44.19,6.41,-0.41,240.98,-1.93,10010.0
4876,-0.3,0.56,-0.52,18.26,-18.93,40.49,-44.19,6.41,-0.41,240.98,-1.93,10020.0
4877,-0.41,0.33,-0.11,0.08,-44.85,40.49,-29.71,5.26,-4.11,241.05,13.52,10020.0
4878,-0.89,1.34,-0.93,70.93,-71.6,89.12,-86.08,17.19,-27.15,241.18,11.96,10003.33
4879,-0.15,0.59,-0.19,37.11,-52.26,47.89,-48.56,4.11,-7.82,241.08,25.67,9990.0
4880,0.48,-0.11,0.3,-15.56,0.41,-22.96,-3.63,-5.26,4.11,479.73,17.19,7281.67
4881,0.45,-0.48,0.52,-4.11,-14.07,-41.15,-3.63,-1.56,4.11,734.6,25.67,4038.33
4882,0.11,-0.41,0.45,-41.15,0.74,-44.85,-6.18,1.0,-7.0,734.47,25.67,4055.0
4883,0.11,-0.52,0.41,-15.22,0.74,-44.85,-24.37,-5.26,-5.85,495.62,25.67,6763.33
4884,0.86,-0.93,0.82,-86.08,34.56,-86.08,22.04,-24.6,24.6,240.68,23.93,10023.33
4885,1.12,-1.08,0.64,-56.45,19.75,-112.01,32.0,-23.45,28.3,240.75,22.15,10023.33
4886,0.78,-0.44,-0.03,-11.52,-21.48,-51.93,1.56,3.29,11.52,240.92,16.78,10030.0
4887,0.74,-0.44,0.15,2.96,-6.67,-51.93,7.82,3.29,1.56,497.12,3.11,6728.33
4888,0.26,-0.03,-0.15,44.19,-40.49,8.15,-48.56,15.22,-21.48,497.25,-1.85,6718.33
4889,0.18,0.15,0.04,55.63,-22.3,4.44,-59.34,5.26,-14.08,497.25,6.78,6711.67
4890,0.22,0.15,-0.15,41.15,-37.11,4.44,-65.6,-2.15,-7.82,240.95,16.97,10000.0
4891,0.48,-0.04,0.26,-18.26,11.52,-44.19,-16.63,-25.19,18.93,240.78,20.23,9990.0
4892,1.08,-0.6,0.52,-89.12,27.15,-89.12,24.6,-41.97,28.3,240.62,8.19,9990.0
4893,0.82,-0.41,0.49,-89.12,41.97,-89.12,24.6,-32.0,20.89,240.58,11.67,10000.0
4894,0.82,-0.41,0.49,-89.12,41.97,-89.12,32.0,-20.89,17.19,240.62,13.37,10016.67
4895,0.78,-0.45,0.34,-70.93,41.97,-100.56,25.74,-24.6,23.45,429.08,27.12,9141.67
4896,0.45,-0.26,-0.03,-26.0,-6.67,-66.74,8.96,-7.82,14.08,429.42,21.93,9131.67
4897,-0.0,0.34,-0.63,33.41,-40.82,-7.33,-35.97,1.56,2.15,429.58,10.0,9121.67
4898,-0.22,0.56,-0.52,15.22,-26.0,4.11,-29.71,5.26,-4.11,241.12,-3.74,9993.33
4899,-0.33,0.96,-0.74,29.71,-11.52,29.71,-47.89,-1.0,-2.97,241.02,-12.26,9996.67
4900,0.0,0.26,-0.04,-41.15,22.63,-11.52,-12.93,-11.52,5.26,467.71,-14.08,7705.0
4901,-0.48,0.71,-0.63,7.48,-11.52,59.34,-35.97,11.52,-5.26,642.53,-2.04,7375.0
4902,0.26,-0.07,-0.11,-33.74,18.93,-0.08,5.26,-1.56,14.08,886.14,13.41,4500.0
4903,0.04,0.23,-0.59,22.63,-29.71,15.56,-18.93,18.93,-1.56,659.48,16.82,6791.67
4904,0.41,-0.33,0.11,-37.45,4.44,-37.11,-2.15,2.15,7.82,711.49,4.78,4833.33
4905,-0.52,0.19,-0.15,-21.81,-51.93,7.82,-43.37,15.22,-11.52,467.88,-10.67,7701.67
4906,-0.18,-0.0,0.37,-66.74,-3.3,-26.0,-12.93,-11.52,5.26,680.56,-12.26,5910.0
4907,-0.71,0.44,-0.08,-21.48,-63.37,0.74,-59.34,1.56,-14.08,453.83,-3.48,8215.0
4908,-0.34,0.3,-0.15,4.11,-51.93,4.44,-44.85,0.41,-17.78,453.9,11.96,8231.67
4909,-0.04,0.15,-0.15,29.71,-66.74,22.63,-44.85,0.41,-17.78,241.05,10.15,10020.0
4910,0.85,-0.37,0.22,14.07,-10.37,-22.3,4.11,-22.63,8.96,463.07,18.63,7881.67
4911,0.63,-0.11,0.04,3.29,4.11,-0.08,7.82,-15.22,11.52,463.1,11.71,7868.33
4912,0.56,-0.11,-0.11,-4.11,4.11,-0.08,1.56,-15.22,11.52,699.52,27.23,5246.67
4913,0.37,-0.37,0.11,-7.82,0.41,-11.52,8.96,-4.11,7.82,477.37,23.71,7365.0
4914,0.41,-0.22,0.11,2.96,0.41,-22.96,5.26,-11.52,5.26,477.33,30.63,7365.0
4915,0.41,-0.3,0.0,2.96,0.41,-52.59,15.22,-4.11,7.82,240.88,28.86,9993.33
4916,0.41,-0.19,0.08,2.96,30.04,-30.37,15.22,-4.11,7.82,240.88,28.86,10006.67
4917,0.86,-0.78,0.82,-30.86,64.19,-89.78,41.97,-23.45,27.15,474.68,13.41,7468.33
4918,0.63,-0.56,0.93,-49.04,79.0,-78.34,34.56,-34.56,30.86,474.65,11.71,7475.0
4919,-0.0,0.14,0.41,-29.71,26.33,-29.71,7.82,-18.93,17.78,693.3,11.71,5468.33
4920,0.22,-0.08,0.15,-37.11,11.52,-41.15,1.56,-18.93,17.78,459.23,21.93,8013.33
4921,-0.11,0.11,-0.22,7.82,-37.11,-7.33,-47.41,4.11,-8.96,459.4,18.67,7996.67
4922,-0.0,0.34,-0.63,33.41,-40.82,-7.33,-51.11,-3.29,-11.52,240.98,22.19,10010.0
4923,-0.0,0.34,-0.63,33.41,-40.82,-7.33,-48.56,6.67,-18.93,240.95,25.67,10016.67
4924,0.41,-0.19,0.08,2.96,30.04,-30.37,4.11,-12.67,1.56,240.85,16.89,10030.0
4925,0.3,-0.41,0.48,-15.22,4.11,-30.37,-10.37,-11.52,5.26,240.78,1.44,10030.0
4926,-0.23,-0.07,0.15,15.22,-29.71,51.93,-47.89,-1.0,-2.97,241.02,-12.26,10030.0
4927,-0.08,0.04,-0.3,18.93,-66.74,29.71,-47.89,-1.0,-2.97,410.73,1.48,9898.33
4928,0.07,0.12,-0.74,26.33,-29.71,11.52,-59.34,5.26,-4.11,653.12,10.0,7051.67
4929,0.04,0.19,-0.67,22.63,-29.71,-25.52,-44.85,4.11,-7.82,653.18,25.45,7038.33
4930,-0.11,-0.03,-0.3,18.93,-22.3,-25.52,-41.15,11.52,-5.26,483.43,25.45,7163.33
4931,0.26,-0.56,0.41,-41.15,0.74,-52.26,11.52,-11.52,5.26,240.92,15.11,10006.67
4932,0.6,-0.75,0.78,-86.08,49.37,-86.08,34.56,-20.89,17.19,433.5,-0.33,8968.33
4933,0.22,-0.19,0.08,-51.93,8.15,-3.78,7.82,-5.26,4.11,433.76,-3.74,8968.33
4934,0.11,-0.22,0.11,-14.89,8.15,-0.08,7.82,-5.26,4.11,433.76,-3.74,8971.67
4935,-0.37,0.23,-0.48,33.74,-26.0,70.78,-41.15,7.82,-15.22,241.08,3.23,10010.0
4936,-0.11,0.04,0.04,-26.34,22.63,14.41,-21.81,-18.93,1.56,440.2,-3.7,8718.33
4937,-0.41,0.74,-0.67,7.48,-11.52,55.63,-63.04,-2.15,-7.82,440.33,-1.89,8715.0
4938,0.08,0.29,-0.07,-41.15,22.63,-15.22,-14.07,-15.22,11.52,440.13,4.85,8711.67
4939,-0.52,0.7,-0.48,41.15,-37.45,15.22,-51.6,5.26,-4.11,473.58,18.7,7503.33
4940,0.22,-0.04,0.26,7.33,-18.11,-26.0,-10.37,-11.52,5.26,473.45,16.89,7503.33
4941,0.3,-0.37,0.59,21.81,4.11,-15.22,-10.37,-14.08,16.37,473.58,16.89,7520.0
4942,1.0,-1.04,1.26,-34.56,86.41,-49.37,27.15,-34.56,32.0,240.72,11.67,10016.67
4943,0.3,-0.37,0.59,-26.33,67.08,-26.33,4.11,-11.52,21.48,240.95,22.01,10006.67
4944,0.3,-0.48,0.52,-26.33,37.45,-48.56,1.56,-11.52,21.48,240.95,22.01,9993.33
4945,-0.41,0.19,-0.15,-7.0,-44.85,-14.41,-17.78,15.22,4.7,241.25,25.49,10000.0
4946,0.26,-0.52,0.41,-40.82,-25.52,-55.63,5.26,-7.82,15.22,442.58,32.41,8625.0
4947,-0.22,0.45,-0.37,-21.48,-52.26,-2.96,-41.15,7.82,-15.22,442.65,25.67,8638.33
4948,0.07,0.48,-0.26,15.56,-22.63,-2.96,-48.56,11.52,-21.48,442.58,13.56,8638.33
4949,0.11,0.52,-0.15,41.15,-22.63,15.22,-52.26,15.22,-11.52,241.05,11.82,10010.0
4950,0.15,0.11,-0.08,66.74,-18.93,44.85,-30.04,11.52,-0.41,485.93,4.85,7083.33
4951,0.48,-0.26,0.15,-4.11,11.52,-0.08,4.11,-7.82,18.93,485.73,15.19,7083.33
4952,-0.15,0.08,-0.37,15.22,-22.3,15.56,-15.22,11.52,-1.56,485.93,10.0,7100.0
4953,-0.22,0.52,-0.52,-2.96,-26.0,4.11,-15.22,22.63,-8.96,468.97,16.97,7683.33
4954,-0.15,0.08,-0.26,11.52,-33.41,-7.33,-25.19,11.52,-5.26,468.93,15.27,7686.67
4955,0.48,-0.26,0.26,-7.82,0.41,-22.96,-5.85,-15.22,11.52,468.63,16.97,7673.33
4956,1.19,-1.0,0.89,-49.04,19.75,-82.38,24.6,-41.97,28.3,240.62,8.19,10006.67
4957,0.63,-0.11,0.04,-14.89,-7.0,-0.08,-21.81,-18.93,1.56,240.78,4.93,9996.67
4958,0.04,0.15,-0.56,8.15,-40.82,52.59,-41.15,7.82,-15.22,240.95,10.15,9990.0
4959,-0.67,0.93,-1.19,67.56,-60.15,112.01,-82.38,24.6,-24.6,428.35,18.93,9156.67
4960,-0.22,0.41,-0.52,7.48,-26.0,55.63,-33.41,1.56,2.15,428.18,22.19,9166.67
4961,-0.33,0.82,-0.63,7.48,-0.41,26.0,-51.6,-4.7,3.29,649.03,15.27,7090.0
4962,-0.19,0.34,-0.48,-3.3,-14.89,37.45,-51.6,-4.7,3.29,461.76,8.3,7926.67
4963,-0.63,0.86,-1.15,56.78,-49.04,93.82,-74.64,14.63,-16.04,462.03,13.52,7920.0
4964,-0.63,0.86,-1.12,41.97,-60.15,93.82,-56.45,20.89,-17.19,241.32,13.52,10013.33
4965,-0.26,0.3,-0.34,7.82,10.7,11.52,-11.52,11.52,-5.26,458.64,20.49,8051.67
4966,0.26,-0.56,0.48,-52.26,37.45,-48.56,11.52,2.15,6.67,458.34,18.75,8051.67
4967,0.04,-0.74,0.67,-52.26,11.52,-44.85,-18.11,-1.56,-3.29,458.21,17.19,8048.33
4968,-0.48,0.3,-0.26,-7.33,-44.85,26.0,-63.04,7.82,-15.22,240.88,10.22,10006.67
4969,-1.15,1.04,-0.82,37.93,-97.52,60.15,-86.08,17.19,-27.15,241.18,11.96,10010.0
4970,-0.67,0.59,-0.37,29.71,-37.45,33.41,-33.41,-2.15,-6.67,241.08,3.18,10010.0
4971,-0.26,-0.08,0.3,-41.15,-3.3,-11.52,1.56,-15.22,12.67,460.73,4.78,7968.33
4972,0.6,-0.63,0.52,-56.78,41.97,-67.89,32.0,-23.45,28.3,460.5,1.26,7968.33
4973,0.35,-0.36,-0.05,-26.37,18.93,-11.52,12.67,-0.41,17.78,714.22,18.34,4695.0
4974,0.13,-0.1,-0.54,44.49,-29.71,22.63,-22.3,12.67,-1.56,494.57,16.74,6750.0
4975,-0.02,-0.32,-0.17,40.78,-22.3,22.63,-22.3,12.67,-1.56,494.57,16.74,6746.67
4976,0.22,-0.59,0.41,10.37,0.74,-33.74,-2.96,-10.37,8.96,240.85,-0.33,10020.0
4977,0.15,-0.59,0.45,-4.11,0.74,-48.56,-2.96,-10.37,8.96,240.85,-0.33,10006.67
4978,0.11,-0.56,0.41,-30.04,0.74,-26.33,-10.37,-21.48,12.67,240.82,-2.04,10006.67
4979,0.48,-0.59,0.3,-37.45,-14.07,-26.33,-16.63,-21.48,12.67,477.23,13.48,7375.0
4980,0.48,-0.41,0.45,-11.52,4.11,-15.22,-2.15,-22.63,8.96,477.3,28.93,7381.67
4981,0.48,-0.41,0.45,-11.52,4.11,-15.22,-4.7,-15.22,12.67,477.4,32.41,7375.0
4982,-0.08,-0.07,0.07,15.22,-29.71,0.41,-25.19,0.41,-0.41,241.18,34.15,10003.33
4983,0.3,-0.85,0.52,-67.08,-6.67,-33.74,-4.7,-18.93,18.93,240.92,28.93,10006.67
4984,0.52,-0.63,0.34,-37.45,-2.96,-44.52,-2.15,-26.33,15.22,463.0,30.67,7888.33
4985,0.3,-0.45,0.52,-41.15,-14.41,-18.93,-2.15,-26.33,15.22,641.76,27.15,7385.0
4986,0.26,-0.04,0.3,-29.71,-7.0,-29.71,7.82,-15.22,11.52,641.79,28.86,7385.0
4987,-0.04,0.07,0.33,-59.34,-3.3,-15.22,7.82,-15.22,11.52,619.02,15.0,8218.33
4988,0.82,-0.45,0.67,-74.97,41.97,-56.45,34.56,-30.86,24.6,440.07,1.26,8721.67
4989,1.08,-0.63,0.71,-56.78,38.26,-56.45,27.15,-41.97,28.3,662.22,4.78,6586.67
4990,0.85,-0.37,0.22,14.07,-10.37,-22.3,4.11,-22.63,8.96,463.07,18.63,7888.33
4991,0.07,0.23,-0.52,37.11,-29.71,30.37,-37.11,-5.85,-0.41,463.4,30.67,7898.33
4992,-0.11,-0.03,-0.3,33.41,-33.41,18.93,-39.67,-5.85,-0.41,241.22,25.45,10030.0
4993,-0.33,0.23,-0.48,22.63,-18.93,41.15,-39.67,-5.85,-0.41,241.22,25.45,10023.33
4994,0.19,-0.63,0.34,-37.45,7.82,-18.93,-4.7,-18.93,18.93,240.92,28.93,10023.33
4995,0.11,-0.19,0.08,-51.93,15.22,-7.48,-2.15,-8.96,11.52,433.76,18.7,8975.0
4996,0.89,-0.78,0.82,-74.97,34.56,-60.15,24.6,-24.6,24.6,433.56,1.44,8981.67
4997,0.59,-0.19,0.19,-4.11,-6.67,-22.3,4.11,-12.67,1.56,433.73,-14.08,8961.67
4998,0.67,-0.52,0.52,10.37,15.56,-11.52,1.56,-22.63,8.96,240.88,-3.85,10016.67
4999,0.44,-0.82,0.63,-0.74,22.96,-41.15,1.56,-22.63,8.96,240.88,-3.85,10016.67
5000,0.22,-0.45,0.52,-0.74,37.45,-18.93,-2.15,-22.63,8.96,475.89,8.19,7440.0
5001,-0.19,0.26,-0.04,55.63,-15.22,15.22,-22.63,-3.29,-10.37,476.16,13.41,7433.33
5002,0.04,0.56,-0.15,66.74,-22.63,44.85,-28.89,-7.0,-4.11,476.09,25.45,7416.67
5003,0.63,-0.34,0.7,21.81,33.74,-15.22,-4.7,-16.37,7.82,444.68,25.45,8541.67
5004,1.04,-1.15,1.19,-34.56,56.78,-71.6,18.34,-25.74,19.75,444.38,23.71,8548.33
5005,1.0,-1.19,1.08,-60.15,56.78,-89.78,18.34,-25.74,19.75,444.38,23.71,8551.67
5006,0.48,-0.33,0.22,-40.82,0.41,-59.34,1.56,-8.96,10.37,240.82,22.01,10010.0
5007,0.04,0.23,-0.48,4.11,-22.63,22.96,-25.19,0.41,2.15,485.9,8.3,7080.0
5008,-0.67,1.01,-1.12,63.53,-41.97,82.38,-49.37,30.86,-20.89,486.13,-0.33,7093.33
5009,-0.04,0.26,-0.7,47.89,-22.63,29.71,-22.63,15.22,-7.82,485.86,3.07,7096.67
5010,-0.15,0.6,-0.85,37.11,-26.33,29.71,-15.22,22.63,-8.96,241.12,11.6,10016.67
5011,0.3,0.0,-0.26,-22.3,7.82,-29.71,11.52,-0.41,17.78,240.98,23.71,10020.0
5012,0.11,-0.19,0.08,-51.93,15.22,-7.48,7.82,-7.82,15.22,241.02,9.97,10030.0
5013,0.89,-0.78,0.82,-74.97,34.56,-60.15,27.15,-34.56,32.0,240.72,16.89,10033.33
5014,0.89,-0.78,0.82,-74.97,34.56,-60.15,27.15,-41.97,28.3,240.62,13.41,10013.33
5015,0.86,-0.38,0.6,-63.53,41.97,-70.93,27.15,-41.97,28.3,240.62,13.41,9996.67
5016,0.26,-0.11,0.0,-40.49,8.15,-18.26,0.41,-11.52,5.26,240.85,-0.44,9986.67
5017,0.3,-0.52,0.23,-51.93,0.74,-7.48,7.82,-0.41,1.56,240.88,1.26,9996.67
5018,0.3,-0.52,0.23,-51.93,0.74,-7.48,4.11,-4.11,7.82,240.82,13.3,10010.0
5019,0.86,-0.82,0.71,-100.56,34.56,-78.34,34.56,-30.86,24.6,442.22,27.15,8638.33
5020,0.26,-0.04,0.3,-55.3,11.52,-29.71,7.82,-15.22,11.52,660.87,27.15,6635.0
5021,0.52,-0.22,0.33,-55.3,-3.29,-29.71,7.82,-7.82,15.22,660.97,32.37,6625.0
5022,0.22,-0.11,0.37,-66.74,11.52,-15.22,1.56,-1.56,14.08,459.47,18.52,8003.33
5023,0.75,-0.56,0.63,-112.01,41.97,-60.15,20.89,-18.34,23.45,240.75,20.3,10000.0
5024,0.34,-0.49,0.71,-86.41,56.78,-41.97,18.34,-18.34,23.45,240.75,18.56,9993.33
5025,0.34,-0.49,0.71,-86.41,56.78,-41.97,20.89,-28.3,30.86,440.03,18.56,8698.33
5026,0.34,-0.49,0.71,-86.41,56.78,-41.97,24.6,-34.56,32.0,440.13,3.04,8701.67
5027,0.08,0.15,0.07,-78.19,22.63,-18.93,7.82,-15.22,11.52,440.33,-2.15,8701.67
5028,-0.45,0.59,-0.19,-25.52,-37.45,26.0,-41.15,7.82,-15.22,241.25,9.97,10003.33
5029,-0.71,0.93,-0.67,30.86,-86.08,60.15,-64.19,27.15,-35.71,478.88,9.97,7336.67
5030,-0.45,0.04,-0.0,22.63,-29.71,29.71,-22.96,0.41,-26.33,732.36,10.0,4135.0
5031,-0.03,-0.45,0.3,7.0,30.37,-11.52,26.0,-15.22,4.11,732.12,10.0,4125.0
5032,-0.18,-0.15,0.11,3.29,44.85,-0.74,18.6,-7.82,7.82,722.51,18.78,4458.33
5033,-0.03,0.22,-0.04,-22.3,22.63,-11.52,0.41,-4.11,8.96,468.8,8.41,7663.33
5034,-0.45,0.7,-0.34,-6.67,-37.45,29.71,-26.33,18.93,-17.78,468.93,-3.7,7676.67
5035,-0.48,0.59,-0.34,0.74,-37.45,41.15,-37.11,8.96,-10.37,241.05,-10.67,10016.67
5036,-0.97,1.04,-0.93,49.37,-71.6,112.01,-67.56,35.71,-27.15,241.22,-7.26,10020.0
5037,-0.44,0.6,-0.67,-3.3,-11.52,67.08,-37.11,8.96,-10.37,421.05,-7.26,9465.0
5038,0.26,-0.07,-0.18,-33.74,7.82,-15.22,-2.15,-4.11,8.96,420.95,6.44,9465.0
5039,0.6,-0.89,0.56,-56.78,64.19,-75.3,46.49,-34.56,24.6,674.49,13.41,6256.67
5040,0.49,-0.93,0.6,-19.75,64.19,-71.6,40.23,-30.86,34.56,494.53,25.52,6791.67
5041,-0.07,-0.34,0.48,32.92,48.56,-15.22,16.04,-7.82,7.82,494.66,13.41,6788.33
5042,0.37,-0.11,0.48,32.92,11.52,-7.82,-5.85,-7.82,15.22,240.88,20.3,10003.33
5043,0.64,-0.35,0.38,-7.82,7.82,-22.6,-7.0,-7.82,15.22,495.97,16.93,6710.0
5044,0.53,-0.13,0.01,-19.26,4.11,-8.11,-29.22,-15.22,11.52,495.9,22.3,6706.67
5045,0.53,-0.17,-0.21,-26.67,15.22,-26.3,-25.52,-7.82,15.22,739.72,22.3,3825.0
5046,0.63,-0.04,-0.33,6.67,4.11,-41.15,-21.81,-5.26,4.11,484.5,25.67,7135.0
5047,0.78,-0.52,-0.18,-4.11,-10.37,-29.71,4.11,-8.96,11.52,484.6,34.15,7141.67
5048,-0.0,0.12,-0.7,26.33,-40.82,41.15,-48.56,6.67,-18.93,454.85,28.93,8183.33
5049,-0.15,-0.11,-0.26,22.63,-3.78,41.15,-41.15,7.82,-15.22,672.4,22.19,6215.0
5050,-0.48,0.11,-0.15,7.82,-15.22,15.22,-41.15,7.82,-15.22,883.91,22.19,4458.33
5051,-0.15,-0.45,0.56,-15.22,18.93,-37.45,7.82,-7.82,15.22,856.24,10.15,5500.0
5052,0.08,-0.15,0.37,-4.11,-18.11,-7.82,7.82,-7.82,15.22,638.75,15.11,7468.33
5053,0.15,-0.11,0.52,3.29,-18.11,6.67,-6.67,-6.67,18.93,625.29,11.6,7968.33
5054,-0.04,0.37,0.18,48.56,-48.56,33.41,-55.63,8.96,-11.52,439.06,20.38,8753.33
5055,-0.3,0.11,0.26,11.52,-41.15,26.0,-65.6,-2.15,-7.82,649.66,16.97,7035.0
5056,-0.3,0.11,0.26,11.52,-41.15,26.0,-47.41,4.11,-8.96,451.65,13.56,8285.0
5057,-0.41,0.33,-0.11,0.08,-44.85,40.49,-47.41,4.11,-8.96,451.65,13.56,8298.33
5058,-0.75,0.86,-0.78,60.15,-86.08,100.56,-67.89,23.45,-28.3,241.28,20.49,10020.0
5059,-0.52,0.67,-0.97,63.86,-74.64,74.97,-67.89,23.45,-28.3,241.28,20.49,10033.33
5060,-0.52,0.67,-0.97,63.86,-74.64,74.97,-67.89,23.45,-28.3,241.28,20.49,10026.67
5061,-0.19,0.26,-0.26,29.71,-33.41,14.89,-44.85,11.52,-5.26,472.68,13.56,7555.0
5062,0.41,-0.11,0.15,-15.22,0.41,-18.93,-28.07,-5.26,4.11,654.54,20.49,6916.67
5063,0.86,-0.71,0.75,-74.64,34.56,-78.34,20.89,-28.3,30.86,654.38,23.75,6910.0
5064,0.56,-0.22,0.08,-29.71,-6.67,-40.49,1.56,-8.96,10.37,423.01,23.75,9371.67
5065,0.15,-0.15,0.15,-4.11,8.15,-22.3,1.56,-11.52,21.48,240.95,22.01,9990.0
5066,0.37,-0.37,0.04,14.07,-6.67,-33.74,1.56,-1.56,14.08,240.92,23.71,9990.0
5067,0.9,-0.74,0.49,-45.34,27.15,-82.38,24.6,-24.6,24.6,240.68,13.37,9980.0
5068,0.63,-0.11,-0.15,-37.11,-7.0,-59.34,-21.81,-8.96,-5.85,421.7,8.19,9403.33
5069,0.6,0.04,0.07,-66.74,7.82,-29.71,-14.41,-15.22,-5.85,670.5,-5.55,6368.33
5070,0.63,0.07,0.18,-41.15,7.82,-11.52,-18.11,-11.52,4.11,670.53,9.97,6371.67
5071,1.34,-0.6,0.85,-49.38,27.15,-34.56,34.56,-30.86,24.6,489.48,-0.37,6951.67
5072,1.23,-0.97,1.0,-23.45,19.75,-64.19,27.15,-34.56,32.0,418.7,8.41,9535.0
5073,0.48,-0.26,0.26,-7.82,0.41,-22.96,0.41,-11.52,5.26,646.68,1.67,7205.0
5074,-0.45,0.22,-0.22,0.41,-44.85,3.78,-52.26,7.82,-15.22,646.78,10.45,7221.67
5075,-0.78,0.86,-0.89,45.34,-86.08,63.86,-75.3,27.15,-34.56,469.07,18.93,7680.0
5076,-0.78,0.89,-0.89,63.53,-86.08,63.86,-67.89,23.45,-28.3,241.28,20.49,10020.0
5077,-0.6,1.15,-1.15,89.12,-60.15,78.34,-41.97,19.75,-20.89,241.38,28.97,10020.0
5078,-0.26,0.63,-0.45,18.26,-18.93,18.26,2.96,10.37,-8.96,480.03,20.49,7311.67
5079,0.19,0.03,0.15,-41.15,15.22,-41.15,29.71,-5.26,4.11,479.76,23.89,7308.33
5080,0.3,-0.19,0.52,-29.71,18.93,-55.63,26.0,5.85,0.41,479.73,10.04,7298.33
5081,-0.34,0.52,0.03,22.96,-33.74,15.22,-33.41,16.37,-7.82,439.13,15.0,8756.67
5082,-0.75,1.04,-0.49,56.78,-67.89,56.45,-78.34,25.74,-19.75,439.3,3.07,8750.0
5083,-0.89,1.12,-0.86,34.56,-71.6,82.38,-78.34,25.74,-19.75,439.3,3.07,8746.67
5084,-0.67,0.93,-1.04,38.26,-60.15,56.78,-60.15,32.0,-20.89,241.28,-0.33,10010.0
5085,-0.04,0.19,-0.63,22.63,-40.82,4.11,-25.19,21.48,-12.67,241.05,13.37,10013.33
5086,-0.04,0.19,-0.63,22.63,-40.82,4.11,-35.97,11.52,-5.26,241.22,22.01,10026.67
5087,-0.11,0.52,-0.78,11.52,-26.33,11.52,-39.67,4.11,-7.82,441.44,22.01,8680.0
5088,-0.67,1.12,-0.9,64.19,-41.97,67.89,-63.86,24.6,-23.45,441.71,9.89,8683.33
5089,-0.82,1.0,-0.64,49.38,-67.89,41.97,-63.86,24.6,-23.45,441.51,-0.33,8670.0
5090,-0.82,1.0,-0.64,49.38,-67.89,41.97,-67.56,35.71,-27.15,241.22,-7.26,10016.67
5091,-0.56,0.41,-0.08,-21.48,-52.26,-14.41,-40.82,16.37,-0.41,492.25,3.0,6888.33
5092,-0.37,0.67,-0.34,4.11,-26.33,0.08,-30.04,26.33,-7.82,492.28,4.59,6885.0
5093,-0.11,0.04,0.3,-4.11,7.82,-22.96,0.41,-0.41,8.96,492.11,1.19,6865.0
5094,-0.03,0.26,-0.04,-4.11,22.63,-11.52,-2.15,-1.56,-2.15,240.82,3.04,9996.67
5095,0.38,-0.41,0.63,-74.97,56.78,-56.45,32.0,-20.89,17.19,240.62,13.37,9993.33
5096,-0.04,0.07,0.33,-59.34,-3.3,-15.22,8.96,2.15,6.67,240.85,23.71,10000.0
5097,-0.52,0.52,-0.26,-10.7,-37.45,55.63,-37.45,15.22,-12.67,454.95,20.23,8160.0
5098,-0.63,0.48,-0.23,26.33,-37.45,59.34,-47.41,4.11,-8.96,622.68,22.01,8125.0
5099,-0.07,0.11,-0.04,-14.89,22.63,-0.08,-28.07,-22.63,7.82,622.38,23.71,8118.33
5100,0.0,0.11,-0.07,-14.89,33.74,-29.71,-28.07,-18.93,17.78,650.9,22.01,7118.33
5101,0.22,-0.11,0.15,-26.0,55.96,-37.11,-18.11,-7.82,14.08,483.17,20.23,7173.33
5102,-0.11,0.08,-0.22,18.93,7.33,-3.29,-67.08,15.22,-12.67,483.33,16.97,7173.33
5103,0.59,-0.52,0.56,-4.11,15.56,-26.33,-14.41,-7.82,-2.15,240.82,6.63,10010.0
5104,0.59,-0.63,0.48,-4.11,-14.07,-48.56,-18.11,-15.22,-4.7,240.85,-7.11,10006.67
5105,0.52,-0.3,0.33,-15.22,0.41,-41.15,-6.67,-17.78,6.41,240.88,-14.08,10010.0
5106,-0.22,0.45,-0.41,18.6,-18.93,0.08,-33.41,-2.15,-6.67,409.59,-5.3,9923.33
5107,-0.74,1.49,-1.27,63.53,-45.67,70.93,-60.15,13.49,-19.75,409.79,11.96,9926.67
5108,-0.37,0.89,-0.67,18.26,-11.52,44.19,-22.63,0.41,-0.41,409.69,25.67,9940.0
5109,0.11,-0.11,0.15,-52.59,15.22,-4.44,7.82,-7.82,15.22,240.95,30.63,10020.0
5110,0.86,-0.86,0.89,-86.41,34.56,-45.67,30.86,-17.19,27.15,240.65,28.89,10013.33
5111,0.26,-0.45,0.48,-41.15,-25.52,-15.22,4.11,5.85,0.41,240.78,16.78,10013.33
5112,0.52,-0.19,0.41,-4.11,-32.92,-7.82,-3.29,4.7,-3.29,240.72,18.56,10023.33
5113,-0.11,0.33,0.03,41.15,-48.56,18.93,-40.82,15.22,-11.52,240.98,15.08,10016.67
5114,0.07,0.59,-0.23,66.74,-22.63,33.41,-51.6,5.26,-4.11,428.21,20.45,9173.33
5115,-0.56,1.11,-0.6,112.01,-38.26,60.15,-78.34,25.74,-19.75,428.48,8.34,9163.33
5116,-0.0,0.52,-0.48,59.34,-22.63,3.78,-37.11,8.96,-10.37,428.31,-3.7,9170.0
5117,-0.11,0.3,-0.08,41.15,-48.56,3.78,-22.63,7.82,-14.08,419.87,1.26,9503.33
5118,0.08,-0.19,0.26,-4.11,-18.11,-22.96,4.11,-22.63,8.96,419.64,9.89,9510.0
5119,-0.15,0.03,0.37,-22.3,-3.3,-11.52,7.82,-15.22,11.52,419.61,23.64,9506.67
5120,0.45,-0.75,0.78,-74.97,49.37,-60.15,38.26,-23.45,27.15,240.62,23.64,10010.0
5121,0.26,-0.26,0.45,-29.71,18.93,-33.41,-10.7,-0.41,0.41,240.78,20.38,10006.67
5122,-0.08,-0.07,0.07,15.22,-29.71,0.41,-44.85,18.93,-18.93,240.98,10.04,10006.67
5123,-0.56,0.93,-0.75,86.08,-56.45,49.04,-75.3,27.15,-34.56,241.22,13.56,10016.67
5124,-0.56,0.75,-0.89,63.86,-74.64,37.93,-45.67,30.86,-24.6,471.52,8.18,7600.0
5125,-0.15,0.11,-0.26,33.41,-33.41,-7.33,-18.93,10.37,-8.96,471.25,20.3,7610.0
5126,0.52,-0.7,0.23,-7.82,-14.07,-78.19,1.56,-1.56,14.08,471.08,18.56,7603.33
5127,0.89,-1.3,0.82,-67.89,27.15,-101.23,24.6,-24.6,24.6,240.68,15.15,10033.33
5128,0.41,-0.33,0.04,-48.56,0.41,-48.56,-24.37,-11.52,5.26,240.88,8.41,10030.0
5129,0.26,-0.56,0.41,-52.26,7.82,-48.56,-18.11,-15.22,-4.7,240.85,1.67,10023.33
5130,-0.08,-0.03,-0.26,7.82,-33.41,11.52,-70.78,4.11,-25.19,240.95,10.45,10010.0
5131,0.07,-0.37,-0.15,33.41,-47.89,18.93,-70.78,4.11,-25.19,240.95,10.45,10003.33
5132,-0.34,0.45,-0.63,89.78,-70.93,75.3,-112.01,20.89,-34.56,241.08,3.48,10006.67
5133,0.07,0.0,0.04,55.63,-0.08,15.22,-59.34,1.56,-14.08,465.45,6.74,7798.33
5134,0.37,-0.6,0.67,-15.22,41.15,-22.63,-12.93,-11.52,5.26,465.25,13.48,7788.33
5135,0.78,-1.41,1.16,-71.6,64.19,-79.0,22.04,-22.04,13.49,465.02,27.19,7791.67
5136,0.63,-1.15,1.01,-97.52,41.97,-75.3,15.78,-18.34,23.45,460.33,18.56,7958.33
5137,0.19,-0.3,0.15,-37.45,26.33,-44.85,-30.63,-1.56,14.08,702.95,13.37,5131.67
5138,-0.33,0.74,-0.71,7.48,-0.41,26.0,-47.41,15.22,4.7,703.28,8.19,5131.67
5139,-0.33,0.78,-0.71,18.93,21.81,26.0,-44.85,18.93,-2.7,724.79,8.19,4381.67
5140,-0.48,0.7,-0.26,11.52,-15.22,44.19,-33.41,12.67,-1.56,680.52,11.6,5965.0
5141,-0.04,0.11,0.33,-47.89,18.93,-15.22,-6.67,-2.97,11.52,854.08,3.07,5666.67
5142,0.04,-0.26,0.48,-59.34,-10.7,-18.93,-6.67,-4.11,7.82,612.69,15.19,8458.33
5143,0.89,-0.78,0.82,-74.97,34.56,-60.15,38.26,-13.49,19.75,414.41,15.19,9708.33
5144,0.56,-0.59,0.45,-30.04,-14.07,-26.33,7.82,-5.26,4.11,240.82,30.63,9996.67
5145,0.04,0.26,-0.37,30.04,-40.82,33.74,-15.22,4.11,-7.82,241.12,32.37,9996.67
5146,-0.19,0.08,-0.19,18.93,-3.78,26.34,-18.93,-3.29,-10.37,241.15,18.63,10003.33
5147,0.19,-0.41,0.19,33.48,14.41,63.37,-18.93,-3.29,-10.37,498.45,13.52,6673.33
5148,0.89,-1.08,0.67,3.04,33.74,-18.93,11.52,-11.52,5.26,498.22,10.0,6686.67
5149,0.41,-0.22,-0.18,22.37,-22.63,11.52,-15.22,4.11,-7.82,498.42,27.26,6686.67
5150,0.34,0.0,-0.11,-48.56,7.82,-44.85,11.52,-11.52,5.26,240.92,15.11,10030.0
5151,0.11,0.22,0.15,-66.74,22.63,-33.41,7.82,-18.93,2.7,453.8,3.18,8225.0
5152,-0.11,0.03,0.33,-66.74,-3.3,-29.71,11.52,-11.52,5.26,453.83,-3.74,8215.0
5153,-0.63,0.48,0.07,-14.07,-63.37,15.22,-41.15,7.82,-15.22,454.1,11.78,8215.0
5154,-1.27,0.82,-0.41,19.75,-123.45,60.15,-64.19,30.86,-25.74,241.48,25.49,10010.0
5155,-0.78,0.37,0.03,11.52,-63.37,33.41,-44.85,11.52,-5.26,427.58,15.15,9221.67
5156,-0.85,0.33,-0.11,4.11,-63.37,18.93,-18.93,7.82,2.15,427.51,16.89,9215.0
5157,-0.48,0.19,-0.19,29.71,-51.93,22.63,-18.93,7.82,2.15,427.51,11.71,9215.0
5158,-0.78,0.89,-0.89,63.53,-86.08,63.86,-56.45,20.89,-17.19,241.32,13.52,10016.67
5159,-0.78,0.89,-0.89,63.53,-86.08,63.86,-60.15,32.0,-20.89,413.88,13.52,9763.33
5160,-0.78,0.89,-0.89,63.53,-86.08,63.86,-89.78,28.3,-30.86,413.75,11.96,9756.67
5161,-0.67,0.67,-0.52,74.97,-82.38,49.37,-101.23,30.86,-41.97,413.72,18.93,9740.0
5162,-0.45,0.86,-0.71,74.97,-56.45,45.67,-97.52,19.75,-38.26,241.15,18.93,9983.33
5163,-0.52,1.04,-0.53,86.41,-38.26,41.97,-67.89,23.45,-28.3,241.28,20.49,9993.33
5164,-0.15,0.26,-0.08,4.11,-15.22,7.82,-18.93,10.37,-8.96,241.08,27.23,10000.0
5165,-0.08,-0.07,0.07,15.22,-29.71,0.41,-44.85,14.08,-16.37,411.61,13.37,9840.0
5166,-0.19,0.15,-0.3,3.78,-33.41,14.89,-74.48,10.37,-26.33,411.48,11.82,9833.33
5167,-0.26,0.48,-0.45,3.78,-26.0,18.6,-74.48,10.37,-26.33,411.48,11.82,9830.0
5168,0.34,0.11,-0.04,-41.15,7.82,-15.22,-21.81,-8.96,-5.85,240.75,8.41,9996.67
5169,0.97,-0.71,0.45,-100.56,27.15,-86.08,34.56,-20.89,17.19,469.86,13.37,7621.67
5170,1.04,-1.04,0.6,-100.56,19.75,-89.78,32.0,-20.89,17.19,469.86,13.37,7618.33
5171,0.86,-1.19,0.86,-112.01,27.15,-101.23,50.19,-14.63,16.04,708.7,22.15,4910.0
5172,0.37,-0.85,0.52,-63.37,-6.67,-18.93,-6.18,-2.7,-7.0,479.6,17.19,7285.0
5173,-0.3,-0.11,-0.04,-18.11,-59.34,15.22,-41.15,7.82,-15.22,479.83,3.48,7285.0
5174,-0.34,-0.18,-0.11,-18.11,-59.34,37.45,-63.04,5.26,-4.11,241.02,10.22,10000.0
5175,-0.37,-0.11,-0.04,-21.81,-59.34,0.41,-63.04,5.26,-4.11,411.65,4.85,9833.33
5176,0.3,-0.85,0.52,-67.08,-6.67,-33.74,-28.07,-15.22,11.52,622.08,13.37,8131.67
5177,-0.15,0.08,-0.22,-21.81,-33.41,-3.29,-77.04,0.41,-18.93,622.15,6.63,8128.33
5178,-0.15,0.26,-0.08,4.11,-15.22,7.82,-54.82,7.82,-15.22,451.58,6.63,8298.33
5179,-0.67,1.12,-0.9,64.19,-41.97,67.89,-101.23,30.86,-41.97,455.01,8.34,8173.33
5180,-0.89,0.93,-0.71,64.19,-67.89,71.6,-101.23,30.86,-41.97,455.01,8.34,8183.33
5181,-1.12,0.93,-0.67,34.56,-97.52,86.08,-97.52,19.75,-38.26,455.05,22.19,8180.0
5182,-0.56,0.04,0.26,0.41,-41.15,3.78,-41.15,7.82,-15.22,458.51,18.93,8055.0
5183,-0.19,-0.11,0.18,26.0,-29.71,7.48,-15.22,4.11,-7.82,458.61,27.41,8041.67
5184,0.59,-0.7,0.26,2.96,15.56,-63.37,7.82,-15.22,11.52,458.34,22.19,8051.67
5185,0.07,0.34,-0.67,47.89,-40.82,7.48,-22.63,-7.0,-4.11,241.08,30.67,10023.33
5186,0.6,-0.04,-0.22,-11.52,-7.0,-41.15,7.82,-15.22,11.52,240.85,27.15,10030.0
5187,0.41,-0.22,0.11,-41.15,0.41,-18.93,11.52,-11.52,5.26,431.53,25.45,9061.67
5188,0.71,-0.93,0.82,-74.97,34.56,-60.15,38.26,-27.15,18.34,431.33,8.19,9041.67
5189,0.04,-0.22,0.26,-41.15,15.22,-18.93,4.11,-7.82,-1.0,431.53,-2.15,9041.67
5190,0.08,-0.15,0.37,-15.22,44.85,-18.93,4.11,-7.82,-1.0,240.92,-12.48,10006.67
5191,-0.45,0.26,-0.04,-7.0,14.41,7.82,-48.56,11.52,-21.48,466.56,3.04,7763.33
5192,0.07,-0.6,0.82,-26.33,70.78,-22.63,-24.37,-8.96,-5.85,670.19,11.67,6298.33
5193,-0.48,-0.04,0.11,30.04,-0.08,7.82,-77.04,14.08,-26.33,925.16,28.93,3041.67
5194,0.3,-0.71,0.37,10.7,52.59,-26.33,-30.63,-8.96,0.41,945.73,25.45,2333.33
5195,0.45,-0.56,0.08,-3.78,15.56,-37.11,-30.63,-18.93,7.82,741.87,25.45,3788.33
5196,0.67,-0.59,0.04,-15.22,15.56,-29.71,-19.19,-25.19,18.93,487.03,10.0,7045.0
5197,0.85,-0.37,0.22,-4.11,-21.48,-22.3,-9.22,-14.08,15.22,435.77,13.48,8878.33
5198,0.85,-0.37,0.22,-4.11,-21.48,-22.3,-2.96,-10.37,8.96,435.84,1.44,8875.0
5199,1.12,-0.56,0.63,-63.53,27.15,-70.93,34.56,-20.89,17.19,435.61,15.15,8861.67
5200,1.04,-0.63,0.38,-70.93,27.15,-100.56,30.86,-28.3,14.63,240.65,-0.37,9993.33
5201,0.15,-0.11,0.0,-37.11,-18.11,-55.63,7.82,-5.26,4.11,240.88,9.97,10013.33
5202,-0.11,0.08,-0.41,22.3,-66.74,-7.0,-41.15,7.82,-15.22,241.08,3.23,10033.33
5203,-0.48,0.19,-0.19,29.71,-51.93,22.63,-37.45,15.22,-12.67,241.05,16.97,10040.0
5204,-0.41,0.22,-0.04,29.71,-22.3,37.11,-37.45,15.22,-12.67,459.43,20.38,8026.67
5205,-0.07,-0.3,0.7,-15.22,48.56,-0.74,8.96,-0.41,17.78,459.37,27.12,8013.33
5206,0.15,-0.63,0.85,-26.33,41.15,-30.37,1.56,-11.52,21.48,637.32,22.15,7541.67
5207,0.76,-1.21,1.32,-45.67,71.6,-79.0,32.0,-27.15,34.56,671.02,10.08,6308.33
5208,0.76,-1.32,1.32,-45.67,71.6,-101.23,41.97,-23.45,27.15,888.45,3.34,4350.0
5209,0.98,-1.02,1.21,-34.56,64.19,-71.6,41.97,-16.04,30.86,710.56,10.08,4805.0
5210,0.67,-0.63,0.52,10.37,15.56,-33.74,-6.67,-6.67,18.93,458.37,10.22,8051.67
5211,0.03,0.19,-0.0,37.11,-66.74,37.11,-63.04,5.26,-4.11,241.02,10.22,10006.67
5212,-0.19,0.0,0.18,26.0,-29.71,29.71,-55.63,8.96,-11.52,240.95,8.45,10016.67
5213,-0.34,0.33,0.07,0.41,-15.22,22.3,-55.63,8.96,-11.52,240.95,8.45,10000.0
5214,-0.41,0.3,-0.08,-7.0,-15.22,7.82,-29.71,5.26,-4.11,241.05,16.93,10006.67
5215,-0.97,1.08,-1.01,27.15,-71.6,67.89,-56.45,20.89,-17.19,415.9,15.22,9666.67
5216,-0.26,0.41,-0.56,11.52,-52.26,44.85,-18.93,10.37,-8.96,630.91,28.93,7795.0
5217,0.07,0.19,-0.67,26.33,-40.82,70.78,-15.22,17.78,-6.41,630.95,22.01,7791.67
5218,0.41,-0.37,0.04,3.29,-6.67,18.11,4.11,-1.56,14.08,456.16,25.49,8125.0
5219,-0.52,0.11,-0.22,18.93,-51.93,44.85,-33.41,8.96,5.85,241.15,11.78,9993.33
5220,-0.85,0.33,-0.11,4.11,-63.37,18.93,-63.04,5.26,-4.11,241.02,10.22,10006.67
5221,-0.6,0.11,0.11,-7.0,-41.15,11.52,-65.6,7.82,-15.22,444.78,6.74,8548.33
5222,-0.6,0.11,0.11,-7.0,-41.15,11.52,-77.04,10.37,-26.33,444.75,13.71,8568.33
5223,-0.34,-0.11,-0.0,18.6,-11.52,37.45,-54.82,6.67,-15.22,689.63,6.74,5638.33
5224,-0.37,-0.11,-0.0,18.6,-11.52,37.45,-54.82,-3.29,-7.82,485.76,6.74,7100.0
5225,-0.04,-0.33,-0.11,33.41,-0.08,63.37,-43.37,-5.85,3.29,485.8,-0.22,7096.67
5226,-0.15,0.0,-0.26,22.63,-3.78,63.37,-65.6,-2.15,-7.82,240.92,6.74,10010.0
5227,-0.71,0.79,-1.19,56.78,-60.15,123.45,-82.38,24.6,-24.6,241.22,5.04,10010.0
5228,-0.85,1.27,-1.34,67.56,-45.67,112.01,-67.89,23.45,-28.3,241.28,20.49,9996.67
5229,-0.71,1.01,-1.12,63.86,-60.15,74.97,-67.89,23.45,-28.3,241.28,20.49,9993.33
5230,-0.56,0.75,-0.89,60.15,-74.64,37.93,-86.08,17.19,-27.15,241.18,11.96,9990.0
5231,-0.45,0.34,-0.67,49.37,-89.12,12.34,-82.38,24.6,-24.6,471.38,-1.89,7576.67
5232,-0.08,-0.26,-0.07,-7.0,-47.89,-10.7,-26.0,12.67,-1.56,471.25,3.07,7580.0
5233,0.33,-0.78,0.63,-37.45,22.96,-33.74,11.52,-0.41,17.78,471.15,16.78,7590.0
5234,0.97,-1.12,1.15,-60.49,56.78,-49.37,28.3,-19.75,38.26,240.78,28.89,10020.0
5235,1.0,-1.04,1.26,-34.56,86.41,-49.37,28.3,-19.75,38.26,240.78,28.89,10030.0
5236,1.23,-0.86,1.08,-23.45,49.38,-41.97,25.74,-19.75,38.26,240.78,28.89,10033.33
5237,0.59,-0.34,0.7,21.81,33.74,-15.22,1.56,3.29,11.52,240.92,16.78,10023.33
5238,0.74,-0.22,0.26,25.52,-3.29,-37.45,1.56,3.29,11.52,240.92,16.78,10013.33
5239,-0.0,0.52,-0.48,59.34,-22.63,3.78,-33.41,16.37,-7.82,428.28,10.04,9166.67
5240,0.04,0.26,-0.7,37.11,-40.82,29.71,-26.0,12.67,-1.56,428.35,16.97,9163.33
5241,-0.08,0.15,-0.37,33.41,-3.78,51.93,-29.71,5.26,-4.11,652.85,15.27,6958.33
5242,0.67,-0.59,0.37,-0.41,15.56,10.7,11.52,-11.52,5.26,465.45,6.49,7801.67
5243,0.41,-0.34,0.63,-7.82,4.11,-0.74,7.82,-18.93,2.7,644.17,9.89,7301.67
5244,0.26,-0.08,0.48,-33.74,-18.11,2.96,1.56,-12.67,1.56,419.77,1.26,9513.33
5245,-0.07,-0.0,0.41,-70.78,-3.3,-0.74,5.26,-5.26,4.11,419.74,15.0,9503.33
5246,0.6,-0.71,0.82,-97.52,79.0,-49.37,32.0,-20.89,17.19,465.25,13.3,7795.0
5247,0.71,-0.97,1.08,-71.6,101.23,-53.08,32.0,-30.86,24.6,465.12,21.93,7795.0
5248,0.71,-0.97,1.08,-71.6,101.23,-53.08,28.3,-38.26,22.04,465.15,8.19,7805.0
5249,0.26,-0.45,0.48,-41.15,30.37,-30.04,-12.93,-21.48,12.67,450.11,-0.44,8346.67
5250,0.41,-0.33,0.04,-37.45,-6.67,-52.26,-12.93,-11.52,5.26,450.08,3.04,8343.33
5251,0.04,0.26,-0.56,7.82,-40.82,-25.52,-43.37,15.22,-11.52,450.25,6.44,8340.0
5252,0.34,0.0,-0.11,-48.56,7.82,-44.85,1.56,5.85,0.41,240.78,16.78,10006.67
5253,0.15,-0.19,0.22,-78.19,15.22,-22.63,4.11,5.85,0.41,240.78,16.78,10006.67
5254,0.26,-0.59,0.3,-63.37,0.74,7.0,4.11,5.85,0.41,423.77,15.19,9333.33
5255,-0.11,0.0,-0.3,-18.11,-33.41,33.74,-26.33,14.08,-15.22,424.0,18.7,9340.0
5256,-0.56,0.93,-1.04,27.15,-60.15,64.19,-53.08,34.56,-30.86,424.47,16.93,9336.67
5257,-0.74,1.27,-1.19,27.15,-45.67,64.19,-53.08,34.56,-30.86,241.48,18.52,9996.67
5258,-0.67,1.12,-0.9,64.19,-41.97,67.89,-79.0,38.26,-38.26,241.38,10.04,9990.0
5259,0.04,0.45,-0.23,55.96,-22.63,44.85,-44.85,18.93,-18.93,240.98,10.04,10003.33
5260,0.52,-0.0,0.37,7.33,11.52,-26.0,-18.11,-11.52,4.11,240.75,18.67,10020.0
5261,0.3,-0.0,0.41,-22.3,-18.11,-11.52,7.82,-15.22,11.52,419.61,23.64,9520.0
5262,0.07,-0.3,0.52,-33.41,-10.7,-41.15,4.11,-22.63,8.96,419.64,9.89,9513.33
5263,0.11,-0.6,0.78,-18.93,-18.11,-30.37,4.11,-15.22,12.67,651.3,8.19,7045.0
5264,0.74,-1.41,1.23,-45.67,34.56,-101.23,24.6,-27.15,35.71,669.49,3.23,6336.67
5265,0.04,-0.63,0.63,-26.33,-18.11,-44.85,-5.85,-0.41,18.93,842.26,20.49,6083.33
5266,-0.0,-0.34,0.37,-40.82,-10.7,-55.63,1.56,3.29,11.52,610.63,23.89,8545.0
5267,-0.04,-0.3,0.34,-66.74,-10.7,-33.41,7.82,-0.41,1.56,413.48,15.11,9750.0
5268,0.6,-0.64,0.67,-100.56,49.37,-78.34,32.0,-23.45,28.3,240.75,13.37,10006.67
5269,0.6,-0.64,0.67,-100.56,49.37,-78.34,24.6,-24.6,24.6,240.68,15.15,9996.67
5270,-0.0,0.14,0.26,-47.89,-3.3,-29.71,-16.63,-7.82,15.22,240.82,16.96,10013.33
5271,0.04,-0.26,0.48,-59.34,-10.7,-18.93,-10.37,-11.52,5.26,240.78,1.44,10020.0
5272,-0.41,0.33,-0.11,0.08,-44.85,40.49,-59.34,1.56,-14.08,240.98,-5.3,10033.33
5273,-0.3,0.56,-0.52,18.26,-18.93,40.49,-41.15,7.82,-15.22,241.08,3.23,10033.33
5274,-0.04,0.82,-0.6,55.3,-26.33,47.89,-44.85,14.08,-16.37,240.98,18.75,10026.67
5275,0.41,0.22,-0.0,-4.11,7.82,-11.52,1.56,1.0,2.97,240.78,25.49,10026.67
5276,0.89,-0.78,0.82,-74.97,34.56,-60.15,18.34,-25.74,19.75,451.12,25.49,8305.0
5277,0.6,-0.64,0.67,-100.56,49.37,-78.34,18.34,-35.71,27.15,451.15,22.01,8291.67
5278,0.45,-0.75,0.78,-74.97,49.37,-60.15,24.6,-41.97,28.3,451.25,6.49,8298.33
5279,0.11,-0.08,0.15,-18.6,8.15,-22.3,7.82,-18.93,1.56,478.31,-3.85,7340.0
5280,-0.37,0.37,-0.45,30.04,-26.0,48.56,-15.22,0.41,-17.78,478.58,1.37,7350.0
5281,-0.63,1.01,-1.08,38.26,-60.15,71.6,-41.97,16.04,-30.86,679.04,11.71,6003.33
5282,-0.82,1.19,-1.27,41.97,-45.67,93.82,-71.6,16.04,-30.86,655.4,23.75,6836.67
5283,-0.22,0.41,-0.34,7.82,10.7,33.74,-41.15,7.82,-15.22,839.41,18.53,6125.0
5284,0.19,-0.11,0.19,-26.0,44.85,-7.48,-10.7,-0.41,0.41,812.74,10.0,7166.67
5285,0.71,-0.97,1.01,-86.08,71.6,-67.56,41.97,-19.75,20.89,598.75,-2.04,9013.33
5286,0.45,-0.75,0.78,-74.97,49.37,-60.15,34.56,-23.45,28.3,600.87,-14.08,8930.0
5287,0.15,-0.63,0.34,-26.34,0.74,10.7,-21.81,-11.52,5.26,629.76,-14.08,7805.0
5288,0.19,-0.56,0.45,-0.41,30.37,10.7,-28.07,-15.22,11.52,629.69,-2.04,7795.0
5289,-0.08,0.08,-0.19,7.82,-3.78,33.74,-77.04,0.41,-18.93,624.41,8.3,8003.33
5290,-0.11,0.15,-0.11,4.11,-3.78,-3.29,-47.41,4.11,-8.96,421.96,16.82,9416.67
5291,-0.67,0.93,-1.04,38.26,-60.15,56.78,-82.38,24.6,-24.6,422.16,6.6,9406.67
5292,-0.41,0.04,-0.37,30.04,-3.78,26.34,-11.52,1.56,-5.26,494.83,6.63,6781.67
5293,-0.7,0.19,-0.34,18.93,-15.22,37.45,-29.71,-4.7,-4.11,494.73,-1.89,6778.33
5294,0.08,-0.41,0.41,-4.11,4.11,-15.22,11.52,-21.48,5.26,494.59,-3.7,6795.0
5295,0.48,-0.22,0.3,-29.71,-32.92,-26.0,-2.96,-10.37,8.96,240.85,-0.33,9996.67
5296,1.38,-0.74,0.67,-63.53,12.34,-70.93,32.0,-20.89,17.19,240.62,13.37,10000.0
5297,1.3,-0.82,0.41,-70.93,12.34,-100.56,28.3,-17.19,27.15,240.65,28.89,9983.33
5298,0.78,-0.44,-0.03,-11.52,-21.48,-51.93,-16.63,-7.82,15.22,240.82,16.96,9996.67
5299,-0.04,0.11,-0.26,29.71,-66.74,7.48,-33.41,8.96,5.85,241.15,11.78,10010.0
5300,-0.41,0.22,-0.04,37.11,-51.93,37.11,-35.97,1.56,2.15,241.05,8.3,10013.33
5301,-0.59,0.63,-0.23,37.11,-37.45,47.89,-21.48,0.41,-1.56,241.12,23.75,10020.0
5302,0.04,-0.08,0.3,10.37,44.85,-0.74,1.56,-22.63,8.96,240.88,13.41,10016.67
5303,0.26,-0.41,0.45,-0.74,37.45,-30.37,1.56,-12.67,1.56,240.85,16.89,10016.67
5304,0.37,-0.63,0.82,10.7,41.15,-44.85,-2.15,-1.56,-2.15,240.82,3.04,10006.67
5305,0.33,-0.71,0.71,-15.22,11.52,-44.85,-5.85,4.7,-3.29,412.56,13.37,9791.67
5306,0.11,-0.37,0.56,-4.11,18.93,-15.22,0.41,-1.56,-2.15,412.66,-2.15,9788.33
5307,0.75,-0.89,0.93,-49.38,34.56,-41.97,24.6,-22.04,13.49,412.4,9.97,9798.33
5308,0.3,0.04,0.18,-4.11,7.82,-11.52,-2.15,-1.56,-2.15,240.82,3.04,10020.0
5309,0.74,0.0,0.22,-4.11,-7.0,-11.52,-8.41,-5.26,4.11,240.75,15.08,10020.0
5310,-0.11,0.52,-0.12,11.52,-52.26,29.71,-28.89,4.11,-7.82,241.05,16.82,10000.0
5311,0.33,-0.41,0.63,-33.74,-25.52,-0.74,-4.7,-26.33,15.22,240.82,25.45,9996.67
5312,0.15,-0.6,0.71,-44.85,11.52,-8.15,1.56,-22.63,8.96,465.35,25.45,7795.0
5313,0.15,-0.6,0.71,-44.85,11.52,-8.15,1.56,-22.63,8.96,465.35,25.45,7795.0
5314,0.41,-0.34,0.41,-15.22,4.11,-0.74,4.11,-12.67,1.56,680.56,28.93,5910.0
5315,-0.15,0.48,-0.15,11.52,-52.26,47.89,-18.93,6.67,-8.96,706.04,25.67,5035.0
5316,-0.15,0.48,-0.15,11.52,-52.26,47.89,-18.93,6.67,-8.96,706.04,25.67,5041.67
5317,-0.45,0.63,-0.08,-6.67,-37.45,29.71,-15.22,0.41,-7.82,490.9,10.15,6920.0
5318,-0.45,0.74,-0.34,11.52,-37.45,29.71,-22.63,7.82,-14.08,241.12,4.78,10006.67
5319,-0.52,0.7,-0.48,4.11,-37.45,15.22,-26.33,18.93,-17.78,241.08,-9.08,10016.67
5320,-0.82,0.82,-0.93,52.75,-86.08,86.08,-56.78,45.67,-34.56,424.23,-7.26,9346.67
5321,-0.3,-0.22,-0.07,7.82,-59.34,15.22,-30.04,25.19,-18.93,423.97,4.85,9356.67
5322,-0.0,-0.37,-0.11,18.93,-47.89,4.11,-26.33,14.08,-15.22,424.0,18.7,9343.33
5323,-0.34,-0.15,-0.0,4.11,-59.34,-21.81,-18.93,10.37,-8.96,241.08,32.41,10013.33
5324,-0.3,-0.07,-0.3,4.11,-29.71,0.41,-21.48,0.41,-1.56,487.4,28.93,7041.67
5325,-0.45,0.19,-0.52,7.82,-15.22,37.45,-17.78,7.82,1.0,487.43,22.01,7048.33
5326,-0.26,0.45,-0.78,33.41,10.7,51.93,-47.41,4.11,-8.96,487.3,15.27,7038.33
5327,-0.37,0.82,-0.74,18.93,-11.52,41.15,-47.41,11.52,-5.26,241.12,5.04,9993.33
5328,-0.15,0.56,-0.56,29.71,-26.0,18.93,-54.82,15.22,-11.52,241.05,-1.89,9996.67
5329,0.52,-0.26,-0.07,-11.52,-6.67,-51.93,-8.41,-0.41,18.93,240.98,4.85,10010.0
5330,0.22,-0.14,-0.52,37.11,-55.3,18.93,-54.82,15.22,-11.52,443.63,4.85,8596.67
5331,0.71,-0.55,-0.22,-4.11,-21.48,-41.15,-28.07,-5.26,4.11,443.36,15.19,8583.33
5332,0.52,-0.74,0.12,-33.74,-14.07,-18.93,-25.52,-2.7,-7.0,615.08,10.0,8368.33
5333,1.04,-1.08,0.45,-64.19,19.75,-101.23,23.45,-25.74,19.75,412.33,20.23,9795.0
5334,0.93,-1.19,0.9,-67.89,56.78,-79.0,30.86,-24.6,23.45,596.64,18.53,9093.33
5335,0.59,-0.67,0.23,-7.82,15.56,-18.93,7.82,-15.22,11.52,425.09,25.45,9308.33
5336,-0.11,0.0,-0.26,22.63,-3.78,63.37,-11.52,11.52,-5.26,425.39,23.75,9295.0
5337,-0.52,0.45,-1.04,56.78,-74.64,123.45,-45.67,30.86,-24.6,241.35,15.11,10016.67
5338,-0.49,0.53,-1.0,67.56,-74.64,101.23,-45.67,30.86,-24.6,241.35,-2.15,10003.33
5339,0.03,-0.22,-0.41,78.41,-70.93,101.23,-49.37,23.45,-27.15,498.62,-0.33,6673.33
5340,0.3,-0.41,0.11,18.34,-22.3,44.85,-15.22,4.11,-7.82,498.42,10.0,6653.33
5341,0.78,-0.82,0.41,-22.89,11.52,-15.22,11.52,-11.52,5.26,498.22,10.0,6666.67
5342,0.93,-0.74,0.3,-82.38,27.15,-97.52,41.97,-19.75,20.89,469.92,11.6,7625.0
5343,1.19,-0.85,0.45,-56.45,27.15,-112.01,38.26,-23.45,18.34,726.19,-0.3,4340.0
5344,0.71,-0.44,0.15,-15.22,-6.67,-51.93,-2.96,-6.67,8.96,726.32,1.52,4346.67
5345,-0.04,0.15,0.07,26.0,-51.93,18.93,-33.41,1.56,-6.67,497.32,5.03,6715.0
5346,-0.3,0.26,-0.08,0.08,-51.93,33.41,-37.11,1.56,3.29,241.12,18.7,10016.67
5347,-0.6,0.44,0.14,-18.11,-63.37,44.19,-48.56,4.11,-7.82,241.08,25.67,10000.0
5348,-0.04,0.07,0.48,-33.74,-3.3,-15.22,-21.81,-15.22,11.52,474.88,10.22,7465.0
5349,-0.34,0.52,0.18,48.56,-33.74,15.22,-59.34,-2.15,-7.82,474.98,-3.48,7458.33
5350,-0.26,0.59,-0.23,55.96,-7.82,26.67,-33.41,-5.85,-0.41,475.08,5.0,7471.67
5351,0.04,0.45,-0.45,48.56,-22.63,44.85,-37.11,4.11,-7.82,456.23,18.7,8138.33
5352,0.26,-0.04,-0.11,-33.74,7.82,18.11,-2.15,-6.41,0.41,682.93,16.89,5843.33
5353,0.71,-0.56,0.56,-93.82,41.97,-38.26,20.89,-15.78,12.34,682.63,15.15,5830.0
5354,0.47,-0.62,0.91,-97.52,56.78,-45.67,32.0,-14.63,16.04,719.8,1.3,4471.67
5355,0.43,-0.62,0.91,-60.49,56.78,-45.67,32.0,-24.6,23.45,492.91,13.34,6760.0
5356,0.76,-0.69,0.98,-23.45,41.97,-41.97,39.41,-23.45,27.15,492.97,11.56,6763.33
5357,0.97,-0.67,0.74,-19.75,38.26,-52.75,28.3,-34.56,30.86,462.77,27.15,7871.67
5358,0.56,-0.19,0.44,-4.11,-21.81,-11.52,7.82,-15.22,11.52,641.79,28.86,7375.0
5359,0.3,-0.45,0.52,-41.15,-14.41,-18.93,-2.15,-18.93,18.93,641.86,30.63,7388.33
5360,-0.23,-0.07,0.07,0.08,-59.34,29.71,-25.19,0.41,-0.41,419.94,13.37,9506.67
5361,0.56,-0.67,0.15,-22.96,-14.07,-41.15,1.56,-15.22,12.67,240.98,-0.37,10020.0
5362,0.04,0.19,-0.67,37.11,-40.82,18.93,-18.93,-3.29,-10.37,241.15,1.37,10006.67
5363,-0.04,0.19,-0.63,22.63,-40.82,4.11,-15.22,4.11,-7.82,241.18,11.71,10026.67
5364,-0.74,0.86,-1.12,53.08,-60.15,86.41,-38.26,27.15,-18.34,241.42,22.04,10010.0
5365,-0.41,0.3,-0.41,30.04,-26.0,33.74,-17.78,17.78,-6.41,241.12,20.3,10020.0
5366,-0.03,-0.3,0.19,-26.34,15.22,10.7,5.26,-5.26,4.11,240.88,9.97,10020.0
5367,0.52,-1.19,1.04,-60.49,41.97,-71.6,28.3,-28.3,14.63,240.65,8.41,10023.33
5368,0.97,-1.23,1.08,-60.49,27.15,-71.6,38.26,-27.15,18.34,240.72,6.63,10013.33
5369,1.0,-1.26,1.12,-34.56,27.15,-93.82,32.0,-20.89,17.19,240.62,22.15,9996.67
5370,0.67,-0.63,0.45,10.37,-14.07,-33.74,1.56,5.85,0.41,240.78,16.78,10003.33
5371,-0.26,-0.15,-0.04,18.6,-59.34,-7.0,-28.89,14.08,-15.22,452.52,20.3,8253.33
5372,-0.08,0.11,-0.26,4.11,-66.74,4.44,-26.33,11.52,-4.11,452.66,22.04,8256.67
5373,-0.15,0.11,-0.22,-10.37,-66.74,-10.37,-37.11,1.56,3.29,452.62,20.44,8250.0
5374,0.52,-0.63,0.34,-55.63,-14.07,-44.52,-16.63,-7.82,15.22,240.82,18.7,9993.33
5375,0.37,-0.78,0.63,-41.15,22.96,-33.74,-19.19,-5.26,4.11,444.58,13.48,8535.0
5376,0.67,-1.04,1.08,-97.52,71.6,-53.08,18.34,-18.34,23.45,444.48,27.19,8545.0
5377,0.33,-0.52,0.41,-37.45,30.37,7.0,1.56,-1.56,14.08,444.81,22.01,8545.0
5378,-0.22,0.41,-0.52,7.48,-26.0,55.63,-44.85,11.52,-5.26,241.12,18.75,10010.0
5379,-0.67,0.93,-1.19,67.56,-60.15,112.01,-71.6,34.56,-32.0,241.25,6.63,9993.33
5380,-0.67,0.93,-1.19,67.56,-60.15,112.01,-71.6,34.56,-32.0,241.12,13.56,9993.33
5381,-0.15,-0.11,-0.33,22.63,-33.41,41.15,-25.19,18.93,-1.56,438.16,13.56,8778.33
5382,0.3,-0.63,0.34,-37.45,0.74,-15.22,-1.0,-4.11,25.19,438.03,25.67,8788.33
5383,0.67,-1.08,1.12,-71.6,71.6,-75.3,18.34,-30.86,41.97,437.86,20.45,8791.67
5384,0.63,-1.04,1.08,-97.52,71.6,-53.08,28.3,-27.15,34.56,240.68,25.41,10003.33
5385,0.93,-1.15,1.04,-86.08,56.78,-67.56,30.86,-27.15,34.56,240.68,25.41,10003.33
5386,0.59,-0.63,0.3,-41.15,-14.07,-29.71,-18.11,-4.11,7.82,240.85,22.15,10010.0
5387,-0.0,0.15,-0.11,11.52,-66.74,18.93,-63.04,5.26,-4.11,241.02,10.22,10003.33
5388,-0.6,0.52,-0.52,56.45,-100.56,52.75,-82.38,24.6,-24.6,241.22,5.04,9996.67
5389,-0.3,-0.07,0.11,-14.41,-59.34,14.89,-35.97,8.96,5.85,241.15,11.78,9986.67
5390,-0.0,-0.26,-0.11,3.78,-47.89,4.11,-25.19,18.93,-1.56,457.32,9.97,8073.33
5391,-0.3,-0.11,-0.07,-7.33,-59.34,15.22,-32.59,22.63,-7.82,457.25,3.04,8086.67
5392,-0.64,0.41,-0.74,52.75,-100.56,75.3,-79.0,38.26,-38.26,457.32,-3.7,8093.33
5393,-0.77,0.38,-0.8,49.34,-74.97,101.23,-67.89,34.56,-32.0,494.74,13.37,6743.33
5394,-0.28,-0.06,-0.35,41.11,-14.89,74.48,-33.74,15.22,-12.67,494.54,23.71,6746.67
5395,-0.02,-0.22,0.17,-7.52,55.96,18.11,15.22,3.29,10.37,735.73,18.34,3955.0
5396,0.23,-0.49,0.74,-37.93,79.0,-38.26,30.86,-16.04,30.86,482.04,16.78,7221.67
5397,0.04,-0.0,0.41,7.33,48.56,-11.52,-14.07,-6.67,18.93,482.21,4.85,7218.33
5398,0.04,-0.0,0.41,7.33,48.56,-11.52,-14.07,-6.67,18.93,482.21,4.85,7218.33
5399,-0.37,0.48,0.11,15.56,18.11,29.71,-33.41,12.67,-1.56,700.79,3.07,5218.33
5400,0.22,-0.08,0.37,-55.3,33.74,-15.22,4.11,-7.82,14.08,700.59,13.3,5221.67
5401,0.52,-0.22,0.33,-55.3,-3.29,-29.71,11.52,-7.82,14.08,459.27,20.23,8020.0
5402,1.19,-0.93,0.86,-74.64,49.38,-78.34,38.26,-23.45,27.15,424.86,18.53,9311.67
5403,1.19,-0.93,0.86,-74.64,49.38,-78.34,35.71,-16.04,30.86,424.96,22.01,9308.33
5404,0.45,-0.3,0.22,-26.0,30.04,-7.48,8.96,-0.41,17.78,425.22,22.01,9305.0
5405,-0.0,0.41,-0.34,30.37,-22.63,26.67,-25.19,18.93,-1.56,241.18,13.37,10016.67
5406,-0.6,0.97,-0.6,101.23,-38.26,71.6,-71.6,34.56,-32.0,241.25,6.63,10006.67
5407,-0.75,0.85,-0.34,86.41,-64.19,45.67,-71.6,34.56,-32.0,241.25,11.82,10006.67
5408,-0.89,0.93,-0.71,64.19,-67.89,71.6,-82.38,24.6,-24.6,241.22,10.22,10010.0
5409,-0.89,0.75,-0.86,38.26,-86.08,60.49,-70.93,22.04,-13.49,241.25,3.26,10003.33
5410,-0.26,0.41,-0.52,4.44,-26.0,15.56,-47.89,-1.0,-2.97,241.02,-12.26,9996.67
5411,-0.19,0.48,-0.45,-10.37,-26.0,-14.07,-29.71,5.26,-4.11,241.12,-3.74,10000.0
5412,0.37,0.07,-0.18,-37.11,7.82,-59.34,5.26,-15.22,11.52,240.92,6.49,10010.0
5413,-0.07,0.67,-0.78,22.3,-26.33,0.08,-47.41,4.11,-8.96,241.02,15.27,10013.33
5414,0.34,0.15,-0.26,-11.52,7.82,-41.15,-28.07,-12.67,0.41,433.56,6.74,8961.67
5415,-0.52,0.7,-0.48,41.15,-37.45,15.22,-63.04,7.82,-15.22,666.43,11.96,6458.33
5416,-0.11,0.03,0.19,-29.71,-3.3,-29.71,-16.63,-7.82,15.22,666.36,18.7,6461.67
5417,-0.45,0.22,-0.19,15.22,-51.93,4.11,-39.67,1.56,3.29,663.12,20.3,6586.67
5418,-0.45,0.22,-0.19,-21.81,-51.93,4.11,-21.48,7.82,2.15,430.56,18.56,9090.0
5419,-0.67,0.49,-0.67,49.04,-100.56,38.26,-56.45,20.89,-17.19,430.66,4.85,9100.0
5420,-0.75,0.82,-0.82,37.93,-86.08,45.67,-70.93,22.04,-13.49,241.25,3.26,10013.33
5421,-0.11,0.48,-0.48,4.11,-26.0,0.74,-51.6,-4.7,3.29,240.95,-0.22,10020.0
5422,0.22,-0.04,0.26,-40.82,44.85,-37.11,-14.07,-25.19,18.93,240.75,10.0,10003.33
5423,0.07,-0.19,0.59,-33.41,18.93,-18.93,4.11,-18.93,17.78,240.85,18.53,10006.67
5424,0.11,-0.6,0.82,-44.85,11.52,-8.15,7.82,-15.22,11.52,240.92,6.49,9993.33
5425,-0.23,0.04,-0.04,-25.52,-59.34,26.0,-29.71,5.26,-7.82,488.44,9.97,6996.67
5426,0.07,-0.15,-0.26,-7.33,-47.89,15.22,-59.34,1.56,-17.78,488.31,8.41,7010.0
5427,0.29,0.08,-0.45,4.11,-55.3,4.44,-65.6,7.82,-18.93,670.4,25.67,6388.33
5428,0.78,-0.37,0.08,-11.52,-21.48,-22.3,-30.63,-8.96,-5.85,659.36,25.67,6763.33
5429,0.74,-0.44,0.04,-22.3,-21.48,-0.08,-1.0,-5.26,4.11,659.36,34.15,6743.33
5430,0.18,-0.14,-0.44,26.33,-55.3,70.78,-47.41,7.82,-15.22,477.37,25.67,7368.33
5431,-0.52,0.45,-1.04,56.78,-74.64,123.45,-93.82,27.15,-35.71,454.95,22.19,8160.0
5432,-0.78,0.71,-0.78,49.37,-86.08,112.01,-101.23,30.86,-41.97,455.01,8.34,8180.0
5433,-0.22,0.41,-0.3,0.74,-52.26,41.15,-52.26,15.22,-11.52,454.95,15.08,8183.33
5434,0.52,-0.22,0.33,-47.89,-32.92,-29.71,-3.29,-0.41,18.93,240.98,20.3,10016.67
5435,0.63,0.0,-0.07,-29.71,-7.0,-29.71,-3.29,-0.41,18.93,240.98,20.3,10006.67
5436,-0.04,0.71,-0.63,4.11,-26.33,11.52,-30.04,22.63,-7.82,241.12,8.18,10016.67
5437,-0.56,1.08,-1.08,63.53,-60.15,60.15,-53.08,34.56,-30.86,241.28,-9.08,10010.0
5438,-0.04,0.15,-0.15,18.6,-3.78,11.52,-26.33,4.11,-7.82,241.05,-0.44,10003.33
5439,0.63,-0.56,0.41,-15.22,15.56,-29.71,7.82,-15.22,11.52,240.85,9.89,9983.33
5440,0.26,-0.41,0.48,-40.82,4.11,-33.41,-18.11,-11.52,4.11,432.35,27.15,8990.0
5441,0.45,-0.26,0.19,-55.3,-32.92,-44.19,-18.11,-1.56,-3.29,432.31,30.63,8996.67
5442,0.15,-0.15,0.22,-66.74,-18.11,-29.71,-21.81,-8.96,-5.85,612.35,20.3,8461.67
5443,0.15,-0.15,0.22,-66.74,-18.11,-29.71,4.11,-12.67,1.56,420.85,20.3,9471.67
5444,-0.11,0.03,0.33,-66.74,-3.3,-29.71,7.82,-18.93,2.7,633.8,6.59,7676.67
5445,-0.71,0.44,-0.08,-21.48,-63.37,0.74,-33.41,-2.15,-6.67,453.93,5.0,8211.67
5446,-0.41,0.3,-0.11,-10.37,-51.93,-10.37,-47.89,-1.0,-2.97,453.87,-10.45,8201.67
5447,-0.67,0.49,-0.67,49.04,-100.56,38.26,-89.12,15.78,-12.34,241.15,-10.45,10000.0
5448,-0.04,0.15,-0.33,15.22,-40.49,-6.67,-47.89,-1.0,-2.97,241.02,-12.26,10010.0
5449,-0.37,0.26,-0.26,4.11,-22.3,4.44,-59.34,1.56,-14.08,466.53,1.44,7760.0
5450,-0.52,0.59,-0.37,-21.48,-7.82,-2.96,-41.15,7.82,-15.22,466.63,9.97,7746.67
5451,-1.08,0.97,-0.56,19.75,-67.89,56.45,-71.6,34.56,-32.0,466.8,13.37,7736.67
5452,-0.89,1.12,-0.86,34.56,-71.6,82.38,-49.37,41.97,-28.3,435.02,9.89,8903.33
5453,-0.75,0.78,-0.75,60.15,-86.08,89.78,-53.08,34.56,-30.86,434.98,-0.44,8903.33
5454,-0.82,0.75,-0.89,52.75,-86.08,75.3,-49.37,23.45,-27.15,435.02,13.41,8913.33
5455,-0.9,0.67,-0.49,45.34,-112.01,63.86,-49.37,23.45,-27.15,241.32,4.78,9990.0
5456,-0.34,0.33,0.07,11.52,-78.19,33.41,-22.63,7.82,-14.08,241.12,4.78,10006.67
5457,-0.0,0.11,-0.04,26.33,-66.74,59.34,-18.93,15.22,-11.52,241.02,4.78,9996.67
5458,0.63,-0.7,0.41,-0.41,-14.07,-11.52,5.26,-5.26,4.11,240.75,16.89,10010.0
5459,0.07,-0.37,-0.15,33.41,-47.89,18.93,-17.78,17.78,-6.41,240.98,27.23,10003.33
5460,-0.04,0.04,-0.22,18.6,-33.41,-10.7,-47.41,14.08,-16.37,240.98,18.75,10020.0
5461,-0.41,0.6,-0.93,52.75,-74.64,71.6,-64.19,30.86,-25.74,241.32,13.56,10006.67
5462,-0.45,0.53,-0.97,52.75,-74.64,93.82,-67.89,23.45,-28.3,464.37,5.04,7836.67
5463,0.26,-0.14,-0.3,44.52,-55.3,70.78,-15.22,4.11,-7.82,464.27,-3.74,7830.0
5464,0.15,0.26,-0.37,29.71,-40.82,41.15,-22.63,7.82,-14.08,464.21,-10.67,7850.0
5465,-0.0,0.74,-0.52,29.71,-26.33,29.71,-48.56,11.52,-21.48,241.02,-3.7,10016.67
5466,-0.78,1.34,-1.27,52.75,-45.67,82.38,-101.23,30.86,-41.97,241.12,5.08,10026.67
5467,-0.78,1.34,-1.27,52.75,-45.67,82.38,-97.52,19.75,-38.26,241.15,18.93,10006.67
5468,-0.3,0.34,-0.45,-18.11,-18.93,33.74,-44.85,0.41,-17.78,241.05,10.15,10020.0
5469,-0.45,0.22,-0.19,-32.92,-44.85,7.82,-44.85,0.41,-17.78,432.65,18.63,9006.67
5470,-0.07,-0.37,0.41,-78.19,-10.7,-18.93,-24.37,-8.96,-5.85,432.51,4.78,9016.67
5471,0.15,-0.15,0.22,-48.56,-7.0,-29.71,-28.07,-12.67,0.41,654.63,22.04,6878.33
5472,0.86,-0.93,0.89,-67.89,75.3,-86.08,28.3,-24.6,23.45,680.39,13.56,5920.0
5473,0.56,-0.67,0.45,-7.82,26.67,-66.74,11.52,-7.82,14.08,910.72,13.56,3500.0
5474,-0.19,-0.03,-0.19,22.63,-3.78,4.11,-7.82,18.93,-2.7,688.84,6.63,5621.67
5475,-0.67,0.93,-1.08,56.78,-49.04,56.78,-52.75,28.3,-14.63,692.33,8.19,5496.67
5476,-0.97,1.08,-1.04,41.97,-60.49,67.89,-82.38,24.6,-24.6,462.03,13.56,7926.67
5477,-0.89,1.15,-0.97,27.15,-60.49,38.26,-89.78,28.3,-30.86,461.96,6.63,7936.67
5478,-0.41,0.19,-0.15,-7.0,-44.85,-14.41,-54.82,17.78,-22.63,240.92,11.82,10016.67
5479,-0.04,0.04,-0.22,18.6,-33.41,-10.7,-32.59,25.19,-18.93,240.98,6.44,9996.67
5480,0.59,-0.7,0.19,2.96,-14.07,-63.37,1.56,5.85,0.41,240.78,16.78,9993.33
5481,0.74,-0.48,-0.18,6.67,-21.48,-63.37,1.56,3.29,11.52,240.92,16.78,10003.33
5482,0.67,-0.48,-0.14,-4.11,-21.48,-78.19,8.96,-0.41,17.78,471.15,16.78,7593.33
5483,0.41,-0.33,0.04,-33.74,-6.67,-52.26,5.26,-7.82,15.22,471.18,3.04,7600.0
5484,0.15,-0.19,0.22,-63.37,8.15,-26.33,5.26,-7.82,15.22,690.93,-9.08,5551.67
5485,0.0,0.07,-0.0,-63.37,22.63,10.7,1.56,-15.22,12.67,460.73,4.78,7971.67
5486,0.26,-0.07,-0.18,-33.74,7.82,-15.22,-4.7,-8.96,11.52,460.63,20.3,7961.67
5487,0.41,-0.33,0.08,-7.82,30.04,-18.93,-4.7,-6.41,0.41,444.65,28.93,8545.0
5488,0.93,-1.08,0.93,-41.97,56.78,-79.0,18.34,-18.34,23.45,676.04,22.01,6083.33
5489,0.3,-0.34,0.52,-26.33,37.45,-26.33,-28.07,-5.26,4.11,676.24,15.27,6093.33
5490,-0.11,0.11,-0.26,7.82,-33.41,33.74,-63.04,5.26,-4.11,472.58,5.04,7548.33
5491,-0.78,0.75,-0.86,27.15,-86.08,67.89,-89.78,28.3,-30.86,413.75,11.96,9756.67
5492,-0.37,0.22,-0.19,18.93,-51.93,26.67,-37.11,5.26,-4.11,647.65,5.0,7205.0
5493,-0.0,-0.34,0.52,-15.22,-10.7,-55.63,7.82,-4.11,7.82,647.48,16.93,7208.33
5494,0.15,-0.22,0.26,-0.41,15.22,-29.71,15.22,-7.82,14.08,649.53,11.71,7125.0
5495,-0.11,-0.03,-0.3,33.41,-33.41,18.93,-15.22,22.63,-8.96,415.7,13.3,9660.0
5496,-0.19,0.41,-0.56,18.93,-26.0,30.37,-22.63,11.52,-5.26,415.67,11.6,9670.0
5497,0.26,-0.11,0.11,-41.15,8.15,-26.0,4.11,-4.11,7.82,240.82,13.3,9996.67
5498,0.19,-0.11,0.15,-55.63,8.15,-40.82,-18.11,-11.52,4.11,240.75,18.67,10010.0
5499,-0.26,0.48,-0.45,3.78,-26.0,18.6,-37.45,15.22,-12.67,447.98,15.41,8416.67
5500,-0.49,0.75,-0.93,74.64,-74.64,52.75,-71.6,34.56,-32.0,448.18,5.08,8430.0
5501,-0.45,0.67,-1.0,78.34,-74.64,89.78,-45.67,30.86,-24.6,448.28,13.56,8430.0
5502,-0.64,0.41,-0.74,52.75,-100.56,75.3,-45.67,30.86,-24.6,241.35,15.11,10010.0
5503,-0.64,0.41,-0.74,52.75,-100.56,75.3,-67.89,23.45,-28.3,241.28,20.49,10000.0
5504,-0.37,0.22,-0.22,-7.33,-51.93,18.93,-47.41,4.11,-8.96,241.02,15.27,10006.67
5505,-0.08,0.08,-0.26,3.78,-40.49,7.82,-54.82,7.82,-15.22,240.95,8.34,10020.0
5506,0.45,-0.3,0.19,-55.63,-6.67,-40.82,1.56,-4.11,7.82,240.82,13.3,10030.0
5507,0.22,-0.03,-0.3,15.22,-55.3,-6.67,-44.85,18.93,-18.93,240.98,10.04,10030.0
5508,-0.08,0.11,-0.26,4.11,-66.74,4.44,-67.08,11.52,-22.63,240.92,15.41,10033.33
5509,-0.6,0.49,-0.71,63.53,-100.56,53.08,-93.82,27.15,-35.71,437.0,1.67,8860.0
5510,-0.23,-0.04,-0.07,18.6,-29.71,15.22,-41.15,7.82,-15.22,661.37,4.93,6638.33
5511,0.48,-0.71,0.6,-0.74,52.59,-18.93,5.26,-15.22,11.52,661.2,8.19,6638.33
5512,0.82,-1.23,1.34,-45.67,123.45,-56.78,32.0,-30.86,24.6,465.12,21.93,7818.33
5513,0.71,-0.9,1.12,-60.15,101.23,-67.56,28.3,-24.6,23.45,240.55,25.41,10020.0
5514,0.89,-0.75,0.82,-74.64,64.19,-78.34,34.56,-20.89,17.19,240.62,13.37,10000.0
5515,0.89,-0.75,0.82,-74.64,64.19,-78.34,30.86,-28.3,14.63,240.65,-0.37,9993.33
5516,0.56,-0.56,0.45,-29.71,15.56,-44.52,4.11,-7.82,-1.0,240.92,-12.48,10010.0
5517,-0.34,-0.04,0.07,4.11,-29.71,0.41,-48.56,11.52,-21.48,241.02,-3.7,10023.33
5518,-0.89,0.75,-0.86,38.26,-86.08,60.49,-71.6,34.56,-32.0,241.25,6.63,10020.0
5519,-0.48,0.11,-0.22,7.82,-44.85,15.22,-47.41,14.08,-16.37,240.98,18.75,10016.67
5520,-0.41,0.15,-0.08,15.22,-44.85,29.71,-21.48,10.37,-8.96,419.84,23.71,9510.0
5521,0.15,-0.63,0.85,-18.93,11.52,-30.37,-2.15,-8.96,11.52,419.51,15.19,9523.33
5522,-0.41,0.26,-0.0,15.22,-15.22,51.93,-26.33,11.52,-4.11,613.47,11.71,8433.33
5523,-0.11,0.08,-0.22,33.41,-3.78,41.15,-26.33,11.52,-4.11,434.72,15.22,8933.33
5524,-0.22,0.34,-0.48,7.48,-26.0,44.85,-18.93,15.22,-11.52,434.78,27.15,8910.0
5525,-0.13,0.05,-0.35,14.86,-14.89,48.56,-7.82,11.52,-5.26,494.64,32.19,6726.67
5526,-0.21,0.23,-0.17,26.3,3.29,44.85,-4.11,18.93,-2.7,494.67,25.27,6720.0
5527,-0.62,0.86,-0.84,78.97,-30.86,89.78,-38.26,38.26,-22.04,722.72,20.3,4393.33
5528,-0.78,1.08,-0.56,64.19,-67.89,74.64,-49.37,41.97,-28.3,469.17,6.63,7673.33
5529,-0.22,0.48,-0.45,11.52,-52.26,18.26,-26.33,18.93,-17.78,468.93,-3.7,7686.67
5530,-0.19,0.45,-0.37,4.11,-52.26,0.08,-48.56,11.52,-21.48,241.02,-3.7,10023.33
5531,-0.19,0.45,-0.37,4.11,-52.26,0.08,-41.15,7.82,-15.22,241.08,3.23,10010.0
5532,-0.11,0.52,-0.12,11.52,-52.26,29.71,-47.41,11.52,-5.26,416.93,18.75,9628.33
5533,0.59,-0.15,0.55,3.29,-32.92,6.67,-1.0,-4.11,25.19,592.68,25.49,9250.0
5534,1.12,-0.6,0.82,-49.38,27.15,-38.26,22.04,-27.15,35.71,592.44,15.15,9250.0
5535,0.89,-0.78,1.0,-60.49,64.19,-45.67,28.3,-30.86,25.74,416.6,-0.37,9631.67
5536,0.89,-0.78,1.0,-60.49,64.19,-45.67,30.86,-38.26,22.04,240.68,1.37,10013.33
5537,0.56,-0.59,0.48,10.37,33.74,10.7,0.41,-22.63,12.67,485.66,3.18,7096.67
5538,0.78,-0.41,0.3,21.48,-3.29,18.11,-5.85,-18.93,22.63,661.51,18.7,6715.0
5539,0.48,-0.26,0.15,-4.11,11.52,-0.08,1.56,-7.82,18.93,661.54,15.19,6711.67
5540,0.52,-0.19,0.22,-14.89,-6.67,-37.11,8.96,-0.41,17.78,646.96,16.78,7211.67
5541,-0.11,0.15,-0.3,4.44,-40.49,-21.48,-26.0,12.67,-1.56,471.25,3.07,7580.0
5542,-0.67,0.52,-0.49,45.67,-100.56,37.93,-52.75,28.3,-14.63,471.52,-0.33,7586.67
5543,-0.67,0.71,-0.34,67.89,-82.38,49.04,-56.45,20.89,-17.19,241.32,11.78,10000.0
5544,-0.11,0.3,-0.08,41.15,-48.56,3.78,-21.48,10.37,-8.96,241.08,25.49,10006.67
5545,0.48,-0.37,0.37,14.41,4.11,-44.85,-2.15,-8.96,11.52,472.45,25.49,7538.33
5546,0.52,-0.63,0.15,2.96,-14.07,-18.93,-2.15,-8.96,11.52,695.54,11.78,5375.0
5547,-0.11,0.11,-0.26,18.6,-33.41,33.74,-22.63,0.41,-0.41,695.84,13.52,5368.33
5548,-0.63,0.86,-1.12,52.75,-60.15,93.82,-71.6,16.04,-30.86,464.34,11.96,7840.0
5549,-0.89,1.12,-0.86,34.56,-71.6,82.38,-71.6,16.04,-30.86,241.25,27.41,10000.0
5550,-0.97,1.04,-0.93,49.37,-71.6,112.01,-67.89,23.45,-28.3,241.28,20.49,10003.33
5551,-0.97,1.04,-0.93,49.37,-71.6,112.01,-38.26,27.15,-18.34,416.0,23.75,9656.67
5552,-0.89,1.12,-1.34,56.78,-45.67,123.45,-38.26,27.15,-18.34,416.0,23.75,9663.33
5553,-0.89,1.12,-1.34,56.78,-45.67,123.45,-56.45,20.89,-17.19,415.9,15.22,9660.0
5554,-0.33,0.23,-0.48,22.63,-18.93,41.15,-29.71,5.26,-4.11,241.05,16.93,9993.33
5555,-0.52,0.08,-0.11,44.85,-15.22,15.22,-33.41,16.37,-7.82,445.77,15.19,8493.33
5556,-0.6,0.0,0.29,37.45,-41.15,3.78,-18.93,15.22,-11.52,624.59,27.12,8000.0
5557,-1.01,0.63,-0.34,67.89,-82.38,49.04,-49.37,23.45,-27.15,624.82,30.63,7996.67
5558,-0.37,0.26,-0.04,-14.41,-51.93,18.6,-18.93,-3.29,-10.37,419.91,15.11,9496.67
5559,0.19,-0.11,0.15,-55.63,8.15,-40.82,11.52,-11.52,5.26,240.92,15.11,10006.67
5560,0.82,-0.45,0.67,-74.97,41.97,-56.45,38.26,-27.15,18.34,240.72,-2.15,10020.0
5561,0.3,-0.0,0.41,-22.3,-18.11,-11.52,-2.96,-10.37,8.96,438.96,11.6,8770.0
5562,0.41,-0.34,0.63,-7.82,4.11,-0.74,-6.67,-17.78,6.41,663.46,9.89,6551.67
5563,0.15,-0.6,0.71,-44.85,11.52,-8.15,-12.93,-21.48,12.67,874.03,20.23,4833.33
5564,0.37,-0.78,0.52,-41.15,22.96,-33.74,-24.37,-18.93,1.56,846.51,9.89,5916.67
5565,0.26,-0.45,0.3,-55.63,0.74,-44.52,-30.63,-22.63,7.82,621.98,9.89,8125.0
5566,0.48,-0.22,0.11,-44.19,-6.67,-55.3,-28.07,-12.67,0.41,411.31,15.08,9836.67
5567,0.19,-0.08,0.15,-55.3,-18.11,-44.19,-28.07,-12.67,0.41,432.28,28.93,9003.33
5568,-0.37,0.3,-0.04,-14.07,-78.19,15.22,-44.85,14.08,-16.37,432.58,27.23,9003.33
5569,-1.12,1.04,-0.6,45.34,-97.52,86.08,-71.6,23.45,-28.3,667.89,23.75,6416.67
5570,-0.75,0.89,-0.67,70.93,-86.08,89.78,-60.15,20.89,-17.19,653.07,6.49,7000.0
5571,-0.15,0.11,-0.26,18.26,-33.41,41.15,-37.11,-2.15,-6.67,652.84,-3.85,6996.67
5572,-0.15,0.0,-0.33,7.48,-33.41,41.15,-47.89,-1.0,-2.97,417.76,-14.08,9586.67
5573,-0.37,0.26,-0.52,-3.3,-18.93,63.37,-47.89,-1.0,-2.97,241.02,-12.26,9996.67
5574,-0.18,0.45,-0.85,26.33,-26.33,41.15,-44.19,6.41,-0.41,240.98,1.48,9996.67
5575,-0.18,0.45,-0.85,26.33,-26.33,41.15,-44.19,6.41,-0.41,240.98,1.48,9996.67
5576,-0.26,0.37,-0.45,18.93,-52.26,29.71,-29.71,5.26,-4.11,241.05,16.93,10003.33
5577,-0.41,0.15,-0.08,15.22,-44.85,29.71,-39.67,-5.85,-0.41,241.02,15.22,10013.33
5578,0.07,-0.3,0.52,-33.41,-10.7,-41.15,-4.7,-16.37,7.82,240.78,28.93,10013.33
5579,0.07,-0.3,0.52,-33.41,-10.7,-41.15,-30.63,-12.67,0.41,240.85,27.19,10023.33
5580,-0.04,0.11,0.33,-47.89,18.93,-15.22,-28.07,-1.56,-3.29,482.21,18.56,7225.0
5581,0.04,-0.23,0.67,-33.41,41.15,-4.44,-28.07,-11.52,4.11,482.24,15.08,7231.67
5582,0.63,-1.01,1.08,-86.08,93.82,-53.08,20.89,-24.6,23.45,653.72,9.89,7013.33
5583,0.33,-0.78,0.63,-41.15,22.96,-33.74,-2.15,-16.37,7.82,412.63,23.75,9808.33
5584,-0.04,-0.33,-0.15,-7.0,-47.89,26.34,-37.11,4.11,-7.82,412.83,13.52,9805.0
5585,-0.64,0.45,-0.56,45.67,-100.56,74.97,-74.64,14.63,-16.04,241.22,5.0,10010.0
5586,-0.23,-0.18,0.07,15.22,-59.34,29.71,-54.15,2.7,7.0,438.16,-3.48,8798.33
5587,-0.41,0.15,-0.08,15.22,-44.85,29.71,-54.15,2.7,7.0,438.16,-3.48,8781.67
5588,0.37,-0.44,0.0,-7.82,0.41,-41.15,-12.93,-14.08,16.37,607.75,8.45,8660.0
5589,0.37,-0.44,0.0,-7.82,0.41,-41.15,-12.93,-11.52,5.26,410.5,15.19,9875.0
5590,1.08,-1.11,0.49,-38.26,19.75,-123.45,28.3,-28.3,14.63,410.37,13.37,9888.33
5591,0.19,-0.59,0.37,14.41,4.11,-67.08,-2.15,-1.56,-2.15,445.57,15.15,8513.33
5592,0.08,-0.22,0.19,-11.52,11.52,-41.15,7.82,-0.41,1.56,445.63,13.37,8513.33
5593,-0.15,-0.0,0.44,-4.11,26.33,-29.71,7.82,-4.11,7.82,679.63,15.19,5965.0
5594,0.6,-0.64,1.0,-60.49,79.0,-63.86,34.56,-27.15,34.56,474.62,1.48,7481.67
5595,0.89,-0.75,0.97,-49.04,64.19,-78.34,34.56,-27.15,34.56,474.62,1.48,7468.33
5596,0.45,-0.19,0.22,-33.41,30.04,-18.93,4.11,3.29,11.52,468.63,8.45,7676.67
5597,0.37,0.15,-0.11,-47.89,7.82,-29.71,11.52,7.0,4.11,468.7,20.38,7663.33
5598,0.11,0.33,-0.15,-47.89,22.63,-29.71,4.11,3.29,11.52,468.77,22.15,7683.33
5599,0.15,0.29,-0.07,-55.3,22.63,-47.89,-6.67,-6.67,18.93,240.88,15.19,10020.0
5600,0.22,-0.04,0.22,-66.74,15.22,-59.34,7.82,-7.82,15.22,479.76,10.22,7308.33
5601,-0.26,0.41,-0.37,-18.11,-18.93,11.52,-29.71,5.26,-4.11,479.86,-3.48,7301.67
5602,0.11,-0.19,0.22,-63.37,15.22,-15.22,5.26,-5.26,4.11,479.63,10.22,7311.67
5603,-0.35,0.31,-0.54,4.08,-0.41,70.78,-32.26,11.52,-5.26,494.51,18.52,6753.33
5604,-0.43,0.23,-0.13,-10.74,-4.11,59.34,-17.78,21.48,-12.67,734.44,30.45,3996.67
5605,-0.88,0.75,-0.8,49.34,-38.26,115.71,-41.97,41.97,-28.3,734.71,18.34,3983.33
5606,-0.45,0.19,-0.11,-18.11,-22.63,51.93,-26.33,25.19,-18.93,480.88,16.78,7250.0
5607,-0.37,0.26,-0.52,-3.3,-18.93,63.37,-52.26,17.78,-22.63,240.92,11.82,10013.33
5608,-0.45,0.19,-0.11,-10.7,-44.85,51.93,-52.26,17.78,-22.63,240.92,11.82,10020.0
5609,-0.59,0.48,-0.23,-10.7,-37.45,59.34,-54.82,17.78,-22.63,467.85,-3.7,7728.33
5610,-0.26,-0.08,0.48,-33.74,-3.3,6.67,1.56,5.85,0.41,467.71,1.26,7728.33
5611,-0.03,-0.08,0.44,-4.11,26.33,-7.82,-20.67,-1.56,-3.29,467.65,6.63,7715.0
5612,-0.22,0.15,-0.11,55.96,-22.3,44.85,-41.15,7.82,-15.22,241.02,23.89,10020.0
5613,-0.49,0.78,-0.75,64.19,-56.45,67.89,-97.52,19.75,-38.26,422.1,20.49,9423.33
5614,-0.11,0.0,-0.3,-18.11,-33.41,33.74,-41.15,7.82,-15.22,421.96,22.04,9440.0
5615,0.41,-0.33,0.04,-48.56,0.41,-48.56,-20.67,-1.56,-3.29,421.66,20.3,9426.67
5616,0.26,-0.48,0.37,-41.15,-25.52,-30.37,5.26,-5.26,4.11,419.57,23.71,9510.0
5617,-0.11,0.11,-0.22,18.93,-66.74,-7.33,-21.48,10.37,-8.96,650.01,16.78,7083.33
5618,-0.3,0.04,-0.11,60.23,-82.38,74.97,-41.97,19.75,-20.89,907.61,13.41,3750.0
5619,-0.13,-0.18,-0.39,75.01,-45.34,90.12,-34.56,27.15,-18.34,982.37,16.74,983.33
5620,-0.36,0.01,-0.21,67.6,-56.78,115.71,-64.19,23.45,-28.3,752.07,22.12,3396.67
5621,-0.17,0.08,-0.32,26.3,-41.15,33.41,-43.71,11.52,-5.26,494.61,25.49,6736.67
5622,-0.11,0.3,-0.08,41.15,-48.56,3.78,-51.11,4.11,-7.82,241.08,25.67,10016.67
5623,-0.0,0.52,-0.48,59.34,-22.63,3.78,-39.67,1.56,3.29,428.38,25.67,9186.67
5624,-0.56,0.93,-0.75,86.08,-56.45,49.04,-63.86,24.6,-23.45,428.51,13.56,9180.0
5625,0.07,0.41,-0.37,40.82,-40.82,22.3,-43.37,5.26,-4.11,428.25,8.34,9160.0
5626,-0.11,0.15,-0.11,15.22,-66.74,7.82,-54.82,7.82,-15.22,240.95,8.34,10000.0
5627,-0.04,0.15,-0.15,29.71,-66.74,22.63,-77.04,0.41,-18.93,240.88,13.71,9996.67
5628,-0.6,0.49,-0.71,63.53,-100.56,53.08,-123.45,23.45,-45.67,241.05,10.45,10006.67
5629,-0.3,0.52,-0.6,100.56,-70.93,53.08,-101.23,30.86,-41.97,241.12,5.08,9996.67
5630,-0.49,0.93,-0.78,100.56,-56.45,63.86,-101.23,30.86,-41.97,241.12,5.08,10000.0
5631,-0.22,0.74,-0.37,41.15,-7.82,15.22,-52.26,17.78,-22.63,240.92,11.82,9990.0
5632,-0.19,0.48,-0.59,18.93,-26.0,41.15,-63.04,7.82,-15.22,240.88,10.22,9990.0
5633,-0.08,0.26,-0.22,30.37,-22.3,26.67,-51.6,5.26,-4.11,240.92,3.26,9993.33
5634,-0.49,0.78,-0.75,64.19,-56.45,67.89,-70.93,22.04,-13.49,241.25,-1.93,10000.0
5635,-0.22,0.59,-0.23,4.11,-7.82,11.52,-35.97,11.52,-5.26,241.02,11.78,10016.67
5636,-0.15,0.41,-0.41,-7.33,-26.0,15.22,-17.78,17.78,-6.41,241.12,20.3,10023.33
5637,0.56,-0.26,0.26,-15.56,-6.67,-7.82,-1.0,-1.56,14.08,416.73,25.49,9648.33
5638,0.45,-0.3,0.3,21.48,-6.67,-4.11,-1.0,-1.56,14.08,416.73,25.49,9645.0
5639,0.67,-0.56,0.78,-49.38,41.97,-38.26,15.78,-18.34,23.45,416.56,18.56,9638.33
5640,-0.18,-0.04,0.44,-33.74,-3.3,2.96,-19.19,-5.26,4.11,438.96,16.78,8763.33
5641,-0.6,0.44,0.14,-25.52,-41.15,44.19,-39.67,15.22,-11.52,679.13,15.0,6003.33
5642,-0.71,0.41,0.18,11.52,-41.15,47.89,-37.11,12.67,-0.41,865.39,11.6,5208.33
5643,-0.48,0.41,0.14,41.15,-11.52,33.41,-37.11,12.67,-0.41,667.31,9.89,6458.33
5644,0.13,-0.17,0.61,21.81,26.33,-15.22,-2.96,-6.67,18.93,679.57,-2.18,5975.0
5645,-0.13,0.46,-0.06,44.85,3.29,7.82,-40.49,6.41,-0.41,714.19,8.15,4683.33
5646,-0.06,0.28,-0.24,33.41,-14.89,11.52,-40.49,6.41,-0.41,890.9,-3.89,4266.67
5647,-0.08,0.08,-0.3,7.48,-22.3,11.52,-51.6,-4.7,3.29,638.51,6.49,7500.0
5648,-0.11,0.15,-0.33,18.26,-33.41,29.71,-33.41,1.56,2.15,417.8,6.49,9590.0
5649,-0.3,0.45,-0.26,0.08,-18.93,40.49,-15.22,4.11,1.0,490.86,15.27,6923.33
5650,-0.48,0.74,-0.37,37.11,-11.52,47.89,-17.78,11.52,4.7,490.96,18.75,6916.67
5651,-0.3,0.34,-0.19,37.11,-26.0,37.11,-47.41,7.82,-5.26,490.83,17.19,6923.33
5652,-0.48,0.19,-0.19,29.71,-51.93,22.63,-51.11,4.11,-7.82,241.08,25.67,10010.0
5653,-0.78,0.89,-0.89,63.53,-86.08,63.86,-71.6,16.04,-30.86,241.25,27.41,10013.33
5654,-0.45,0.26,-0.22,18.6,-44.85,3.78,-25.19,2.97,-11.52,241.05,34.15,10006.67
5655,0.04,-0.45,0.26,10.37,37.45,-30.37,19.74,-16.37,0.41,494.56,27.26,6795.0
5656,0.61,-1.39,0.86,-64.19,67.89,-86.38,39.08,-28.3,23.45,749.48,22.15,3498.33
5657,0.65,-1.28,0.83,-64.19,97.52,-64.15,45.34,-34.56,24.6,974.05,18.67,1283.33
5658,0.12,-0.61,0.45,-18.93,44.85,-30.0,4.11,-7.82,15.22,905.6,23.82,3741.67
5659,-0.63,0.07,0.11,30.04,-11.52,11.52,-29.71,5.26,-4.11,650.62,13.48,7035.0
5660,-0.52,0.19,-0.22,33.74,-48.56,-10.7,-33.41,8.96,5.85,634.45,15.19,7618.33
5661,-0.19,0.08,-0.37,11.52,-66.74,-21.81,-33.41,8.96,5.85,679.58,3.07,5951.67
5662,0.74,-0.41,0.11,3.29,-21.48,-48.56,4.11,-11.52,21.48,679.38,18.52,5965.0
5663,0.26,0.0,-0.19,44.52,-55.3,11.52,-33.41,1.56,2.15,471.22,6.59,7596.67
5664,0.45,-0.3,0.3,21.48,-6.67,-4.11,-14.07,-17.78,22.63,427.15,3.18,9221.67
5665,-0.41,0.22,-0.04,37.11,-51.93,37.11,-63.04,5.26,-4.11,427.48,1.44,9225.0
5666,-0.59,0.63,-0.23,37.11,-37.45,47.89,-52.26,15.22,-11.52,427.51,3.04,9228.33
5667,-0.37,0.3,-0.08,26.0,-44.85,18.26,-54.82,15.22,-11.52,241.22,18.56,10016.67
5668,-0.11,0.04,-0.33,33.41,-33.41,29.71,-25.19,18.93,-1.56,241.18,13.37,10000.0
5669,0.63,-0.7,0.41,-0.41,-14.07,-11.52,5.26,-7.82,15.22,241.02,9.97,9993.33
5670,0.07,0.19,-0.45,33.74,-40.82,70.78,-29.71,5.26,-4.11,241.32,6.49,10010.0
5671,-0.19,0.45,-0.19,26.33,-52.26,59.34,-37.11,8.96,-10.37,241.25,-0.44,10010.0
5672,-1.12,0.93,-0.67,34.56,-97.52,86.08,-78.34,25.74,-19.75,241.38,1.37,10006.67
5673,-0.6,0.07,0.15,-25.52,-70.78,26.0,-33.41,16.37,-7.82,241.02,3.07,9990.0
5674,-0.6,0.07,0.15,-25.52,-70.78,26.0,-33.41,16.37,-7.82,241.02,3.07,10010.0
5675,0.3,-0.45,0.52,-59.34,-25.52,-18.93,11.52,7.0,4.11,240.85,15.0,10003.33
5676,0.11,-0.15,0.41,-22.3,-18.11,-11.52,11.52,7.0,4.11,446.92,1.26,8465.0
5677,0.9,-0.74,0.49,-45.34,27.15,-82.38,38.26,-13.49,19.75,446.66,11.6,8445.0
5678,0.67,-0.97,0.67,-56.78,34.56,-71.6,30.86,-17.19,27.15,446.72,13.37,8458.33
5679,0.41,-0.33,0.04,-48.56,0.41,-48.56,4.11,-1.56,14.08,240.92,23.71,10000.0
5680,-0.11,0.0,-0.3,-18.11,-33.41,33.74,-18.93,7.82,2.15,241.22,27.23,10013.33
5681,-0.6,1.01,-1.12,52.75,-60.15,82.38,-67.89,23.45,-28.3,241.28,20.49,10000.0
5682,0.07,0.3,-0.56,18.93,-40.82,41.15,-51.11,6.67,-18.93,423.15,27.41,9375.0
5683,0.6,-0.04,-0.22,-11.52,-7.0,-41.15,-30.63,-5.26,4.11,422.98,25.67,9375.0
5684,1.01,-0.67,0.45,-70.93,49.38,-86.08,18.34,-17.19,27.15,664.17,20.3,6590.0
5685,0.82,-0.93,0.67,-56.45,56.78,-97.52,20.89,-27.15,34.56,659.99,11.82,6756.67
5686,0.67,-1.04,1.12,-60.15,93.82,-75.3,23.45,-27.15,34.56,659.86,-1.89,6766.67
5687,0.26,-0.41,0.45,-0.74,37.45,-30.37,-25.52,-15.22,11.52,418.67,3.48,9565.0
5688,-0.37,0.41,-0.0,26.0,-15.22,40.49,-74.48,7.82,-15.22,240.85,3.48,10020.0
5689,-0.86,1.26,-0.86,45.34,-71.6,70.93,-97.52,19.75,-38.26,241.15,18.93,10010.0
5690,-0.34,0.22,-0.0,0.41,-44.85,0.08,-48.56,6.67,-18.93,240.95,25.67,10016.67
5691,-0.41,0.19,-0.15,-7.0,-44.85,-14.41,-18.93,10.37,-8.96,241.08,27.23,10016.67
5692,0.07,-0.78,0.71,-26.33,11.52,-67.08,11.52,2.15,6.67,458.34,18.75,8051.67
5693,0.04,-0.63,0.45,18.67,-11.52,15.22,-11.52,11.52,-5.26,715.94,15.38,4705.0
5694,0.97,-1.12,0.93,10.44,33.74,-11.52,7.82,-15.22,11.52,715.64,17.08,4708.33
5695,0.89,-0.67,0.6,-4.04,11.52,-0.08,0.41,-26.33,15.22,498.12,20.34,6676.67
5696,0.82,-0.45,0.67,-74.97,41.97,-56.45,20.89,-38.26,38.26,460.4,11.6,7968.33
5697,0.22,-0.19,0.08,-51.93,8.15,-3.78,1.56,-11.52,21.48,460.7,9.89,7968.33
5698,-0.41,0.15,-0.26,-18.11,-51.93,41.15,-17.78,15.22,4.7,461.0,13.37,7961.67
5699,-1.01,0.56,-0.67,27.15,-112.01,71.6,-52.75,28.3,-14.63,241.35,11.78,10003.33
5700,-0.48,0.22,-0.33,-3.29,-78.19,-10.7,-33.41,8.96,5.85,241.15,16.96,9996.67
5701,0.0,-0.22,0.11,-11.52,-18.11,-37.45,-16.63,-10.37,26.33,240.95,16.96,9986.67
5702,0.3,-0.37,0.08,-0.41,-6.67,-48.56,1.56,-4.11,25.19,241.05,25.49,10000.0
5703,0.15,-0.48,0.52,-4.11,30.37,-26.33,1.56,-1.56,14.08,240.92,25.49,10016.67
5704,0.3,-0.37,0.41,-29.71,30.37,-44.52,1.56,-8.96,10.37,240.82,22.01,10023.33
5705,0.86,-0.78,0.67,-56.45,64.19,-89.78,18.34,-25.74,19.75,240.48,27.19,10010.0
5706,1.04,-0.63,0.38,-70.93,27.15,-100.56,22.04,-32.0,20.89,240.58,11.67,9993.33
5707,0.74,-0.52,-0.07,-22.3,-21.48,-29.71,-12.93,-11.52,5.26,240.78,1.44,9990.0
5708,0.04,0.15,-0.56,8.15,-40.82,52.59,-33.41,-2.15,-6.67,241.08,3.18,9990.0
5709,-0.52,0.45,-1.04,56.78,-74.64,123.45,-74.64,14.63,-16.04,241.22,5.0,10006.67
5710,-0.78,0.71,-0.78,49.37,-86.08,112.01,-86.08,17.19,-27.15,241.18,11.96,10006.67
5711,-0.75,0.86,-0.78,60.15,-86.08,100.56,-89.78,28.3,-30.86,241.15,-1.89,10003.33
5712,-0.41,0.44,-0.08,26.0,-44.85,40.49,-52.26,15.22,-11.52,472.61,6.63,7535.0
5713,0.45,-0.08,0.26,10.37,0.41,-0.74,-3.29,2.15,7.82,472.41,13.37,7545.0
5714,0.82,-0.89,1.19,-49.04,19.75,-71.6,23.45,-17.19,34.56,723.44,23.64,4423.33
5715,1.01,-0.82,0.82,-45.34,12.34,-93.82,30.86,-13.49,27.15,491.81,27.04,6895.0
5716,0.37,-0.48,0.3,-26.0,-21.48,-78.19,7.82,-4.11,15.22,492.11,28.78,6885.0
5717,-0.0,0.34,-0.63,33.41,-40.82,-7.33,-18.93,15.22,-11.52,241.08,18.52,10006.67
5718,-0.37,0.45,-0.41,40.82,-26.0,22.3,-18.93,15.22,-11.52,241.08,18.52,9990.0
5719,0.04,-0.19,0.22,10.37,15.22,-22.96,11.52,7.0,4.11,240.85,15.0,9993.33
5720,0.34,-0.89,0.93,-23.45,49.37,-64.19,41.97,-19.75,20.89,240.68,11.6,9990.0
5721,0.56,-1.23,1.08,-34.56,41.97,-93.82,38.26,-27.15,18.34,240.72,6.63,9993.33
5722,0.15,-0.41,0.59,21.81,18.93,-37.45,4.11,-7.82,-1.0,240.92,-3.7,9990.0
5723,-0.34,0.04,0.15,67.08,-41.15,-10.7,-37.11,8.96,-10.37,473.71,13.56,7496.67
5724,-0.56,0.37,-0.0,78.19,-33.74,18.93,-43.37,15.22,-11.52,473.61,20.3,7506.67
5725,-0.7,0.45,-0.37,55.96,-37.45,44.85,-54.15,5.26,-4.11,473.58,18.7,7516.67
5726,-0.07,0.11,-0.04,-14.89,22.63,-0.08,-16.63,-15.22,11.52,240.72,13.48,10010.0
5727,0.37,0.07,-0.0,-14.89,7.82,-0.08,-16.63,-25.19,18.93,240.75,10.0,9993.33
5728,0.52,-0.0,0.37,7.33,11.52,-26.0,1.56,-18.93,17.78,240.85,18.53,9980.0
5729,0.37,-0.11,0.48,32.92,11.52,-7.82,-1.0,-11.52,21.48,240.95,22.01,9980.0
5730,-0.19,0.22,-0.08,66.74,-22.3,22.63,-25.19,18.93,-1.56,241.18,13.37,9980.0
5731,0.19,-0.56,0.37,-15.56,0.74,-11.52,-5.85,-7.82,15.22,240.88,15.08,9986.67
5732,0.44,-0.78,0.6,-26.67,22.96,-18.93,-5.85,-5.26,4.11,444.65,11.6,8535.0
5733,0.67,-1.04,1.08,-97.52,71.6,-53.08,20.89,-35.71,27.15,444.41,20.23,8548.33
5734,0.33,-0.52,0.41,-26.67,30.37,7.0,-2.15,-16.37,7.82,667.77,10.0,6381.67
5735,-0.19,0.34,-0.48,7.48,-14.89,37.45,-37.11,-5.85,-0.41,684.92,8.3,5756.67
5736,-0.78,0.75,-0.89,52.75,-74.97,67.89,-60.15,13.49,-19.75,685.19,13.52,5760.0
5737,-0.82,1.0,-0.67,64.19,-56.78,41.97,-74.64,14.63,-16.04,462.06,23.75,7926.67
5738,-0.86,1.08,-0.71,74.97,-67.89,60.15,-63.86,24.6,-23.45,241.28,16.82,10006.67
5739,-0.56,0.93,-0.75,86.08,-56.45,49.04,-67.56,35.71,-27.15,241.25,2.96,10006.67
5740,-0.86,0.89,-0.86,49.04,-86.08,49.04,-53.08,34.56,-30.86,241.28,8.18,10016.67
5741,-0.71,0.41,-0.71,38.26,-100.56,60.49,-53.08,34.56,-30.86,241.28,8.18,10033.33
5742,-1.01,0.56,-0.67,27.15,-112.01,71.6,-45.67,30.86,-24.6,241.35,15.11,10036.67
5743,-0.71,0.6,-0.56,64.19,-82.38,71.6,-49.37,41.97,-28.3,241.32,1.26,10023.33
5744,-0.86,1.08,-0.71,74.97,-67.89,60.15,-60.15,32.0,-20.89,241.28,-0.33,10020.0
5745,-0.15,0.3,-0.11,55.63,-15.22,3.78,-37.11,8.96,-10.37,241.05,-10.67,10016.67
5746,-0.08,0.11,-0.3,44.19,-33.41,7.48,-47.89,-1.0,-2.97,417.76,-14.08,9603.33
5747,0.33,-0.56,0.37,-26.67,0.74,-37.45,-12.93,-11.52,5.26,417.53,-0.37,9606.67
5748,0.33,-0.45,0.45,-26.67,30.37,-15.22,-16.63,-7.82,15.22,417.56,15.15,9606.67
5749,0.22,-0.52,0.41,-26.67,48.56,7.0,-5.85,-8.96,15.22,485.66,16.96,7106.67
5750,0.11,-0.56,0.45,10.37,48.56,10.7,-3.29,-11.52,26.33,672.09,1.44,6301.67
5751,0.11,-0.67,0.45,10.37,48.56,-11.52,4.11,-7.82,18.93,889.52,-5.3,4333.33
5752,0.08,-0.26,0.37,-15.22,44.85,-41.15,11.52,-0.41,17.78,644.77,3.23,7250.0
5753,0.26,-0.56,0.48,-52.26,37.45,-48.56,18.93,3.29,10.37,458.41,13.56,8051.67
5754,-0.37,0.26,-0.04,-25.52,-44.85,22.3,-7.82,18.93,-2.7,241.18,15.12,10010.0
5755,0.22,-0.48,0.37,-59.34,-25.52,-30.37,18.93,3.29,10.37,470.16,18.53,7635.0
5756,-0.15,0.3,-0.08,22.96,-48.56,3.78,-7.82,18.93,-2.7,470.42,18.53,7631.67
5757,0.67,-0.26,0.15,-18.26,-3.29,-55.63,11.52,-7.82,14.08,470.12,20.23,7645.0
5758,0.74,-0.22,0.3,-18.26,-3.29,-44.19,11.52,-7.82,14.08,240.88,16.82,10026.67
5759,1.08,-0.6,0.67,-63.53,27.15,-89.12,34.56,-34.56,30.86,474.65,8.3,7478.33
5760,0.48,-0.04,0.41,7.33,11.52,-44.19,7.82,-4.11,7.82,474.88,-0.33,7468.33
5761,0.52,-0.0,0.52,32.92,11.52,-26.0,7.82,-4.11,7.82,669.87,4.85,6336.67
5762,0.48,-0.08,0.44,-4.11,11.52,-11.52,4.11,3.29,11.52,435.91,18.56,8888.33
5763,0.34,0.0,0.07,-26.34,7.82,14.41,-6.67,-6.67,18.93,435.87,16.96,8891.67
5764,-0.11,-0.22,0.07,-26.34,44.85,7.0,7.82,-17.78,15.22,494.63,11.82,6808.33
5765,0.0,-0.48,0.3,-26.34,37.45,-18.93,29.71,-15.22,4.11,733.44,5.08,4090.0
5766,0.34,-1.04,1.0,-49.38,71.6,-71.6,67.23,-28.3,23.45,919.64,3.26,3291.67
5767,0.56,-1.12,1.12,-60.49,41.97,-93.82,42.78,-18.34,23.45,665.83,8.41,6506.67
5768,0.75,-0.97,0.86,-49.04,34.56,-82.38,20.89,-28.3,30.86,426.91,11.67,9228.33
5769,0.48,-0.33,0.22,-40.82,0.41,-59.34,-16.63,-15.22,11.52,240.72,13.48,10016.67
5770,0.48,-0.33,0.22,-40.82,0.41,-59.34,-10.37,-21.48,12.67,240.82,-2.04,10013.33
5771,-0.26,0.3,-0.41,7.82,-18.93,11.52,-47.89,-1.0,-2.97,241.22,-2.04,10013.33
5772,-0.19,-0.03,-0.26,18.93,-33.41,4.11,-59.34,1.56,-14.08,411.81,-0.44,9850.0
5773,0.04,0.26,-0.37,30.04,-40.82,33.74,-59.34,1.56,-14.08,411.81,-0.44,9850.0
5774,0.37,-0.3,0.33,7.0,-6.67,-18.93,-18.11,-15.22,-4.7,411.48,-12.48,9850.0
5775,0.37,-0.11,0.48,32.92,11.52,-7.82,-6.67,-17.78,6.41,240.88,-14.08,10020.0
5776,0.15,-0.41,0.59,21.81,18.93,-37.45,-10.37,-14.08,16.37,240.92,1.44,10020.0
5777,0.59,-0.45,0.63,21.81,4.11,-37.45,-6.67,-6.67,18.93,240.88,15.19,10006.67
5778,1.15,-1.04,0.75,-30.86,19.75,-93.82,34.56,-23.45,28.3,410.47,27.12,9878.33
5779,1.38,-0.74,0.41,-27.15,12.34,-64.19,34.56,-20.89,17.19,625.58,27.12,8000.0
5780,1.08,-0.6,0.27,-52.75,27.15,-82.38,24.6,-24.6,24.6,625.65,28.89,8006.67
5781,0.48,-0.26,-0.07,-11.52,11.52,-0.08,-5.85,-8.96,15.22,700.91,16.96,5215.0
5782,-0.26,0.48,-0.59,29.71,-7.82,41.15,-43.37,1.56,7.0,673.16,10.22,6256.67
5783,-0.67,1.01,-1.12,63.53,-41.97,82.38,-78.34,14.63,-12.34,673.26,-3.48,6253.33
5784,-0.3,0.89,-0.67,4.11,-11.52,11.52,-47.89,-1.0,-2.97,428.28,-5.3,9166.67
5785,-0.11,0.59,-0.6,-21.48,-26.0,-2.96,-47.89,-1.0,-6.67,488.34,1.44,7000.0
5786,-0.04,0.44,-0.3,15.56,-22.3,0.74,-47.89,-1.0,-6.67,488.34,1.44,7000.0
5787,0.03,0.0,-0.04,30.04,-29.71,-10.7,-51.6,5.26,-7.82,488.24,16.96,7016.67
5788,-0.0,-0.18,0.04,44.85,-29.71,15.22,-40.82,15.22,-11.52,423.93,3.26,9350.0
5789,0.56,-0.78,0.15,-7.82,-14.07,-41.15,-5.85,4.7,-3.29,423.7,16.96,9346.67
5790,0.34,-0.44,0.0,3.29,-6.67,-11.52,-5.85,2.15,7.82,423.83,16.96,9333.33
5791,0.86,-0.78,0.34,-27.15,27.15,-93.82,20.89,-18.34,23.45,240.58,28.89,9993.33
5792,0.86,-0.78,0.34,-27.15,27.15,-93.82,20.89,-20.89,34.56,240.72,28.89,10000.0
5793,0.37,-0.33,-0.11,-18.93,-32.92,-67.08,-2.15,-8.96,11.52,240.88,30.63,10003.33
5794,0.2,-0.32,0.28,-22.63,-18.11,-44.85,8.96,-7.82,15.22,493.31,18.56,6776.67
5795,-0.43,0.43,-0.13,-7.0,-37.45,7.82,-26.0,5.26,-4.11,493.41,4.85,6766.67
5796,-0.28,0.54,-0.39,7.82,-11.52,33.74,-51.93,8.96,-11.52,493.31,-3.63,6760.0
5797,-0.37,0.67,-0.6,-18.11,-11.52,37.45,-59.34,1.56,-14.08,240.98,-5.3,9993.33
5798,-0.26,0.26,-0.52,-3.3,-26.0,67.08,-41.15,7.82,-15.22,240.95,10.15,9990.0
5799,0.3,-0.63,0.34,-37.45,0.74,-15.22,15.22,-4.11,7.82,240.82,15.11,9993.33
5800,0.07,-0.37,-0.15,33.41,-47.89,18.93,-7.82,18.93,-2.7,436.87,15.11,8826.67
5801,0.63,-0.67,0.34,-15.22,-14.07,-51.93,8.96,-7.82,14.08,436.7,9.89,8830.0
5802,0.15,0.3,-0.45,4.11,-40.82,0.74,-21.48,0.41,-1.56,436.93,13.41,8823.33
5803,0.15,0.3,-0.45,4.11,-40.82,0.74,-51.11,-3.29,-11.52,240.98,22.19,10003.33
5804,-0.08,0.08,-0.26,-7.33,-33.41,11.52,-41.15,7.82,-15.22,241.02,23.89,10010.0
5805,0.41,-0.89,0.52,-26.67,-6.67,-41.15,-20.67,-4.11,7.82,437.96,15.41,8808.33
5806,0.26,-0.56,0.41,-52.26,7.82,-48.56,8.96,-0.41,17.78,438.1,16.97,8795.0
5807,-0.11,0.04,-0.19,4.11,-33.41,-25.52,-35.97,8.96,5.85,647.56,6.63,7125.0
5808,-0.67,0.93,-1.04,38.26,-60.15,56.78,-60.15,32.0,-20.89,450.58,1.26,8326.67
5809,-0.52,0.6,-0.93,63.86,-74.64,64.19,-63.86,24.6,-23.45,450.55,-9.08,8320.0
5810,-0.49,0.53,-1.0,67.56,-74.64,101.23,-75.3,27.15,-34.56,241.22,-3.7,9986.67
5811,-0.56,0.45,-0.6,60.15,-100.56,89.78,-71.6,16.04,-30.86,241.25,10.15,9986.67
5812,-0.64,0.45,-0.56,45.67,-100.56,74.97,-71.6,16.04,-30.86,241.25,27.41,9990.0
5813,-0.78,0.93,-0.71,56.45,-86.08,63.53,-60.15,13.49,-19.75,428.55,27.41,9156.67
5814,-0.56,0.93,-0.75,86.08,-56.45,49.04,-63.86,24.6,-23.45,428.51,13.56,9166.67
5815,0.07,0.59,-0.23,66.74,-22.63,33.41,-37.11,8.96,-10.37,428.31,-3.7,9180.0
5816,0.07,0.59,-0.23,66.74,-22.63,33.41,-18.93,15.22,-11.52,241.15,-2.15,10026.67
5817,-0.0,0.74,-0.52,29.71,-26.33,29.71,-18.93,15.22,-11.52,241.15,-2.15,10030.0
5818,-0.6,1.01,-1.12,52.75,-60.15,82.38,-49.37,41.97,-28.3,241.32,1.26,10033.33
5819,-0.04,0.08,-0.19,7.82,-3.78,33.74,-22.63,26.33,-15.22,425.29,2.96,9311.67
5820,0.44,-0.78,0.67,-11.52,52.59,3.3,7.82,-0.41,1.56,425.12,-0.44,9311.67
5821,0.44,-0.78,0.67,-11.52,52.59,3.3,-14.41,-7.82,-2.15,425.06,4.93,9298.33
5822,0.33,-0.45,0.34,-26.0,30.37,-7.48,-14.41,-7.82,-2.15,240.82,6.63,10010.0
5823,-0.08,0.08,-0.37,4.44,-40.49,15.56,-37.45,15.22,-12.67,241.05,16.97,10000.0
5824,-0.34,0.33,-0.11,-2.96,-51.93,4.11,-15.22,22.63,-8.96,241.12,11.6,9993.33
5825,-0.3,-0.07,0.11,-14.41,-59.34,14.89,-15.22,22.63,-8.96,241.12,8.19,10000.0
5826,0.33,-0.41,0.63,-33.74,-25.52,-0.74,11.52,7.0,4.11,240.85,11.6,10013.33
5827,0.56,-0.59,0.45,-26.34,-14.07,-26.33,18.93,3.29,10.37,471.08,11.6,7603.33
5828,0.11,0.34,-0.3,18.93,-40.82,4.11,-15.22,22.63,-8.96,471.28,4.67,7606.67
5829,-0.15,0.08,-0.22,-18.11,-33.41,-3.29,-18.93,15.22,-11.52,471.32,-9.08,7610.0
5830,-0.3,0.11,-0.22,4.11,-33.41,4.11,-48.56,15.22,-21.48,495.89,4.78,6776.67
5831,0.37,-0.59,0.34,-29.71,-14.07,-37.11,-14.41,-4.11,-2.15,495.69,11.71,6770.0
5832,0.3,-0.26,0.19,-29.71,-6.67,-33.41,-20.67,2.15,-3.29,495.59,27.23,6770.0
5833,0.75,-0.56,0.63,-112.01,41.97,-60.15,32.0,-20.89,17.19,240.62,9.97,10020.0
5834,0.56,-0.82,0.86,-97.52,49.37,-71.6,28.3,-28.3,14.63,240.65,-0.37,10016.67
5835,0.26,-0.56,0.41,-41.15,0.74,-52.26,7.82,-18.93,2.7,240.95,1.37,10000.0
5836,-0.37,-0.18,0.11,41.15,-29.71,-21.81,-22.63,7.82,-14.08,445.87,16.89,8500.0
5837,-0.75,0.38,-0.6,75.3,-70.93,60.49,-49.37,23.45,-27.15,446.07,34.15,8510.0
5838,-0.82,0.71,-0.75,64.19,-56.45,67.89,-63.86,24.6,-23.45,446.0,18.7,8510.0
5839,-0.49,0.78,-0.75,64.19,-56.45,67.89,-63.86,24.6,-23.45,241.25,6.59,10013.33
5840,0.04,0.45,-0.41,33.74,-22.63,-14.41,-43.37,5.26,-4.11,429.52,3.07,9125.0
5841,0.15,0.04,-0.33,48.56,-37.11,15.22,-28.89,4.11,-7.82,429.58,18.52,9135.0
5842,0.71,-0.55,-0.22,-4.11,-21.48,-41.15,5.26,-15.22,11.52,429.38,28.86,9145.0
5843,0.78,-0.48,0.04,3.29,-21.48,-11.52,7.82,-15.22,11.52,240.85,32.37,10026.67
5844,0.41,-0.3,0.26,3.29,-3.29,-37.45,4.11,-14.08,7.82,493.1,18.52,6853.33
5845,0.04,-0.19,0.48,10.7,11.52,-7.82,4.11,-14.08,7.82,699.18,4.78,5298.33
5846,-0.82,0.33,0.14,26.33,-33.74,33.41,-18.93,5.26,-11.52,878.2,1.26,4791.67
5847,0.08,-0.19,0.26,-4.11,-18.11,-22.96,11.52,-11.52,5.26,625.75,-2.15,7971.67
5848,-0.11,0.11,-0.22,15.22,-66.74,-7.33,-18.93,-3.29,-10.37,419.91,15.11,9510.0
5849,0.52,-0.59,0.3,-11.52,15.56,-55.96,7.82,-18.93,2.7,240.95,1.37,10003.33
5850,0.33,-0.78,0.63,-41.15,22.96,-33.74,7.82,-18.93,2.7,240.95,1.37,10003.33
5851,0.74,-1.3,1.34,-71.6,93.82,-56.78,30.86,-30.86,25.74,240.78,-0.37,10016.67
5852,0.63,-1.04,1.08,-97.52,71.6,-53.08,27.15,-27.15,35.71,240.82,15.15,10033.33
5853,0.67,-0.97,1.19,-71.6,101.23,-53.08,30.86,-19.75,38.26,240.78,28.89,10033.33
5854,0.04,-0.26,0.67,-44.85,18.93,-4.44,4.11,3.29,11.52,240.92,16.78,10036.67
5855,-0.41,0.26,-0.0,15.22,-15.22,51.93,-22.63,26.33,-15.22,241.05,4.67,10020.0
5856,-0.75,0.78,-0.75,60.15,-86.08,89.78,-49.37,41.97,-28.3,241.32,1.26,10016.67
5857,-0.11,0.08,-0.22,33.41,-3.78,41.15,-25.19,11.52,-5.26,241.08,9.89,10016.67
5858,0.63,-0.56,0.41,-15.22,15.56,-29.71,5.26,-15.22,11.52,240.92,6.49,10023.33
5859,0.45,-0.15,0.22,-15.22,30.04,-18.93,-24.37,-18.93,1.56,240.78,4.93,10020.0
5860,-0.04,0.71,-0.67,18.93,-15.22,11.52,-59.34,1.56,-14.08,461.8,3.23,7923.33
5861,-0.33,0.82,-0.63,7.48,-0.41,26.0,-63.04,-2.15,-7.82,661.15,6.63,6631.67
5862,-0.15,0.41,-0.45,7.48,-14.89,15.22,-40.82,5.26,-4.11,661.21,1.26,6618.33
5863,-0.3,0.26,-0.08,0.08,-51.93,33.41,-22.63,11.52,-5.26,440.5,1.26,8711.67
5864,0.03,0.19,-0.0,37.11,-66.74,37.11,-18.93,15.22,-11.52,241.15,-2.15,10000.0
5865,-0.15,0.59,-0.19,37.11,-52.26,47.89,-29.71,5.26,-4.11,241.12,-3.74,10006.67
5866,0.48,-0.11,0.33,10.37,30.04,-0.74,-10.37,-14.08,16.37,240.92,1.44,10006.67
5867,0.22,-0.37,0.41,-26.67,37.45,-8.15,-6.67,-6.67,18.93,240.88,15.19,10006.67
5868,0.71,-1.38,1.23,-97.52,64.19,-56.78,30.86,-17.19,27.15,240.65,28.89,10006.67
5869,0.22,-0.59,0.26,-63.37,18.93,-26.33,-18.11,2.15,6.67,483.13,23.71,7163.33
5870,0.15,-0.26,0.11,-63.37,26.33,-22.63,-28.07,1.0,2.97,483.23,13.37,7170.0
5871,-0.03,0.04,-0.0,-26.34,33.74,-15.22,-28.07,-1.56,14.08,669.66,-2.15,6378.33
5872,0.41,-0.82,0.86,-86.41,49.37,-45.67,24.6,-24.6,24.6,617.76,-2.15,8253.33
5873,0.3,-0.86,0.89,-49.38,49.37,-41.97,24.6,-24.6,24.6,617.6,9.97,8260.0
5874,0.71,-0.93,0.82,-74.97,34.56,-60.15,22.04,-32.0,20.89,431.2,22.01,9048.33
5875,0.19,-0.07,-0.0,-14.89,7.82,-0.08,-30.63,-12.67,0.41,240.68,20.45,10003.33
5876,-0.0,0.41,-0.34,30.37,-22.63,26.67,-77.04,0.41,-18.93,240.88,13.71,9993.33
5877,-0.41,0.48,-0.26,55.96,-7.82,44.85,-74.48,7.82,-15.22,427.28,1.67,9205.0
5878,-0.33,0.56,-0.19,41.15,-7.82,15.22,-52.26,15.22,-11.52,427.35,-3.7,9221.67
5879,0.08,-0.26,0.3,-15.22,15.22,-41.15,-3.29,-7.82,15.22,427.18,-0.44,9215.0
5880,0.19,-0.22,0.26,-52.26,15.22,-44.85,0.41,-11.52,5.26,240.85,-0.44,10016.67
5881,0.04,-0.37,0.59,-44.85,-10.7,-26.67,-10.37,-21.48,12.67,240.82,-2.04,10016.67
5882,0.19,-0.08,0.33,-41.15,-18.11,2.96,-12.93,-17.78,6.41,477.3,1.44,7398.33
5883,0.22,-0.0,0.26,-29.71,-18.11,-11.52,-16.63,-11.52,5.26,477.2,16.96,7381.67
5884,0.37,0.15,-0.07,-37.11,7.82,-29.71,-2.15,-12.67,1.56,677.52,25.49,6035.0
5885,0.0,0.18,0.04,-29.71,22.63,-29.71,-2.15,-16.37,7.82,441.04,22.01,8656.67
5886,0.0,0.18,0.04,-29.71,22.63,-29.71,-2.15,-16.37,7.82,633.92,8.3,7621.67
5887,0.08,-0.15,0.19,-18.6,8.15,-37.11,-16.63,-15.22,11.52,433.6,-0.22,8955.0
5888,0.48,-0.22,0.11,-44.19,-6.67,-55.3,-14.07,-7.82,15.22,433.7,5.0,8958.33
5889,0.15,-0.03,-0.26,0.74,-55.3,-21.48,-33.41,8.96,5.85,241.15,13.52,9996.67
5890,0.15,0.15,-0.11,26.67,-37.11,-10.37,-44.85,11.52,-5.26,241.12,20.49,9996.67
5891,-0.04,0.0,0.18,41.15,-0.08,0.41,-41.15,7.82,-15.22,241.08,3.23,10003.33
5892,-0.0,-0.07,0.11,44.85,-0.08,37.45,-41.15,7.82,-15.22,241.08,3.23,10006.67
5893,-0.0,-0.26,-0.04,18.93,-18.26,26.34,-15.22,4.11,-7.82,241.18,11.71,10010.0
5894,-0.11,0.0,-0.3,-7.0,-40.49,30.04,-21.48,10.37,-8.96,241.08,27.23,10016.67
5895,0.04,-0.22,0.26,-30.04,8.15,-22.63,5.26,-5.26,4.11,446.89,16.89,8475.0
5896,0.49,-0.75,0.86,-60.49,79.0,-45.67,32.0,-20.89,17.19,671.16,11.67,6263.33
5897,0.52,-0.67,0.78,-49.04,79.0,-60.15,34.56,-20.89,17.19,671.16,11.67,6243.33
5898,0.52,-0.67,0.78,-49.04,79.0,-60.15,27.15,-24.6,24.6,651.45,11.67,6993.33
5899,0.45,-0.75,0.78,-74.97,49.37,-60.15,30.86,-17.19,27.15,426.95,9.97,9211.67
5900,0.67,-0.97,0.67,-56.78,34.56,-71.6,28.3,-27.15,34.56,615.51,8.19,8343.33
5901,0.19,-0.52,0.23,-48.56,-25.52,-44.85,8.96,-7.82,14.08,429.42,18.53,9131.67
5902,0.22,-0.45,0.34,-22.63,4.11,-44.85,-1.0,-18.93,17.78,429.38,20.23,9135.0
5903,-0.26,-0.04,0.04,18.6,-29.71,15.22,-25.19,11.52,-5.26,241.08,9.89,10003.33
5904,-0.08,0.22,-0.22,44.19,-3.78,29.71,-43.37,5.26,-4.11,428.25,8.34,9173.33
5905,-0.19,0.48,-0.48,18.26,-26.0,33.41,-43.37,5.26,-4.11,428.25,8.34,9173.33
5906,0.26,0.07,-0.18,-41.15,7.82,-26.67,-9.22,-14.08,15.22,657.29,18.67,6805.0
5907,0.3,-0.07,-0.22,-51.93,18.93,-44.85,-20.67,-7.82,14.08,712.41,20.23,4805.0
5908,-0.11,0.6,-0.89,18.93,-15.22,0.08,-55.63,12.67,-1.56,899.87,16.97,3958.33
5909,-0.63,1.01,-1.15,63.86,-49.04,45.34,-86.08,20.89,-17.19,670.86,20.49,6336.67
5910,-0.49,0.75,-0.93,74.64,-74.64,52.75,-60.15,13.49,-19.75,428.55,27.41,9170.0
5911,-0.6,0.52,-0.52,49.04,-78.34,52.75,-45.67,23.45,-27.15,481.22,32.37,7253.33
5912,-0.53,0.52,-0.56,63.53,-78.34,67.56,-45.67,23.45,-27.15,481.22,15.11,7243.33
5913,-0.26,0.33,-0.15,4.11,-29.71,18.93,-22.63,11.52,-4.11,481.05,13.37,7256.67
5914,-0.34,0.3,-0.3,4.11,-51.93,4.44,-22.63,0.41,-0.41,241.18,16.89,10016.67
5915,-0.41,0.3,-0.26,-10.37,-51.93,-10.37,-48.56,4.11,-7.82,411.71,20.3,9856.67
5916,-0.37,-0.11,-0.04,-21.81,-59.34,0.41,-41.15,7.82,-15.22,411.65,15.11,9853.33
5917,0.3,-0.85,0.52,-67.08,-6.67,-33.74,-14.41,-7.82,-2.15,411.45,-2.15,9840.0
5918,0.3,-0.85,0.52,-67.08,-6.67,-33.74,-14.41,-7.82,-2.15,240.82,3.23,10000.0
5919,-0.0,-0.26,-0.11,3.78,-47.89,4.11,-70.78,4.11,-25.19,240.95,1.67,10003.33
5920,-0.34,0.27,-0.78,63.86,-89.12,64.19,-101.23,30.86,-41.97,424.1,3.48,9340.0
5921,-0.34,0.45,-0.63,89.78,-70.93,75.3,-75.3,27.15,-34.56,424.2,11.96,9353.33
5922,0.15,0.04,-0.33,48.56,-37.11,15.22,-26.33,14.08,-15.22,424.0,18.7,9350.0
5923,0.04,0.45,-0.45,48.56,-11.52,-14.41,-37.11,4.11,-7.82,461.8,27.23,7933.33
5924,0.04,0.26,-0.59,22.63,-29.71,-25.52,-33.41,11.52,-5.26,461.83,20.3,7933.33
5925,-0.49,0.6,-0.93,53.08,-63.53,56.78,-52.75,28.3,-14.63,462.16,15.12,7923.33
5926,-0.38,0.19,-0.82,53.08,-89.12,86.41,-41.97,38.26,-22.04,241.38,8.19,10020.0
5927,-0.19,-0.11,-0.33,33.74,-40.49,70.78,-25.19,18.93,-1.56,241.18,13.37,10006.67
5928,0.08,-0.3,0.19,-26.34,8.15,14.41,-5.85,-0.41,18.93,240.98,18.56,10016.67
5929,0.45,-0.86,0.89,-60.49,49.37,-67.89,18.34,-23.45,45.67,437.96,23.93,8795.0
5930,0.78,-0.82,0.89,-97.52,49.37,-67.89,28.3,-27.15,34.56,686.63,8.41,5760.0
5931,0.45,-0.63,0.37,-26.67,18.93,-11.52,1.56,-15.22,15.22,931.58,-5.3,2833.33
5932,0.07,-0.07,-0.33,7.48,-22.3,70.78,-15.22,4.11,-5.26,734.66,-3.74,4035.0
5933,-0.15,-0.07,-0.37,7.48,-22.3,67.08,-25.19,10.37,-5.26,485.86,11.78,7090.0
5934,0.48,-0.37,0.11,-51.93,-6.67,-3.78,-1.0,-8.96,10.37,240.82,22.01,10003.33
5935,0.75,-0.56,0.63,-112.01,41.97,-60.15,18.34,-28.3,30.86,240.62,27.19,10020.0
5936,0.86,-0.93,0.82,-86.08,34.56,-86.08,20.89,-30.86,41.97,240.75,27.19,10010.0
5937,0.67,-1.19,1.04,-71.6,41.97,-97.52,20.89,-30.86,41.97,240.75,27.19,10020.0
5938,0.22,-0.67,0.37,-11.52,7.82,-41.15,-16.63,-17.78,22.63,240.85,13.48,10003.33
5939,-0.3,0.34,-0.48,15.22,-18.93,29.71,-43.37,5.26,-4.11,468.83,6.74,7666.67
5940,-0.3,0.34,-0.48,15.22,-18.93,29.71,-40.82,5.26,-4.11,646.82,3.48,7201.67
5941,0.26,-0.45,0.45,-18.93,37.45,-30.37,4.11,-4.11,7.82,646.65,15.41,7221.67
5942,0.37,-0.63,0.82,10.7,41.15,-44.85,4.11,-4.11,7.82,418.8,10.04,9558.33
5943,-0.15,0.3,0.22,37.45,14.41,26.0,-15.22,18.93,-8.96,490.83,10.04,6933.33
5944,-0.15,0.3,0.22,37.45,14.41,26.0,-25.19,15.22,-1.56,490.9,11.82,6920.0
5945,-0.15,0.11,0.07,11.52,-3.78,14.89,-25.19,15.22,-1.56,490.9,11.82,6920.0
5946,0.37,-0.71,0.74,-15.22,52.59,-33.74,1.56,3.29,11.52,240.92,16.78,10016.67
5947,0.22,-0.59,0.74,-29.71,15.56,-55.96,4.11,7.0,11.52,492.08,14.93,6891.67
5948,0.22,-0.41,0.89,-3.78,33.74,-44.85,-18.11,-0.41,7.82,492.01,20.3,6888.33
5949,0.0,-0.19,0.67,7.33,11.52,-37.45,-25.52,-4.11,15.22,678.38,6.56,6083.33
5950,0.11,-0.37,0.56,-4.11,18.93,-15.22,-25.52,-5.26,4.11,598.93,3.23,9000.0
5951,0.19,-0.56,0.37,-15.56,0.74,-11.52,-25.52,-5.26,4.11,598.93,3.23,9003.33
5952,0.41,-0.78,0.6,-26.67,22.96,-18.93,-21.81,-8.96,-5.85,412.6,3.23,9801.67
5953,0.63,-0.56,0.41,2.96,26.67,-29.71,-21.81,-18.93,1.56,462.97,10.15,7885.0
5954,0.48,-0.22,0.3,-22.63,41.15,-37.11,-10.37,-21.48,12.67,463.0,3.18,7878.33
5955,0.67,-0.07,-0.0,-37.11,4.11,-47.89,-14.07,-17.78,22.63,463.03,20.44,7871.67
5956,0.67,-0.07,-0.0,-55.3,-7.0,-47.89,-14.07,-10.37,26.33,240.95,18.7,10000.0
5957,1.34,-0.78,0.56,-89.12,12.34,-89.12,20.89,-20.89,34.56,422.91,34.15,9378.33
5958,1.12,-1.0,0.75,-100.56,19.75,-78.34,24.6,-24.6,24.6,613.5,27.23,8420.0
5959,0.45,-0.3,0.19,-66.74,0.41,-37.11,-24.37,-8.96,-5.85,794.51,22.04,7833.33
5960,0.22,-0.41,0.15,-7.26,-15.22,33.74,-44.85,0.41,-17.78,869.91,16.93,5125.0
5961,0.04,-0.11,0.04,29.78,-7.82,41.15,-41.15,7.82,-15.22,679.26,20.34,6096.67
5962,0.15,-0.52,0.11,44.59,-22.3,70.78,-41.15,7.82,-15.22,700.9,11.82,5263.33
5963,-0.19,-0.11,-0.33,33.74,-40.49,70.78,-41.15,7.82,-15.22,443.6,16.93,8610.0
5964,-0.04,0.0,-0.44,8.15,-40.49,52.59,-51.11,-3.29,-11.52,443.56,15.22,8596.67
5965,-0.08,0.26,-0.22,30.37,-22.3,26.67,-39.67,-5.85,-0.41,241.02,15.22,10023.33
5966,0.45,-0.08,0.11,-0.08,11.52,-55.63,-16.63,-15.22,11.52,240.72,13.48,10020.0
5967,0.45,-0.08,0.11,-0.08,11.52,-55.63,-10.37,-11.52,5.26,240.78,1.44,10016.67
5968,0.82,-0.86,0.56,-82.38,34.56,-89.78,30.86,-28.3,14.63,240.65,-0.37,10020.0
5969,0.56,-0.67,0.75,-100.56,71.6,-63.86,30.86,-27.15,18.34,482.04,-12.48,7218.33
5970,0.3,-0.48,0.34,-41.15,22.96,-15.22,-10.37,-10.37,8.96,658.92,-12.48,6805.0
5971,0.11,-0.45,0.26,-4.11,52.59,-15.22,7.82,-14.08,7.82,912.63,-2.11,3583.33
5972,-0.41,-0.04,-0.0,37.11,-29.71,29.71,-29.71,-4.7,-4.11,869.59,8.23,5125.0
5973,-0.48,-0.04,0.03,26.33,-29.71,14.89,-11.52,1.56,-5.26,923.11,11.63,3125.0
5974,-0.23,0.0,0.22,15.22,-29.71,14.89,-26.0,12.67,-1.56,853.6,13.3,5625.0
5975,0.07,-0.18,-0.0,33.41,-18.26,4.11,-7.82,18.93,-2.7,655.59,9.89,6885.0
5976,-0.23,-0.04,0.04,18.6,-29.71,15.22,-37.45,15.22,-12.67,425.29,15.27,9308.33
5977,-0.64,0.41,-0.74,52.75,-100.56,75.3,-93.82,27.15,-35.71,241.18,12.01,10026.67
5978,-0.37,0.22,-0.33,-6.67,-51.93,26.67,-74.48,0.41,-18.93,240.88,13.71,10010.0
5979,0.48,-0.33,-0.11,-22.3,-6.67,-29.71,-25.52,-12.67,0.41,240.68,20.45,10013.33
5980,1.01,-0.67,0.23,-52.75,27.15,-112.01,30.86,-24.6,23.45,240.55,25.41,10016.67
5981,1.04,-1.08,0.45,-64.19,19.75,-101.23,28.3,-14.63,16.04,240.52,28.89,10016.67
5982,0.34,-0.41,-0.03,-33.74,0.41,-18.93,-20.67,-1.56,-3.29,454.61,25.41,8173.33
5983,0.22,-0.52,0.41,-37.45,37.45,3.3,-20.67,-1.56,-3.29,638.85,23.71,7451.67
5984,0.19,-0.11,0.19,-26.0,44.85,-7.48,-18.11,-11.52,4.11,638.89,20.23,7451.67
5985,0.52,-0.67,0.89,-49.04,79.0,-60.15,28.3,-27.15,34.56,424.92,23.71,9278.33
5986,0.11,-0.08,0.15,-18.6,8.15,-22.3,1.56,-15.22,11.52,478.35,11.67,7320.0
5987,-0.22,0.11,-0.22,26.33,-40.49,11.52,-35.97,5.26,-4.11,478.55,1.44,7326.67
5988,0.22,0.08,-0.41,18.93,-55.3,11.52,-33.41,7.82,-15.22,693.66,1.44,5458.33
5989,0.11,0.34,-0.52,7.82,-40.82,4.11,-40.82,15.22,-11.52,456.4,15.19,8121.67
5990,0.48,-0.26,0.08,-48.56,0.41,-18.93,-3.29,-5.26,4.11,456.2,25.41,8121.67
5991,-0.37,0.26,-0.04,-25.52,-44.85,22.3,-40.82,5.26,-4.11,439.3,23.64,8746.67
5992,0.11,-0.71,0.74,-44.85,-18.11,-30.37,-6.67,-14.08,15.22,438.9,23.64,8743.33
5993,0.33,-0.48,0.56,-15.22,-14.41,-41.15,-6.67,-14.08,15.22,661.08,28.86,6618.33
5994,1.19,-1.0,0.89,-30.86,30.86,-82.38,28.3,-34.56,30.86,462.77,27.15,7861.67
5995,1.34,-0.78,0.52,-27.15,23.45,-82.38,28.3,-34.56,30.86,462.77,27.15,7881.67
5996,0.52,-0.22,0.3,-4.11,-32.92,-22.96,-9.22,-14.08,15.22,240.78,11.71,10003.33
5997,-0.04,0.11,-0.26,29.71,-66.74,7.48,-44.19,6.41,-0.41,417.73,-0.33,9593.33
5998,-0.53,0.52,-0.56,70.93,-100.56,67.56,-89.12,15.78,-12.34,594.64,-14.08,9163.33
5999,-0.3,0.34,-0.74,74.64,-89.12,41.97,-100.56,18.34,-23.45,765.24,-12.48,9000.0
6000,-0.52,0.6,-0.93,63.86,-74.64,64.19,-89.78,28.3,-30.86,588.53,-9.08,9410.0
6001,-0.0,0.23,-0.48,22.63,-29.71,15.56,-52.26,7.82,-15.22,633.76,8.18,7701.67
6002,-0.3,0.37,-0.45,11.52,-41.15,26.67,-22.63,11.52,-5.26,463.27,20.3,7871.67
6003,0.45,-0.26,0.19,-37.11,-21.81,-44.19,1.56,-11.52,21.48,463.13,32.41,7888.33
6004,0.04,-0.19,0.26,-29.71,-18.11,-26.0,-1.0,-11.52,21.48,240.95,27.19,10010.0
6005,0.11,-0.15,0.41,-22.3,-18.11,-11.52,-1.0,-11.52,21.48,240.95,22.01,10016.67
6006,-0.07,-0.41,0.63,-7.82,-10.7,-22.96,-1.0,-8.96,10.37,240.82,22.01,10003.33
6007,-0.56,0.04,0.18,0.41,-70.78,3.78,-35.97,11.52,-5.26,241.02,11.78,10006.67
6008,-0.34,-0.15,-0.0,4.11,-59.34,-21.81,-35.97,11.52,-5.26,241.02,11.78,10010.0
6009,-0.89,0.75,-0.86,38.26,-86.08,60.49,-60.15,32.0,-20.89,241.28,-0.33,10006.67
6010,-0.65,0.57,-0.99,60.45,-49.04,90.12,-38.26,38.26,-22.04,494.87,14.93,6740.0
6011,-0.24,0.05,-0.28,30.0,21.81,67.08,-21.48,18.93,-1.56,494.67,20.11,6726.67
6012,0.09,-0.51,0.43,6.96,55.96,14.41,8.96,-7.82,15.22,494.51,16.71,6746.67
6013,0.19,-0.56,0.45,-0.41,30.37,10.7,-12.93,-14.08,16.37,240.92,1.44,10016.67
6014,0.11,-0.22,0.11,-14.89,8.15,-0.08,-12.93,-14.08,16.37,240.92,1.44,10023.33
6015,0.33,-0.45,0.34,-26.0,30.37,-7.48,-19.19,-17.78,22.63,240.85,13.48,10013.33
6016,0.6,-0.64,0.86,-86.08,79.0,-63.86,15.78,-30.86,41.97,460.5,15.08,7968.33
6017,0.3,-0.52,0.41,-37.45,30.37,7.0,-1.0,-11.52,21.48,460.7,9.89,7955.0
6018,0.3,-0.52,0.41,-37.45,30.37,7.0,-1.0,-1.56,14.08,460.66,13.37,7955.0
6019,0.41,-0.78,0.67,-11.52,52.59,3.3,-1.0,-8.96,10.37,240.82,22.01,10010.0
6020,0.26,-0.3,0.52,-0.74,67.08,-8.15,-1.0,-8.96,10.37,447.75,20.45,8433.33
6021,0.45,-0.15,0.22,-15.22,30.04,-18.93,-1.0,-18.93,17.78,447.78,16.97,8426.67
6022,0.45,-0.26,0.15,-15.22,0.41,-41.15,-1.0,-8.96,10.37,447.75,20.45,8420.0
6023,0.75,-0.97,0.86,-49.04,34.56,-82.38,15.78,-35.71,27.15,408.28,27.19,9961.67
6024,0.19,-0.67,0.37,-0.41,0.74,-11.52,-8.41,-5.26,4.11,408.52,18.56,9961.67
6025,-0.15,-0.03,-0.3,44.52,-40.49,48.56,-25.19,11.52,-5.26,408.85,13.37,9965.0
6026,-0.27,0.27,-0.82,78.34,-89.12,79.0,-41.97,38.26,-22.04,241.38,8.19,10016.67
6027,-0.11,0.04,-0.26,55.3,-40.49,26.33,-7.82,18.93,-2.7,241.18,18.53,10016.67
6028,0.45,-0.3,0.3,21.48,-6.67,-4.11,8.96,-0.41,17.78,240.98,23.71,10020.0
6029,0.37,-0.11,0.48,32.92,11.52,-7.82,5.26,-7.82,15.22,240.95,30.63,10023.33
6030,-0.11,0.33,0.03,41.15,-48.56,18.93,-51.11,4.11,-7.82,241.08,25.67,10040.0
6031,-0.37,0.07,0.11,4.11,-41.15,11.52,-41.15,7.82,-15.22,241.02,20.49,10036.67
6032,-0.6,0.07,0.15,-32.92,-41.15,26.0,-37.45,15.22,-12.67,459.43,16.97,8023.33
6033,0.04,-0.26,0.48,-66.74,18.93,-18.93,8.96,-0.41,17.78,459.37,10.0,8006.67
6034,-0.48,0.59,-0.34,-6.67,-7.82,41.15,-47.41,11.52,-5.26,673.4,11.71,6163.33
6035,-0.19,0.52,-0.67,-6.67,-26.0,26.67,-65.6,5.26,-7.82,702.24,13.48,5163.33
6036,-0.49,0.64,-1.12,41.97,-74.64,97.52,-112.01,20.89,-38.26,904.88,13.48,3750.0
6037,0.26,0.0,-0.48,-6.67,-55.3,26.67,-59.34,1.56,-17.78,690.89,1.44,5576.67
6038,0.82,-0.44,0.19,-14.89,-21.48,-0.08,-14.41,-7.82,-2.15,443.4,-0.33,8576.67
6039,0.67,0.04,0.04,-4.11,-7.0,-11.52,-2.96,-10.37,8.96,240.85,-0.33,9993.33
6040,0.48,-0.22,0.26,10.37,0.41,-22.96,-9.22,-4.11,7.82,240.75,15.19,9996.67
6041,-0.26,0.52,-0.48,44.19,-18.93,18.26,-39.67,4.11,-7.82,240.98,18.7,10010.0
6042,0.22,-0.48,0.34,-26.67,7.82,-30.37,-4.7,-8.96,11.52,240.88,32.41,10023.33
6043,0.45,-0.19,0.22,-15.56,0.41,-0.74,-2.15,-18.93,18.93,240.92,34.15,10033.33
6044,0.97,-1.12,1.15,-60.49,56.78,-49.37,18.34,-38.26,38.26,240.65,28.93,10033.33
6045,1.23,-0.86,1.08,-23.45,49.38,-41.97,24.6,-41.97,28.3,240.62,13.41,10016.67
6046,0.37,-0.34,0.74,-7.82,4.11,-0.74,5.26,-15.22,11.52,240.92,6.49,10020.0
6047,0.03,0.19,-0.0,37.11,-66.74,37.11,-41.15,7.82,-15.22,241.08,3.23,10010.0
6048,-0.9,0.67,-0.49,45.34,-112.01,63.86,-82.38,24.6,-24.6,241.22,5.04,10020.0
6049,-0.37,0.22,-0.22,-7.33,-51.93,18.93,-65.6,5.26,-4.11,460.76,-1.89,7968.33
6050,-0.52,0.56,-0.34,-32.92,-37.45,11.52,-65.6,5.26,-4.11,460.76,-1.89,7968.33
6051,-0.22,0.59,-0.23,4.11,-7.82,11.52,-47.41,11.52,-5.26,460.86,6.63,7968.33
6052,-0.52,0.86,-0.67,60.49,-56.45,30.86,-64.19,30.86,-25.74,241.32,13.56,10006.67
6053,-0.67,0.71,-0.34,67.89,-82.38,49.04,-64.19,30.86,-25.74,241.32,13.56,10000.0
6054,-0.64,0.45,-0.56,45.67,-100.56,74.97,-64.19,30.86,-25.74,241.18,20.49,9986.67
6055,-0.34,0.19,-0.11,-10.7,-51.93,55.63,-47.41,11.52,-5.26,240.98,25.67,9993.33
6056,-0.45,0.11,-0.15,-3.3,-22.3,41.15,-25.19,8.96,-1.56,493.34,20.3,6830.0
6057,-0.48,0.19,-0.08,-7.0,-22.3,4.11,-43.37,2.7,-0.41,493.37,4.85,6830.0
6058,-0.71,0.45,-0.56,63.86,-70.93,38.26,-78.34,15.78,-19.75,493.47,-8.86,6840.0
6059,-0.38,0.34,-0.71,60.15,-89.12,27.15,-89.12,15.78,-12.34,450.45,-8.86,8340.0
6060,-0.08,0.08,-0.26,3.78,-40.49,7.82,-54.15,2.7,7.0,670.09,-7.26,6305.0
6061,0.04,-0.22,0.26,-30.04,8.15,-22.63,-12.93,-14.08,16.37,669.96,-9.08,6305.0
6062,0.6,-0.63,0.52,-56.78,41.97,-67.89,32.0,-23.45,28.3,460.5,1.26,7968.33
6063,0.6,-0.63,0.52,-56.78,41.97,-67.89,32.0,-23.45,28.3,460.5,1.26,7968.33
6064,0.3,0.07,-0.18,-22.96,7.82,-26.67,1.56,3.29,11.52,460.66,4.67,7958.33
6065,-0.41,0.74,-0.67,7.48,-11.52,55.63,-43.37,12.67,-0.41,460.83,-7.26,7955.0
6066,-0.3,0.48,-0.41,33.41,10.7,51.93,-43.37,15.22,-11.52,240.95,4.85,10000.0
6067,0.41,-0.3,0.22,-26.0,30.04,-7.48,-16.63,-7.82,15.22,240.82,16.96,10000.0
6068,0.63,-0.56,0.41,-15.22,15.56,-29.71,-28.07,-5.26,4.11,240.78,23.93,10020.0
6069,0.59,-0.63,0.3,-41.15,-14.07,-29.71,-25.52,-5.26,4.11,412.63,18.75,9808.33
6070,0.41,-0.89,0.52,-26.67,-6.67,-41.15,-25.52,-2.7,-7.0,412.5,18.75,9818.33
6071,0.74,-1.41,1.27,-71.6,64.19,-79.0,27.15,-22.04,13.49,412.4,9.97,9811.67
6072,0.07,-0.67,0.71,-26.33,11.52,-44.85,4.11,-12.67,1.56,240.85,16.89,10030.0
6073,-0.0,-0.23,0.45,-40.82,18.93,-33.41,11.52,-11.52,5.26,240.92,15.11,10020.0
6074,0.15,-0.11,0.0,-37.11,-18.11,-55.63,11.52,-11.52,5.26,240.92,15.11,10020.0
6075,0.34,0.15,-0.26,-11.52,7.82,-41.15,-2.96,-10.37,8.96,240.85,-0.33,10010.0
6076,0.63,0.0,-0.11,14.07,-7.0,-22.96,-10.37,-21.48,12.67,240.82,3.18,10013.33
6077,0.48,-0.22,0.26,10.37,0.41,-22.96,-16.63,-17.78,22.63,437.96,11.96,8798.33
6078,0.48,-0.22,0.26,10.37,0.41,-22.96,-2.15,-18.93,18.93,606.54,18.93,8715.0
6079,-0.48,0.22,-0.11,55.63,-15.22,3.78,-28.89,11.52,-4.11,811.52,17.19,7208.33
6080,-0.3,0.48,-0.34,41.15,-22.63,15.22,-22.63,7.82,-14.08,614.37,8.41,8410.0
6081,0.0,-0.22,0.37,7.33,11.52,-26.0,4.11,-7.82,-1.0,445.67,-0.37,8506.67
6082,0.71,-0.93,0.82,-74.97,34.56,-60.15,34.56,-34.56,15.78,240.75,-15.89,10003.33
6083,-0.18,-0.41,0.45,-41.15,-10.7,-15.22,4.11,-7.82,-1.0,413.52,1.37,9760.0
6084,-0.3,-0.11,-0.07,-7.33,-59.34,15.22,-18.93,15.22,-11.52,413.75,11.71,9750.0
6085,-0.26,-0.04,0.04,18.6,-29.71,15.22,-22.63,21.48,-12.67,413.65,27.23,9763.33
6086,0.22,-0.48,0.48,10.37,30.37,-11.52,4.11,-1.56,14.08,427.21,9.97,9221.67
6087,0.34,-0.78,1.0,-23.45,79.0,-41.97,23.45,-20.89,34.56,427.01,15.15,9218.33
6088,0.56,-0.6,0.82,-12.34,41.97,-34.56,30.86,-19.75,38.26,622.07,15.15,8083.33
6089,0.37,-0.3,0.33,7.0,-6.67,-18.93,4.11,3.29,11.52,435.91,18.56,8885.0
6090,0.04,0.26,-0.37,30.04,-40.82,33.74,-33.41,16.37,-7.82,436.21,15.08,8898.33
6091,-0.04,0.19,-0.63,22.63,-40.82,4.11,-33.41,16.37,-7.82,241.22,13.3,10020.0
6092,0.37,-0.44,0.0,-7.82,0.41,-41.15,-9.22,-4.11,7.82,240.95,25.41,10016.67
6093,0.93,-1.34,0.86,-41.97,27.15,-123.45,32.0,-20.89,17.19,240.62,22.15,10003.33
6094,0.71,-1.12,0.97,-60.15,41.97,-112.01,24.6,-32.0,20.89,240.58,20.45,10016.67
6095,0.3,-0.48,0.34,-29.71,0.74,-66.74,-21.81,-18.93,1.56,240.78,13.71,10003.33
6096,0.33,-0.41,0.04,-29.71,30.37,-44.52,-28.07,-22.63,7.82,487.0,16.97,7045.0
6097,-0.3,-0.07,-0.3,4.11,-29.71,0.41,-65.6,-2.15,-7.82,487.2,6.74,7035.0
6098,0.16,-0.61,0.08,-55.96,15.22,-30.0,-20.33,-17.78,22.63,742.22,10.11,3741.67
6099,-0.29,0.13,-0.11,0.41,-37.45,4.15,-44.52,12.67,-0.41,496.17,1.48,6696.67
6100,0.05,-0.09,-0.22,15.22,-26.0,30.07,-33.74,22.63,-7.82,679.19,1.48,6030.0
6101,0.22,0.11,-0.08,55.96,-37.11,44.85,-30.04,25.19,-18.93,423.97,4.85,9336.67
6102,0.63,-0.7,0.41,-0.41,-14.07,-11.52,0.41,-1.56,-2.15,423.8,1.44,9350.0
6103,0.48,-0.22,0.26,10.37,0.41,-22.96,-21.81,-8.96,-5.85,240.75,8.41,10016.67
6104,0.41,-0.3,0.0,2.96,0.41,-52.59,-14.41,-7.82,-2.15,240.82,6.63,10006.67
6105,0.04,0.26,-0.7,37.11,-40.82,29.71,-67.08,11.52,-22.63,240.92,15.41,10006.67
6106,-0.15,0.0,-0.44,11.52,-66.74,15.22,-67.08,11.52,-22.63,240.92,15.41,10013.33
6107,-1.01,0.56,-0.67,27.15,-112.01,71.6,-101.23,30.86,-41.97,413.72,18.93,9766.67
6108,-0.63,0.0,0.04,-7.0,-70.78,-10.7,-54.82,17.78,-22.63,413.52,25.67,9753.33
6109,-0.04,-0.41,0.45,-52.26,-10.7,-41.15,-2.15,-1.56,-2.15,413.42,16.89,9756.67
6110,0.3,-0.63,0.34,-37.45,0.74,-15.22,-2.15,-1.56,-2.15,423.8,1.44,9340.0
6111,-0.04,0.0,-0.33,7.48,-40.49,44.85,-48.56,11.52,-21.48,424.0,-5.3,9346.67
6112,-0.34,0.45,-0.63,89.78,-70.93,75.3,-89.78,28.3,-30.86,424.17,6.74,9336.67
6113,-0.49,0.82,-0.52,82.38,-56.45,63.86,-82.38,20.89,-24.6,490.96,13.71,6920.0
6114,-0.37,0.52,-0.0,48.56,-7.82,33.41,-33.41,-2.15,2.15,490.8,16.97,6920.0
6115,0.15,0.07,0.33,-33.74,22.63,6.67,11.52,-18.93,10.37,739.33,4.93,3878.33
6116,0.04,-0.04,0.48,-33.74,-3.3,6.67,-6.67,-21.48,11.52,489.52,-2.04,6958.33
6117,-0.26,0.67,-0.23,0.08,-37.45,47.89,-26.0,5.26,-5.26,696.75,-5.3,5371.67
6118,-1.08,1.08,-0.67,45.34,-97.52,74.64,-56.45,20.89,-17.19,659.76,11.96,6663.33
6119,-0.48,0.3,-0.26,-7.33,-44.85,26.0,-21.48,0.41,-1.56,870.19,20.49,4958.33
6120,-0.6,0.07,0.15,-25.52,-70.78,26.0,-39.67,-5.85,-0.41,861.27,25.45,5291.67
6121,-0.37,0.26,-0.04,-25.52,-44.85,22.3,-43.37,5.26,-4.11,649.93,21.93,7038.33
6122,-0.15,0.48,-0.23,-14.07,-52.26,11.52,-33.41,16.37,-7.82,439.33,21.93,8753.33
6123,0.15,0.3,-0.45,4.11,-40.82,0.74,-15.22,22.63,-8.96,437.13,8.19,8836.67
6124,0.78,-0.44,-0.03,-11.52,-21.48,-51.93,15.22,-4.11,7.82,606.48,8.19,8715.0
6125,0.78,-0.44,-0.03,-11.52,-21.48,-51.93,5.26,-5.26,4.11,606.42,13.37,8705.0
6126,1.15,-0.97,0.71,-56.45,49.38,-89.78,22.04,-22.04,13.49,614.16,25.41,8413.33
6127,0.56,-0.63,0.37,-15.22,33.74,-7.48,-8.41,-6.41,4.11,689.43,13.48,5621.67
6128,0.26,-0.48,0.41,-15.22,70.78,7.0,-5.85,-5.26,7.82,930.82,1.37,2833.33
6129,-0.41,0.22,-0.11,11.52,-11.52,55.63,-30.04,15.22,-7.82,727.19,-7.26,4305.0
6130,-0.52,0.56,-0.26,0.74,-15.22,55.63,-52.26,18.93,-18.93,482.31,-0.3,7218.33
6131,-0.75,0.78,-0.75,60.15,-86.08,89.78,-79.0,38.26,-38.26,241.18,-0.3,10003.33
6132,-0.11,-0.03,-0.3,33.41,-33.41,18.93,-44.85,18.93,-18.93,240.98,10.04,9990.0
6133,-0.26,-0.15,-0.04,18.6,-59.34,-7.0,-44.85,18.93,-18.93,432.58,18.52,8993.33
6134,-0.0,-0.34,0.37,-40.82,-10.7,-55.63,-18.11,-11.52,4.11,432.35,27.15,8993.33
6135,-0.11,0.03,0.19,-66.74,-3.3,-29.71,-25.52,-15.22,11.52,432.41,28.93,9003.33
6136,0.19,-0.11,0.15,-55.63,8.15,-40.82,0.41,-18.93,18.93,240.92,28.93,10006.67
6137,-0.45,0.22,-0.19,-21.81,-51.93,4.11,-22.63,0.41,-0.41,241.18,34.15,10016.67
6138,-0.97,0.67,-0.45,30.86,-112.01,49.04,-41.97,19.75,-20.89,241.38,28.97,10006.67
6139,-0.56,0.15,0.26,0.41,-41.15,26.0,-18.93,7.82,2.15,241.08,13.52,10020.0
6140,0.18,-0.56,0.56,-18.93,41.15,-8.15,1.56,-11.52,21.48,487.1,8.3,7058.33
6141,0.18,-0.56,0.56,-18.93,41.15,-8.15,-16.63,-17.78,22.63,685.11,11.71,5808.33
6142,-0.37,0.22,-0.37,15.22,-15.22,51.93,-54.15,-4.7,3.29,685.55,21.93,5805.0
6143,-0.45,0.19,-0.11,-10.7,-44.85,51.93,-44.19,6.41,-0.41,439.3,23.64,8766.67
6144,-0.52,0.15,-0.26,-18.11,-44.85,37.45,-55.63,8.96,-11.52,241.15,18.67,10030.0
6145,-0.52,0.15,-0.26,-18.11,-44.85,37.45,-44.85,18.93,-18.93,240.98,10.04,10010.0
6146,-0.7,0.45,-0.37,18.93,-37.45,44.85,-54.82,17.78,-22.63,240.92,11.82,10016.67
6147,-0.22,-0.26,0.11,10.7,44.85,10.7,16.04,-5.26,-3.29,494.53,13.41,6795.0
6148,0.12,-0.82,0.82,-12.34,79.0,-41.97,42.78,-28.3,23.45,494.39,25.52,6801.67
6149,-0.03,-0.59,0.26,10.7,30.37,10.7,22.3,-18.93,11.52,494.69,27.26,6798.33
6150,-0.3,0.3,-0.41,18.93,-26.0,41.15,-18.93,7.82,2.15,241.22,27.23,10006.67
6151,-0.63,0.86,-1.12,41.97,-60.15,93.82,-45.67,30.86,-24.6,241.35,15.11,10006.67
6152,-0.67,1.12,-0.9,64.19,-41.97,67.89,-60.15,32.0,-20.89,241.32,9.89,10000.0
6153,-0.6,0.97,-0.6,101.23,-38.26,71.6,-60.15,32.0,-20.89,241.32,9.89,9993.33
6154,-0.75,0.85,-0.34,86.41,-64.19,45.67,-52.75,28.3,-14.63,241.38,16.82,10006.67
6155,-1.04,0.82,-0.45,86.41,-93.82,45.67,-52.75,28.3,-14.63,474.01,22.04,7506.67
6156,-0.85,0.33,-0.11,41.15,-63.37,18.93,-33.41,11.52,-5.26,473.68,27.23,7513.33
6157,0.08,-0.15,0.37,32.92,-18.11,-7.82,-10.37,-11.52,5.26,473.45,16.89,7510.0
6158,0.78,-0.93,0.97,-23.45,34.56,-64.19,27.15,-22.04,13.49,240.55,15.15,10023.33
6159,0.48,-0.22,0.26,10.37,0.41,-22.96,-10.37,-11.52,5.26,240.78,1.44,10033.33
6160,-0.15,0.11,-0.26,29.71,-33.41,-7.33,-33.41,11.52,-5.26,241.02,11.78,10036.67
6161,-0.78,0.93,-0.71,49.04,-56.45,63.53,-52.75,28.3,-14.63,459.73,10.0,8023.33
6162,-0.26,0.0,0.22,4.11,-0.08,14.89,-17.78,17.78,-6.41,459.5,23.71,8016.67
6163,0.3,-0.41,0.48,-22.63,33.74,-30.37,5.26,-5.26,4.11,628.98,27.12,7878.33
6164,0.89,-1.19,0.9,-67.89,56.78,-79.0,22.04,-24.6,24.6,410.4,28.89,9891.67
6165,0.86,-1.26,0.79,-93.82,27.15,-79.0,24.6,-24.6,24.6,410.4,28.89,9888.33
6166,0.15,-0.59,0.3,-63.37,7.82,3.3,-5.85,2.15,7.82,240.85,18.56,10006.67
6167,-0.45,0.19,-0.11,-10.7,-44.85,51.93,-22.63,21.48,-12.67,241.05,13.37,10003.33
6168,-0.22,0.41,-0.3,0.74,-52.26,41.15,-22.63,18.93,-1.56,241.18,15.11,10003.33
6169,0.26,-0.04,0.44,-22.3,-18.11,-29.71,7.82,-11.52,21.48,475.02,13.52,7468.33
6170,0.86,-0.82,0.86,-74.97,34.56,-78.34,27.15,-30.86,41.97,474.82,18.7,7465.0
6171,0.45,-0.75,0.93,-49.38,49.37,-60.15,34.56,-27.15,34.56,680.82,1.44,5923.33
6172,0.41,-0.82,0.86,-86.41,49.37,-45.67,34.56,-23.45,28.3,446.82,-0.37,8475.0
6173,-0.29,-0.11,0.41,-4.11,26.33,-11.52,15.22,-4.11,7.82,632.06,-0.37,7718.33
6174,0.11,-0.19,0.33,-29.71,11.52,-29.71,7.82,-15.22,11.52,425.95,11.67,9273.33
6175,0.34,-0.33,0.15,-18.26,-3.29,-55.63,11.52,-7.82,14.08,655.16,25.41,6888.33
6176,1.04,-1.04,0.6,-100.56,19.75,-89.78,28.3,-34.56,30.86,680.46,20.23,5930.0
6177,0.37,-0.33,0.0,-51.93,11.52,-48.56,-9.22,-14.08,15.22,901.47,18.53,3833.33
6178,0.48,-0.26,0.04,-33.74,11.52,-18.93,-16.63,-15.22,11.52,887.41,20.3,4333.33
6179,-0.04,0.6,-0.78,26.33,-15.22,41.15,-33.41,11.52,-5.26,677.08,20.3,6045.0
6180,0.67,-0.07,-0.07,3.29,-7.0,18.11,7.82,-5.26,4.11,456.13,9.97,8125.0
6181,0.63,-0.11,0.04,-14.89,-7.0,-0.08,15.22,-4.11,7.82,240.95,4.78,10006.67
6182,0.48,-0.22,0.3,-29.71,-32.92,-26.0,15.22,-4.11,7.82,240.95,4.78,10000.0
6183,0.19,-0.08,0.15,-55.3,-18.11,-44.19,18.93,3.29,10.37,240.92,18.53,10013.33
6184,-0.37,0.22,-0.33,-6.67,-51.93,26.67,-37.45,15.22,-12.67,241.05,16.97,10016.67
6185,-0.08,0.08,-0.37,4.44,-40.49,15.56,-37.45,15.22,-12.67,241.05,16.97,10026.67
6186,-0.71,0.41,-0.71,75.3,-100.56,60.49,-82.38,24.6,-24.6,473.88,20.49,7516.67
6187,-0.97,0.67,-0.45,67.89,-112.01,49.04,-52.75,28.3,-14.63,474.01,22.04,7516.67
6188,-1.27,0.82,-0.41,56.78,-123.45,60.15,-52.75,28.3,-14.63,474.01,22.04,7523.33
6189,-0.37,0.3,-0.04,-14.07,-78.19,15.22,-11.52,11.52,-5.26,241.22,4.78,10023.33
6190,0.04,-0.19,0.26,-29.71,-18.11,-26.0,15.22,-4.11,7.82,240.95,8.19,10026.67
6191,0.19,-0.07,-0.0,-14.89,7.82,-0.08,15.22,-4.11,7.82,240.95,8.19,10016.67
6192,0.0,-0.22,0.3,-0.41,44.85,10.7,8.96,-0.41,17.78,240.98,23.71,10016.67
6193,-0.19,0.08,-0.19,18.93,-3.78,26.34,-35.97,8.96,5.85,241.15,11.78,10003.33
6194,-0.04,-0.18,0.04,15.22,-18.26,-10.7,-54.15,2.7,7.0,450.35,4.85,8333.33
6195,-0.56,0.71,-0.89,41.97,-74.64,37.93,-78.34,25.74,-19.75,678.33,-1.89,6000.0
6196,0.07,0.37,-0.59,15.22,-40.82,22.3,-40.82,15.22,-11.52,893.34,11.82,4125.0
6197,-0.0,0.71,-0.74,4.11,-26.33,29.71,-52.26,17.78,-22.63,684.01,17.19,5795.0
6198,-0.04,0.6,-0.74,11.52,-26.33,41.15,-63.04,7.82,-15.22,456.13,10.22,8135.0
6199,-0.63,0.86,-1.12,41.97,-60.15,93.82,-89.78,28.3,-30.86,241.15,-1.89,10006.67
6200,-0.86,0.67,-0.93,41.97,-86.08,97.52,-89.78,28.3,-30.86,241.15,-1.89,10016.67
6201,-0.71,0.41,-0.71,38.26,-100.56,60.49,-75.3,27.15,-34.56,430.56,-0.3,9093.33
6202,-0.34,-0.15,-0.0,4.11,-59.34,-21.81,-51.11,6.67,-18.93,430.29,11.82,9103.33
6203,-0.15,0.11,-0.26,29.71,-33.41,-7.33,-21.48,10.37,-8.96,637.36,11.82,7506.67
6204,0.26,-0.52,0.37,-0.74,7.82,-52.59,5.26,-5.26,4.11,447.82,8.41,8433.33
6205,0.3,-0.41,0.45,-0.74,37.45,-30.37,15.22,-4.11,7.82,632.12,4.93,7718.33
6206,1.0,-1.19,1.08,-41.97,67.89,-89.78,34.56,-30.86,24.6,647.07,13.41,7176.67
6207,0.89,-0.78,0.89,-56.45,97.52,-63.86,30.86,-23.45,27.15,888.36,16.82,4375.0
6208,1.04,-0.63,0.6,-70.93,60.49,-74.64,20.89,-34.56,30.86,704.09,16.82,5080.0
6209,0.75,-0.52,0.63,-100.56,64.19,-60.15,24.6,-30.86,24.6,661.97,2.96,6663.33
6210,0.48,-0.37,0.11,-51.93,-6.67,-3.78,-12.93,-21.48,12.67,420.82,1.37,9465.0
6211,-0.04,0.0,-0.33,7.48,-40.49,44.85,-59.34,1.56,-14.08,420.98,-1.89,9465.0
6212,0.29,-0.07,-0.26,44.52,-55.3,48.56,-63.04,5.26,-4.11,241.02,10.22,10003.33
6213,0.33,0.11,-0.34,29.71,-55.3,22.63,-63.04,5.26,-7.82,488.34,23.93,6993.33
6214,0.59,-0.08,0.07,-29.71,-6.67,-26.0,-10.37,-14.08,12.67,488.24,15.15,6993.33
6215,-0.11,0.59,-0.6,-21.48,-26.0,-2.96,-29.71,5.26,-7.82,488.44,9.97,7006.67
6216,-0.3,0.89,-0.67,4.11,-11.52,11.52,-18.93,15.22,-11.52,241.15,-2.15,10010.0
6217,-0.78,1.34,-1.27,52.75,-45.67,82.38,-45.67,30.86,-24.6,241.35,15.11,10016.67
6218,-0.85,1.27,-1.34,67.56,-45.67,112.01,-45.67,30.86,-24.6,241.35,15.11,10003.33
6219,-0.55,0.56,-0.63,33.74,-11.52,70.78,-21.48,10.37,-8.96,241.08,27.23,10010.0
6220,-0.11,0.04,0.04,-26.34,22.63,14.41,8.96,2.15,6.67,240.85,23.71,10006.67
6221,-0.03,0.11,0.11,-41.15,22.63,-15.22,5.26,-5.26,4.11,240.82,30.63,10016.67
6222,0.08,0.15,0.07,-78.19,22.63,-18.93,5.26,-7.82,15.22,240.95,30.63,10010.0
6223,-0.03,0.11,0.11,-41.15,22.63,-15.22,-4.7,-11.52,22.63,241.02,32.41,10003.33
6224,0.08,-0.3,0.19,-26.34,8.15,14.41,-19.19,-10.37,26.33,240.95,16.96,10006.67
6225,-0.33,0.37,-0.48,44.52,-26.0,59.34,-54.15,2.7,7.0,428.31,10.22,9170.0
6226,-0.75,0.86,-0.78,60.15,-86.08,100.56,-74.64,14.63,-16.04,428.48,11.96,9176.67
6227,-0.86,1.26,-0.86,45.34,-71.6,70.93,-86.08,17.19,-27.15,609.39,20.49,8583.33
6228,-0.45,0.59,-0.19,-25.52,-37.45,26.0,-51.11,-3.29,-11.52,421.93,23.75,9430.0
6229,0.41,0.07,0.15,-41.15,7.82,-15.22,-30.63,-15.22,11.52,421.76,22.01,9443.33
6230,0.67,-0.56,0.78,-49.38,41.97,-38.26,15.78,-28.3,30.86,240.62,27.19,10036.67
6231,0.75,-0.89,0.93,-49.38,34.56,-41.97,25.74,-17.19,27.15,240.65,28.89,10020.0
6232,0.19,-0.56,0.37,-15.56,0.74,-11.52,1.56,5.85,0.41,240.78,16.78,10000.0
6233,0.3,-0.52,0.34,-52.59,0.74,-15.22,11.52,7.0,4.11,240.85,15.0,9996.67
6234,0.56,-0.26,0.26,-15.56,-6.67,-7.82,7.82,-0.41,1.56,240.88,1.26,10003.33
6235,1.12,-0.6,0.82,-49.38,27.15,-38.26,34.56,-30.86,24.6,240.65,15.11,10016.67
6236,0.82,-0.15,0.52,32.92,-3.29,-7.82,4.11,-22.63,8.96,240.88,18.63,10016.67
6237,0.71,-0.08,0.48,-4.11,11.52,-7.82,7.82,-22.63,7.82,489.58,18.63,6971.67
6238,0.41,0.07,0.33,-29.71,26.33,-26.0,15.22,-11.52,4.11,489.62,15.11,6975.0
6239,1.01,-0.49,0.6,-100.56,41.97,-70.93,45.67,-19.75,19.75,489.38,11.6,6961.67
6240,0.48,-0.04,0.26,-18.26,11.52,-44.19,15.22,-4.11,7.82,240.88,27.12,10000.0
6241,0.78,-0.19,0.41,7.33,-3.29,-26.0,15.22,-4.11,7.82,240.88,27.12,9990.0
6242,0.22,0.11,-0.08,55.96,-37.11,44.85,-41.15,7.82,-15.22,443.6,15.19,8580.0
6243,0.11,0.3,-0.45,26.33,-40.82,59.34,-44.85,18.93,-18.93,671.41,8.45,6250.0
6244,-0.11,0.0,-0.33,15.22,-33.41,29.71,-48.56,11.52,-21.48,671.45,-5.3,6260.0
6245,-0.22,0.41,-0.41,0.41,-18.93,0.08,-48.56,11.52,-21.48,649.81,3.23,7093.33
6246,0.08,-0.26,0.3,-15.22,15.22,-41.15,-24.37,-18.93,1.56,421.73,6.49,9423.33
6247,0.04,-0.22,0.26,-41.15,15.22,-18.93,-30.63,-22.63,7.82,632.3,16.82,7705.0
6248,-0.11,-0.37,0.59,-41.15,11.52,-0.74,-4.7,-15.22,11.52,691.32,20.23,5538.33
6249,-0.6,0.07,0.15,-32.92,-48.56,26.0,-28.89,15.22,-11.52,864.15,25.45,5291.67
6250,-0.41,0.26,-0.19,-3.29,-55.96,3.78,-26.33,22.63,-7.82,653.62,30.63,6993.33
6251,-0.48,0.22,-0.33,-3.29,-78.19,-10.7,-22.63,18.93,-1.56,413.78,27.23,9740.0
6252,-0.41,0.26,-0.19,4.11,-78.19,3.78,-15.22,15.22,4.7,241.25,20.3,9990.0
6253,-1.12,0.93,-0.67,34.56,-97.52,86.08,-38.26,27.15,-18.34,241.42,22.04,10006.67
6254,-0.97,0.82,-0.71,71.6,-86.08,82.38,-67.89,27.15,-28.3,496.15,28.97,6760.0
6255,-0.37,0.15,-0.52,89.86,-56.45,93.82,-71.6,19.75,-30.86,753.42,30.78,3426.67
6256,-0.37,0.15,-0.52,89.86,-56.45,93.82,-86.08,20.89,-27.15,753.35,15.33,3410.0
6257,0.15,-0.48,0.08,7.56,-15.22,63.37,-39.67,4.11,-7.82,498.28,13.59,6653.33
6258,0.41,-0.33,0.0,-33.74,0.41,10.7,-16.63,-5.26,4.11,455.93,16.96,8111.67
6259,0.41,-0.33,0.0,-33.74,0.41,10.7,1.56,1.0,2.97,456.03,25.49,8121.67
6260,0.04,0.26,-0.59,22.63,-40.82,33.74,-15.22,17.78,-6.41,456.36,20.3,8135.0
6261,-0.74,0.86,-1.12,53.08,-60.15,86.41,-52.75,28.3,-14.63,241.35,6.6,10016.67
6262,-0.3,0.34,-0.45,-7.0,-26.0,30.04,-33.41,11.52,-5.26,241.02,11.78,10010.0
6263,-0.59,0.48,-0.41,-18.11,-37.45,41.15,-37.11,4.11,-7.82,240.98,18.7,10006.67
6264,-0.18,-0.19,0.52,-66.74,-18.11,-41.15,0.41,-5.26,11.52,492.05,30.56,6875.0
6265,-0.56,0.41,-0.08,-21.48,-52.26,-14.41,-48.56,7.82,-7.82,492.25,23.82,6888.33
6266,-0.37,0.67,-0.34,4.11,-26.33,0.08,-44.85,15.22,-5.26,492.28,16.9,6891.67
6267,-0.93,1.23,-1.01,37.93,-71.6,56.45,-71.6,34.56,-32.0,241.25,6.63,10016.67
6268,-1.0,0.93,-0.86,74.97,-86.08,56.45,-71.6,38.26,-32.0,496.12,15.11,6756.67
6269,-1.12,0.71,-0.45,56.78,-112.01,56.45,-79.0,41.97,-38.26,496.05,8.18,6743.33
6270,-0.52,0.3,-0.04,11.52,-51.93,26.0,-44.85,22.63,-18.93,495.85,18.52,6736.67
6271,-0.04,0.07,0.33,-59.34,-3.3,-15.22,11.52,7.0,4.11,240.85,15.0,9990.0
6272,0.08,0.29,-0.07,-41.15,22.63,-15.22,15.22,-4.11,7.82,240.88,28.86,9993.33
6273,0.11,0.37,-0.15,-29.71,22.63,-29.71,15.22,-4.11,7.82,414.71,16.93,9708.33
6274,0.41,0.22,-0.0,-4.11,7.82,-11.52,5.26,-15.22,11.52,414.67,15.22,9698.33
6275,0.93,-0.82,0.86,-49.04,34.56,-82.38,25.74,-27.15,34.56,414.51,13.48,9698.33
6276,1.04,-1.15,1.19,-34.56,56.78,-71.6,15.78,-28.3,30.86,444.51,23.71,8531.67
6277,1.04,-1.15,1.19,-34.56,56.78,-71.6,18.34,-28.3,30.86,444.51,23.71,8538.33
6278,0.52,-0.11,0.33,10.37,30.04,-0.74,-2.15,-16.37,7.82,444.68,25.45,8538.33
6279,0.71,0.07,0.15,21.48,-7.0,6.67,0.41,-26.33,15.22,240.82,30.67,10003.33
6280,0.37,0.15,0.07,-15.56,7.82,2.96,-2.15,-18.93,18.93,460.66,22.04,7961.67
6281,0.52,-0.33,0.22,-15.56,-6.67,14.41,-2.15,-18.93,18.93,683.75,6.59,5798.33
6282,-0.17,-0.03,-0.39,14.86,-14.89,70.78,-17.78,7.82,2.15,937.54,6.41,2525.0
6283,-0.77,0.38,-0.8,60.12,-74.97,101.23,-41.97,30.86,-24.6,890.53,20.26,4316.67
6284,-1.03,0.64,-0.54,41.93,-86.41,89.78,-67.89,34.56,-32.0,667.34,27.23,6486.67
6285,-1.12,0.93,-0.67,34.56,-97.52,86.08,-79.0,38.26,-38.26,607.48,22.19,8670.0
6286,-1.12,0.93,-0.67,34.56,-97.52,86.08,-75.3,27.15,-34.56,434.92,22.19,8923.33
6287,-1.19,0.89,-0.82,27.15,-97.52,71.6,-75.3,27.15,-34.56,434.92,22.19,8926.67
6288,-1.27,0.82,-0.41,19.75,-123.45,60.15,-67.89,23.45,-28.3,241.28,20.49,10020.0
6289,-0.37,0.3,-0.04,-14.07,-78.19,15.22,-47.41,11.52,-5.26,241.12,18.75,10026.67
6290,0.22,-0.11,0.37,-59.34,-18.11,-15.22,-1.0,-11.52,21.48,240.95,22.01,10033.33
6291,0.3,-0.04,-0.04,-51.93,7.82,-3.78,-4.7,-18.93,18.93,240.92,28.93,10026.67
6292,-0.44,0.6,-0.67,-3.3,-11.52,67.08,-39.67,-5.85,-0.41,241.02,15.22,10023.33
6293,-0.85,1.27,-1.34,67.56,-45.67,112.01,-74.64,14.63,-16.04,241.22,5.0,10020.0
6294,-0.3,0.37,-0.48,33.41,-18.93,29.71,-54.15,2.7,7.0,241.05,3.26,10013.33
6295,-0.37,0.3,-0.08,18.6,-15.22,18.26,-35.97,8.96,5.85,459.53,15.19,8006.67
6296,-0.19,-0.11,0.11,18.6,-29.71,7.48,-17.78,15.22,4.7,459.63,23.71,8006.67
6297,-0.0,0.15,-0.11,4.11,-37.11,18.93,-15.22,15.22,4.7,459.63,23.71,8013.33
6298,0.22,-0.03,-0.3,15.22,-55.3,-6.67,-18.93,7.82,2.15,241.22,27.23,10016.67
6299,0.56,-0.67,0.37,-29.71,-14.07,-66.74,0.41,-8.96,11.52,240.88,32.41,10020.0
6300,-0.15,0.11,-0.26,29.71,-33.41,-7.33,-22.63,2.97,-11.52,241.05,34.15,10013.33
6301,0.26,-0.41,0.45,-0.74,37.45,-30.37,0.41,-6.41,0.41,240.75,32.41,10020.0
6302,0.15,-0.04,0.26,-26.67,44.85,-4.44,7.82,-5.26,4.11,240.82,30.63,10013.33
6303,0.56,-0.71,0.93,-97.52,79.0,-49.37,28.3,-17.19,27.15,460.4,16.78,7975.0
6304,0.54,-0.58,0.87,-97.52,56.78,-49.37,39.41,-16.04,30.86,712.82,2.93,4731.67
6305,0.09,-0.06,0.2,-37.45,22.63,7.0,8.96,-7.82,15.22,713.05,6.44,4735.0
6306,-0.21,0.39,-0.1,44.85,-7.82,37.45,-15.22,15.22,-11.52,493.44,6.44,6773.33
6307,-0.89,0.93,-0.71,64.19,-67.89,71.6,-53.08,34.56,-30.86,241.28,8.18,10016.67
6308,-1.08,0.78,-0.34,64.19,-64.19,45.67,-56.78,35.71,-34.56,493.54,-5.67,6840.0
6309,-1.41,0.71,-0.41,27.15,-64.19,45.67,-79.0,28.3,-38.26,719.02,6.44,4593.33
6310,-0.56,0.19,0.15,7.82,-4.11,0.74,-48.56,5.26,-21.48,975.08,4.89,1291.67
6311,-0.15,0.08,-0.04,18.6,-22.3,4.44,-44.85,4.11,-17.78,722.83,18.74,4468.33
6312,0.59,-0.67,0.52,-0.74,0.74,-51.93,11.52,-7.82,5.26,497.15,16.96,6718.33
6313,0.44,-0.93,0.56,-0.74,-6.67,-63.37,5.26,-15.22,11.52,240.85,27.15,10016.67
6314,0.41,-1.0,0.52,-11.52,-6.67,-41.15,1.56,-4.11,7.82,240.82,13.3,10020.0
6315,0.07,-0.37,-0.15,33.41,-47.89,18.93,-43.37,5.26,-4.11,240.98,1.37,10033.33
6316,0.26,-0.11,-0.37,18.93,-55.3,30.37,-37.11,8.96,-10.37,442.62,6.59,8651.67
6317,0.29,-0.03,-0.33,29.71,-55.3,8.15,-47.89,-1.0,-2.97,442.58,5.0,8651.67
6318,0.63,-0.67,0.34,-15.22,-14.07,-51.93,-12.93,-14.08,16.37,442.48,18.7,8635.0
6319,-0.19,-0.11,0.11,26.0,-59.34,7.48,-54.15,2.7,7.0,241.05,3.26,10006.67
6320,0.15,-0.63,0.85,-18.93,11.52,-30.37,-19.19,-17.78,22.63,240.85,13.48,9996.67
6321,0.33,-0.37,0.63,-33.41,4.11,-18.93,-9.22,-14.08,15.22,240.78,11.71,10006.67
6322,1.12,-0.97,0.71,-56.45,49.38,-89.78,32.0,-30.86,24.6,240.65,9.89,10016.67
6323,1.12,-1.08,0.64,-56.45,19.75,-112.01,38.26,-27.15,18.34,240.72,6.63,10013.33
6324,0.52,-0.7,0.23,-11.52,-14.07,-78.19,7.82,-18.93,2.7,240.95,10.15,10003.33
6325,0.03,-0.29,-0.07,29.71,-47.89,-18.11,-22.63,7.82,-14.08,241.12,13.56,9990.0
6326,-0.6,0.52,-0.52,56.45,-100.56,52.75,-49.37,23.45,-27.15,241.32,22.04,9983.33
6327,-0.6,0.71,-0.38,82.38,-82.38,63.86,-53.08,34.56,-30.86,241.28,8.18,9983.33
6328,-0.26,0.07,0.29,37.45,-41.15,3.78,-26.33,4.11,-7.82,419.03,13.56,9531.67
6329,-0.37,0.0,0.18,30.04,-11.52,-10.7,-52.26,7.82,-15.22,644.48,11.82,7288.33
6330,0.19,-0.59,0.3,-22.63,4.11,-67.08,-25.52,-15.22,11.52,852.61,22.15,5666.67
6331,-0.15,0.04,-0.37,22.3,-37.11,-7.0,-44.85,11.52,-5.26,870.74,13.37,4958.33
6332,0.22,-0.14,-0.52,37.11,-55.3,18.93,-15.22,15.22,4.7,645.33,8.19,7208.33
6333,-0.41,0.6,-0.93,52.75,-74.64,71.6,-34.56,34.56,-15.78,437.27,4.78,8833.33
6334,-0.08,-0.03,-0.19,7.82,-3.78,11.52,-7.82,18.93,-2.7,458.67,13.56,8041.67
6335,0.22,-0.15,0.26,-40.82,44.85,-59.34,11.52,-0.41,17.78,458.47,18.75,8055.0
6336,0.71,-1.01,1.12,-60.15,101.23,-89.78,34.56,-23.45,28.3,458.24,8.41,8061.67
6337,-0.0,-0.23,0.45,-40.82,18.93,-33.41,-10.37,-14.08,16.37,240.92,1.44,10013.33
6338,-0.04,-0.3,0.52,-52.26,18.93,-18.93,-12.93,-14.08,16.37,240.92,1.44,10003.33
6339,0.11,-0.19,0.08,-48.56,-18.11,-41.15,-16.63,-10.37,26.33,240.95,16.96,9990.0
6340,1.01,-0.71,0.45,-82.38,27.15,-86.08,24.6,-27.15,35.71,240.82,15.15,9990.0
6341,1.01,-0.71,0.45,-82.38,27.15,-86.08,34.56,-23.45,28.3,240.75,13.37,9986.67
6342,0.34,0.11,-0.04,-41.15,7.82,-15.22,11.52,-11.52,5.26,240.92,15.11,9990.0
6343,0.11,-0.11,0.15,-52.59,15.22,-4.44,5.26,-15.22,11.52,451.48,25.45,8288.33
6344,0.26,-0.37,0.41,-26.67,37.45,-8.15,5.26,-15.22,11.52,635.72,23.75,7580.0
6345,1.0,-1.12,1.15,-60.49,56.78,-49.37,25.74,-24.6,23.45,635.42,22.01,7596.67
6346,1.23,-0.89,0.97,-49.04,49.38,-60.15,32.0,-20.89,17.19,424.86,11.67,9305.0
6347,0.63,-0.11,0.04,-14.89,-7.0,-0.08,5.26,-5.26,4.11,240.88,9.97,10016.67
6348,0.34,0.04,-0.11,-40.49,7.82,-18.26,5.26,-7.82,15.22,241.02,-3.74,10000.0
6349,-0.48,0.59,-0.34,0.74,-37.45,41.15,-47.41,11.52,-5.26,241.12,5.04,9996.67
6350,-0.41,0.67,-0.26,-14.07,-37.45,11.52,-47.41,11.52,-5.26,241.12,5.04,9986.67
6351,-0.89,1.12,-0.86,34.56,-71.6,82.38,-64.19,30.86,-25.74,241.32,13.56,9993.33
6352,-0.6,1.04,-1.19,27.15,-60.15,67.89,-52.75,28.3,-18.34,488.67,20.3,6996.67
6353,-0.11,0.08,-0.41,7.82,-33.41,15.22,-35.97,8.96,2.15,685.59,18.75,5795.0
6354,0.37,-0.37,0.33,-40.82,0.74,-55.63,-12.93,-14.08,12.67,898.2,10.22,4000.0
6355,0.89,-0.86,0.89,-74.64,34.56,-100.56,28.3,-30.86,25.74,852.31,11.96,5625.0
6356,1.12,-0.56,0.78,-63.53,27.15,-70.93,34.56,-34.56,15.78,655.17,3.18,6843.33
6357,0.45,-0.26,0.33,-29.71,-3.29,-26.0,-18.11,-15.22,-4.7,667.96,16.89,6385.0
6358,-0.26,0.52,-0.3,29.71,-22.63,33.41,-41.15,7.82,-15.22,466.63,9.97,7766.67
6359,-1.12,1.04,-0.64,45.34,-67.89,74.64,-93.82,27.15,-35.71,466.73,18.75,7753.33
6360,-0.71,0.93,-0.75,70.93,-86.08,78.34,-82.38,24.6,-24.6,241.22,5.04,10016.67
6361,-0.26,0.33,-0.15,11.52,-51.93,18.93,-63.04,-2.15,-7.82,240.92,6.74,10020.0
6362,0.52,-0.22,0.26,-15.22,8.15,-40.49,-10.37,-17.78,12.67,497.05,-0.19,6731.67
6363,0.37,0.11,0.15,-40.82,22.63,-47.89,7.82,-11.52,11.52,497.15,8.34,6728.33
6364,-0.07,0.71,-0.45,18.6,-11.52,11.52,-11.52,15.22,-5.26,497.45,6.63,6725.0
6365,-0.97,1.19,-0.9,74.97,-41.97,56.45,-41.97,38.26,-22.04,446.13,20.3,8516.67
6366,-0.59,0.63,-0.3,41.15,14.41,29.71,-22.63,22.63,-8.96,687.19,13.37,5715.0
6367,-0.11,-0.37,0.52,-29.71,41.15,-18.93,-5.85,5.85,0.41,686.86,18.56,5701.67
6368,0.22,-0.3,0.52,-29.71,41.15,-18.93,-28.07,-1.56,-3.29,482.04,11.82,7201.67
6369,0.26,-0.26,0.45,-29.71,18.93,-33.41,-28.07,-2.7,-7.0,240.65,23.93,9986.67
6370,-0.26,0.59,-0.37,30.37,-7.82,26.67,-63.04,7.82,-15.22,240.88,10.22,10000.0
6371,-0.26,0.41,-0.52,4.44,-26.0,15.56,-37.11,4.11,-7.82,240.98,18.7,10003.33
6372,-0.3,0.34,-0.45,-7.0,-26.0,30.04,-39.67,1.56,3.29,241.12,18.7,10013.33
6373,-0.45,0.22,-0.19,-21.81,-51.93,4.11,-28.89,11.52,-4.11,241.15,20.3,10006.67
6374,-0.04,-0.41,0.45,-52.26,-10.7,-41.15,-8.41,-7.82,15.22,240.88,15.08,10010.0
6375,0.3,-0.48,0.52,-15.22,-25.52,-37.45,-5.85,-5.26,4.11,240.75,15.08,10013.33
6376,0.89,-0.89,0.93,-60.49,34.56,-67.89,28.3,-24.6,23.45,240.55,25.41,10006.67
6377,0.41,0.07,0.15,-41.15,7.82,-15.22,4.11,5.85,0.41,240.78,16.78,10013.33
6378,-0.03,-0.15,0.15,-41.15,44.85,-22.63,26.0,-4.11,0.41,494.59,11.63,6798.33
6379,-0.03,-0.15,0.15,-41.15,44.85,-22.63,18.6,-15.22,4.11,693.98,1.3,5513.33
6380,0.45,-1.12,0.93,-60.49,71.6,-75.3,45.34,-35.71,19.75,693.71,13.41,5513.33
6381,0.26,-0.56,0.41,-41.15,0.74,-52.26,4.11,-8.96,10.37,440.23,13.37,8718.33
6382,0.37,-0.93,0.6,-15.22,-6.67,-78.19,4.11,1.0,2.97,240.78,25.49,10023.33
6383,-0.11,0.04,-0.19,4.11,-33.41,-25.52,-15.22,17.78,-6.41,241.12,20.3,10010.0
6384,-0.19,0.37,-0.34,-7.0,-18.93,-18.11,-15.22,17.78,-6.41,241.12,20.3,10006.67
6385,-0.82,1.19,-0.79,19.75,-71.6,52.75,-38.26,27.15,-18.34,241.42,22.04,9993.33
6386,-0.67,0.86,-0.67,45.34,-86.08,60.15,-67.89,23.45,-28.3,241.28,20.49,9990.0
6387,-0.6,0.71,-0.38,82.38,-82.38,63.86,-71.6,16.04,-30.86,241.25,27.41,10003.33
6388,-0.19,0.22,-0.08,66.74,-22.3,22.63,-44.85,0.41,-17.78,241.05,10.15,10010.0
6389,0.15,-0.41,0.59,21.81,18.93,-37.45,1.56,-15.22,12.67,240.98,16.89,10010.0
6390,0.04,-0.19,0.22,10.37,15.22,-22.96,-12.93,-14.08,16.37,428.18,8.41,9170.0
6391,0.04,-0.19,0.22,10.37,15.22,-22.96,-16.63,-10.37,26.33,614.51,8.41,8371.67
6392,-0.37,0.45,-0.41,40.82,-26.0,22.3,-51.6,2.7,7.0,614.61,-5.3,8375.0
6393,-0.26,0.22,-0.04,52.26,-22.3,7.82,-51.6,2.7,7.0,427.35,-12.26,9211.67
6394,-0.67,0.71,-0.34,67.89,-82.38,49.04,-78.34,25.74,-19.75,241.18,-8.86,10016.67
6395,-0.67,0.89,-0.19,93.82,-64.19,60.15,-60.15,32.0,-20.89,241.28,-0.33,10010.0
6396,-0.67,0.71,-0.34,67.89,-82.38,49.04,-49.37,41.97,-28.3,241.32,1.26,10010.0
6397,-0.08,-0.07,0.07,15.22,-29.71,0.41,-25.19,11.52,-5.26,451.72,8.19,8288.33
6398,0.52,-0.63,0.34,-55.63,-14.07,-44.52,-5.85,-5.26,4.11,451.38,13.37,8298.33
6399,1.15,-0.97,0.64,-82.38,19.75,-60.15,20.89,-25.74,19.75,666.36,25.49,6420.0
6400,1.38,-0.74,0.45,-52.75,23.45,-70.93,23.45,-25.74,19.75,677.91,32.41,6003.33
6401,1.04,-0.78,0.75,-52.75,23.45,-82.38,23.45,-24.6,30.86,929.21,30.56,2875.0
6402,0.41,-0.44,0.45,-26.0,-10.37,-66.74,-25.52,-11.52,11.52,714.16,23.82,4756.67
6403,-0.19,-0.07,0.04,0.74,-55.3,-32.92,-44.85,15.22,-5.26,492.28,16.9,6888.33
6404,-0.41,0.27,-0.74,49.37,-89.12,49.38,-93.82,27.15,-35.71,443.76,5.04,8596.67
6405,0.22,-0.07,-0.22,30.04,-55.3,33.74,-41.15,7.82,-15.22,443.66,-3.74,8593.33
6406,0.22,-0.07,-0.22,30.04,-55.3,33.74,-41.15,7.82,-15.22,443.66,-3.74,8600.0
6407,0.82,-0.33,0.37,7.0,-21.48,-18.93,11.52,-11.52,5.26,240.98,-5.55,10013.33
6408,0.04,0.26,-0.37,30.04,-40.82,33.74,-15.22,4.11,-7.82,241.18,11.71,10010.0
6409,0.34,0.0,0.07,-26.34,7.82,14.41,1.56,-12.67,1.56,241.02,4.78,10000.0
6410,-0.22,0.34,-0.48,7.48,-26.0,44.85,-25.19,2.97,-11.52,241.22,4.78,9996.67
6411,0.52,-0.3,0.15,-41.15,-6.67,-26.0,5.26,-5.26,4.11,240.98,-2.15,10003.33
6412,0.11,0.26,-0.26,11.52,-40.82,18.93,-11.52,7.82,-5.26,490.86,3.23,6916.67
6413,0.67,-0.07,0.3,-22.3,-7.0,-11.52,11.52,-11.52,14.08,490.6,15.27,6923.33
6414,-0.0,0.63,-0.26,11.52,-26.33,29.71,-44.85,0.41,-8.96,490.73,13.71,6926.67
6415,-0.04,0.6,-0.52,18.93,-26.33,41.15,-52.26,7.82,-15.22,434.65,16.97,8926.67
6416,-0.04,0.6,-0.74,11.52,-26.33,41.15,-52.26,17.78,-22.63,649.86,20.45,7051.67
6417,0.45,-0.37,0.04,-7.82,0.41,-11.52,-5.85,2.15,7.82,846.91,20.45,5833.33
6418,0.89,-0.89,0.71,-67.89,34.56,-67.89,18.34,-28.3,30.86,652.98,20.45,6930.0
6419,0.89,-0.89,0.93,-60.49,34.56,-67.89,18.34,-30.86,41.97,437.86,20.45,8801.67
6420,1.04,-0.67,0.56,-56.78,27.15,-67.89,24.6,-34.56,32.0,240.72,11.67,10016.67
6421,1.34,-0.78,0.52,-45.34,12.34,-82.38,30.86,-30.86,25.74,240.78,-0.37,10003.33
6422,0.6,-0.15,0.04,-29.71,-7.0,-41.15,11.52,-15.22,5.26,490.7,-7.11,6923.33
6423,0.45,-0.37,0.41,-33.41,0.41,-41.15,7.82,-18.93,11.52,668.61,1.67,6458.33
6424,0.41,-0.41,0.26,-15.22,0.41,-52.59,1.56,-22.63,17.78,668.55,13.71,6461.67
6425,0.93,-1.23,0.93,-41.97,56.78,-101.23,18.34,-45.67,34.56,418.53,16.97,9548.33
6426,1.12,-0.97,0.71,-56.45,49.38,-89.78,18.34,-35.71,27.15,240.52,23.71,10010.0
6427,1.15,-0.93,0.86,-74.64,49.38,-78.34,20.89,-35.71,27.15,240.52,23.71,10020.0
6428,1.19,-0.93,0.86,-74.64,49.38,-78.34,30.86,-24.6,23.45,424.79,23.71,9308.33
6429,0.37,-0.37,0.63,-33.41,4.11,-18.93,7.82,-15.22,11.52,425.09,25.45,9305.0
6430,-0.04,-0.3,0.7,-7.82,18.93,-0.74,7.82,-7.82,15.22,425.19,28.93,9291.67
6431,-0.45,0.15,-0.08,26.33,-51.93,59.34,-18.93,7.82,2.15,241.22,27.23,9993.33
6432,-0.45,0.15,-0.08,26.33,-51.93,59.34,-33.41,8.96,5.85,241.15,11.78,10006.67
6433,-0.3,0.26,-0.04,26.33,-51.93,41.15,-29.71,1.56,2.15,475.12,-1.93,7465.0
6434,0.22,-0.08,0.3,-4.11,-18.11,-41.15,-12.93,-17.78,22.63,474.92,3.26,7478.33
6435,0.86,-0.89,0.75,-30.86,34.56,-112.01,28.3,-34.56,32.0,474.78,1.44,7468.33
6436,0.56,-0.78,0.15,-7.82,-14.07,-41.15,-12.93,-14.08,16.37,240.92,1.44,10013.33
6437,-0.15,-0.11,-0.33,22.63,-33.41,41.15,-33.41,-2.15,-6.67,241.08,3.18,10016.67
6438,-0.15,0.0,-0.26,22.63,-3.78,63.37,-39.67,-5.85,-0.41,241.02,15.22,10026.67
6439,-0.19,0.26,-0.04,44.85,14.41,37.45,-39.67,-5.85,-0.41,241.05,25.45,10023.33
6440,-0.11,0.33,0.03,30.04,14.41,7.82,-54.15,-4.7,3.29,240.98,10.0,10016.67
6441,0.04,0.45,-0.41,33.74,-22.63,-14.41,-44.19,6.41,-0.41,241.02,11.71,10000.0
6442,-0.19,0.45,-0.37,4.11,-52.26,0.08,-26.0,12.67,-1.56,241.08,10.0,10010.0
6443,-0.08,0.04,-0.3,18.93,-66.74,29.71,-26.0,12.67,-1.56,241.08,10.0,10016.67
6444,-0.3,0.26,-0.19,0.74,-51.93,41.15,-35.97,11.52,-5.26,241.02,11.78,10026.67
6445,0.37,-0.48,-0.03,-26.0,30.37,-7.48,-19.19,-15.22,11.52,487.0,13.48,7058.33
6446,0.22,-0.0,-0.18,-15.22,44.85,-18.93,-4.7,-16.37,7.82,487.07,28.93,7061.67
6447,-0.22,0.59,-0.78,44.19,10.7,40.49,-25.19,-7.0,-4.11,487.37,30.67,7051.67
6448,-0.82,1.41,-1.34,78.34,-45.67,100.56,-45.67,12.34,-23.45,241.35,35.89,10013.33
6449,-0.93,1.19,-0.93,60.15,-71.6,100.56,-45.67,12.34,-23.45,241.35,35.89,10000.0
6450,-0.82,0.78,-0.71,45.67,-86.08,74.97,-45.67,12.34,-23.45,241.35,35.89,10000.0
6451,-0.11,0.11,-0.22,15.22,-66.74,-7.33,-22.63,-7.0,-4.11,241.08,30.67,10006.67
6452,0.04,0.26,-0.56,7.82,-40.82,-25.52,-18.93,0.41,-1.56,241.12,23.75,10016.67
6453,-0.19,0.45,-0.37,4.11,-52.26,0.08,-18.93,0.41,-1.56,241.12,23.75,10013.33
6454,-0.67,0.86,-0.67,45.34,-86.08,60.15,-56.45,20.89,-17.19,241.32,13.52,10010.0
6455,-0.82,0.71,-0.34,52.75,-112.01,78.34,-60.15,13.49,-19.75,241.28,20.44,10000.0
6456,-0.71,0.93,-0.75,70.93,-86.08,78.34,-86.08,17.19,-27.15,241.18,11.96,10000.0
6457,-0.93,1.19,-0.93,60.15,-71.6,100.56,-67.89,23.45,-28.3,241.28,20.49,9996.67
6458,-0.52,0.71,-0.63,44.52,-11.52,59.34,-41.15,7.82,-15.22,241.08,3.23,9990.0
6459,-0.74,0.41,-0.34,18.93,-7.82,44.85,-41.15,7.82,-15.22,466.63,9.97,7746.67
6460,-0.18,-0.48,0.52,-15.22,18.93,-37.45,-21.81,-8.96,-5.85,466.3,15.15,7756.67
6461,-0.0,-0.78,0.63,-52.26,11.52,-44.85,-25.52,-5.26,4.11,466.33,30.67,7770.0
6462,0.19,-0.63,0.34,-37.45,7.82,-18.93,0.41,-8.96,11.52,240.88,32.41,10020.0
6463,-0.52,0.15,-0.26,-18.11,-44.85,37.45,-22.63,0.41,-0.41,241.18,34.15,10016.67
6464,-0.89,0.75,-0.86,38.26,-86.08,60.49,-49.37,23.45,-27.15,241.32,22.04,10013.33
6465,-0.45,0.22,-0.19,-21.81,-51.93,4.11,-28.89,14.08,-15.22,241.02,20.3,10026.67
6466,0.22,-0.52,0.37,-67.08,0.74,-30.04,-8.41,2.15,7.82,240.85,18.56,10010.0
6467,0.15,-0.26,0.11,-63.37,26.33,-22.63,-30.63,-1.56,14.08,483.2,25.49,7173.33
6468,0.26,-0.52,0.34,-63.37,18.93,-48.56,-6.18,-1.56,14.08,722.15,18.75,4451.67
6469,-0.04,0.08,-0.3,7.48,-22.3,-10.7,-22.96,17.78,-6.41,722.35,13.56,4468.33
6470,0.37,-0.37,0.34,-41.15,0.74,-51.93,26.0,-8.96,10.37,479.76,15.27,7311.67
6471,-0.19,0.41,-0.56,18.93,-26.0,30.37,-44.85,4.11,-8.96,454.91,18.53,8186.67
6472,0.3,0.0,-0.26,-22.3,7.82,-29.71,-21.81,-18.93,1.56,624.4,21.93,8051.67
6473,-0.04,0.37,-0.48,48.56,-22.63,15.22,-59.34,1.56,-14.08,624.6,11.71,8045.0
6474,-0.0,0.41,-0.22,41.15,-22.63,3.78,-29.71,1.56,-4.11,660.55,8.45,6795.0
6475,-0.0,0.41,-0.22,41.15,-22.63,3.78,-35.97,-2.15,2.15,490.76,6.74,6923.33
6476,0.19,-0.07,0.11,-4.11,7.82,-22.96,1.56,-15.22,21.48,490.66,20.45,6920.0
6477,0.86,-0.78,0.34,-27.15,27.15,-93.82,24.6,-34.56,32.0,410.43,25.41,9878.33
6478,0.34,-0.44,0.0,3.29,-6.67,-11.52,7.82,-7.82,15.22,410.6,30.63,9868.33
6479,0.15,0.04,-0.33,48.56,-37.11,15.22,-18.93,15.22,-11.52,410.73,18.52,9865.0
6480,-0.11,0.19,-0.15,18.93,-22.3,41.15,-25.19,11.52,-5.26,240.95,16.82,10003.33
6481,0.45,-0.11,0.33,-29.71,11.52,-29.71,1.56,-4.11,7.82,240.82,13.3,10003.33
6482,0.22,-0.11,0.37,-59.34,-18.11,-15.22,-9.22,-14.08,15.22,240.78,11.71,10020.0
6483,-0.22,0.41,-0.3,0.74,-52.26,41.15,-33.41,16.37,-7.82,241.02,3.07,10000.0
6484,-1.12,0.93,-0.67,34.56,-97.52,86.08,-67.56,35.71,-27.15,241.22,-7.26,10006.67
6485,-0.3,0.37,-0.45,-6.67,-52.26,26.67,-30.04,22.63,-7.82,241.12,8.18,9993.33
6486,0.41,-0.3,0.04,-37.11,-32.92,-55.63,-5.85,-7.82,15.22,429.42,18.52,9125.0
6487,0.78,-0.44,-0.03,-11.52,-21.48,-51.93,-5.85,-7.82,15.22,429.42,18.52,9118.33
6488,0.37,-0.63,0.08,14.07,15.56,-41.15,16.04,-15.22,4.11,683.09,11.63,5910.0
6489,0.22,-0.74,0.52,10.37,52.59,-18.93,22.3,-11.52,-2.15,494.63,-2.11,6778.33
6490,0.56,-1.38,1.19,-34.56,93.82,-79.0,46.49,-34.56,24.6,494.49,10.0,6781.67
6491,0.56,-1.12,1.15,-34.56,71.6,-71.6,24.6,-27.15,35.71,240.82,15.15,9990.0
6492,0.56,-1.23,1.08,-34.56,41.97,-93.82,24.6,-27.15,35.71,240.82,23.93,9996.67
6493,0.67,-0.86,0.93,-60.49,49.37,-64.19,34.56,-30.86,24.6,489.48,8.41,6958.33
6494,0.82,-0.75,0.82,-86.08,49.37,-82.38,34.56,-28.3,13.49,682.23,-5.3,5916.67
6495,0.71,-0.38,0.63,-112.01,56.78,-56.45,38.26,-20.89,16.04,682.2,-0.33,5910.0
6496,0.65,-0.65,0.53,-115.71,53.08,-71.23,27.15,-17.19,27.15,688.62,11.82,5651.67
6497,0.31,-0.46,0.16,-70.78,4.44,-37.41,-21.81,-4.11,7.82,495.94,18.78,6686.67
6498,-0.29,-0.05,-0.25,-25.52,-55.63,-6.96,-78.19,7.82,-15.22,496.07,13.82,6706.67
6499,-0.71,0.41,-0.71,38.26,-100.56,60.49,-112.01,20.89,-34.56,241.08,3.48,10010.0
6500,-0.67,0.34,-0.78,52.75,-100.56,97.52,-86.08,17.19,-27.15,464.27,-3.48,7850.0
6501,-0.3,0.19,-0.85,78.34,-89.12,101.23,-74.64,14.63,-16.04,464.31,-10.45,7850.0
6502,0.22,-0.14,-0.52,47.89,-55.3,18.93,-37.11,4.11,-7.82,464.07,3.26,7856.67
6503,-0.11,0.08,-0.41,22.3,-66.74,-7.0,-40.82,15.22,-11.52,240.95,4.85,10023.33
6504,-0.33,0.34,-0.59,11.52,-52.26,15.22,-22.63,21.48,-12.67,241.05,13.37,10013.33
6505,-0.33,0.34,-0.59,11.52,-52.26,15.22,-22.63,18.93,-1.56,449.45,11.6,8378.33
6506,-0.18,0.45,-0.85,26.33,-26.33,41.15,-22.63,18.93,-1.56,449.45,11.6,8371.67
6507,-0.18,0.45,-0.85,26.33,-26.33,41.15,-22.63,18.93,-1.56,449.45,11.6,8365.0
6508,-0.85,1.27,-1.34,67.56,-45.67,112.01,-45.67,30.86,-24.6,241.35,15.11,9986.67
6509,-0.93,1.19,-0.93,60.15,-71.6,100.56,-45.67,30.86,-24.6,241.35,15.11,10006.67
6510,-0.41,0.33,-0.11,0.08,-44.85,40.49,-22.63,7.82,-14.08,241.12,4.78,10023.33
6511,0.04,-0.26,0.48,-59.34,-10.7,-18.93,0.41,-1.56,-2.15,433.7,-10.67,8985.0
6512,0.82,-0.86,0.56,-82.38,34.56,-89.78,24.6,-24.6,24.6,433.56,1.44,8978.33
6513,0.37,0.07,-0.18,-37.11,7.82,-59.34,-5.85,2.15,7.82,433.93,15.19,8961.67
6514,-0.11,0.52,-0.78,11.52,-26.33,11.52,-28.89,11.52,-4.11,241.35,30.63,10006.67
6515,-0.11,0.52,-0.78,11.52,-26.33,11.52,-22.63,7.82,-14.08,241.32,15.11,10006.67
6516,-0.0,0.12,-0.7,26.33,-40.82,41.15,-18.93,-3.29,-10.37,241.15,18.63,10016.67
6517,0.52,-0.74,0.12,-33.74,-14.07,-18.93,11.52,-11.52,5.26,240.92,11.71,10023.33
6518,-0.26,-0.15,0.04,-10.7,-59.34,51.93,-41.15,7.82,-15.22,241.18,27.23,10026.67
6519,-0.6,0.07,0.15,-25.52,-70.78,26.0,-55.63,8.96,-11.52,241.12,11.78,10013.33
6520,-0.67,0.41,-0.0,-25.52,-63.37,29.71,-65.6,7.82,-15.22,241.22,4.85,10006.67
6521,-0.74,0.37,-0.15,-32.92,-63.37,15.22,-35.97,11.52,-5.26,241.18,4.85,10000.0
6522,-0.52,0.56,-0.37,-18.11,-26.34,11.52,-35.97,11.52,-5.26,462.0,13.37,7923.33
6523,-1.12,0.97,-0.78,27.15,-86.41,41.97,-70.93,22.04,-13.49,462.06,11.78,7913.33
6524,-0.89,1.15,-0.97,27.15,-60.49,38.26,-100.56,18.34,-23.45,461.93,5.04,7920.0
6525,-0.93,1.23,-1.01,37.93,-71.6,56.45,-112.01,20.89,-34.56,241.08,3.48,9996.67
6526,-0.78,1.34,-1.27,52.75,-45.67,82.38,-112.01,20.89,-34.56,241.28,13.71,10016.67
6527,-0.33,0.52,-0.74,78.41,-41.97,112.01,-86.08,17.19,-27.15,498.68,17.08,6673.33
6528,-0.3,0.45,-0.67,52.82,-41.97,93.82,-86.08,17.19,-27.15,498.68,17.08,6690.0
6529,0.26,-0.45,0.19,18.67,-15.22,11.52,-51.11,6.67,-18.93,498.25,20.56,6673.33
6530,-0.04,0.04,-0.22,18.6,-33.41,-10.7,-77.04,10.37,-26.33,240.85,17.19,10010.0
6531,-0.19,-0.11,0.11,26.0,-59.34,7.48,-51.11,6.67,-18.93,240.95,25.67,10000.0
6532,-0.56,0.45,-0.6,60.15,-100.56,89.78,-71.6,16.04,-30.86,241.25,27.41,10016.67
6533,-0.37,0.04,0.15,0.74,-66.74,29.71,-22.63,4.11,-0.41,492.35,32.3,6888.33
6534,0.37,-0.55,0.23,-40.49,-21.48,-41.15,7.82,-4.11,15.22,721.35,28.78,4513.33
6535,0.67,-0.67,0.67,-89.12,27.15,-112.01,34.56,-19.75,28.3,721.15,11.52,4503.33
6536,1.01,-0.63,0.38,-89.12,27.15,-100.56,34.56,-23.45,28.3,469.99,13.37,7631.67
6537,0.52,-0.3,0.04,-40.49,-6.67,-18.26,0.41,-4.11,8.96,240.95,3.04,10003.33
6538,0.82,-0.44,0.19,-14.89,-21.48,-0.08,-3.29,-7.82,15.22,240.88,15.08,10000.0
6539,0.15,0.26,-0.37,18.93,-40.82,41.15,-52.26,7.82,-15.22,240.95,8.34,10006.67
6540,0.11,0.34,-0.3,15.22,-40.82,4.11,-52.26,7.82,-15.22,240.95,8.34,10020.0
6541,0.11,0.34,-0.3,15.22,-40.82,4.11,-44.85,18.93,-18.93,435.97,11.82,8895.0
6542,0.59,-0.52,0.56,-4.11,15.56,-26.33,11.52,7.0,4.11,435.84,16.78,8898.33
6543,0.97,-1.12,1.15,-60.49,56.78,-49.37,35.71,-23.45,27.15,435.61,25.41,8898.33
6544,0.37,-0.85,0.56,-37.45,22.96,3.3,-9.22,-14.08,15.22,240.78,11.71,10033.33
6545,-0.34,-0.18,-0.11,-18.11,-59.34,37.45,-54.15,-4.7,3.29,240.95,-0.22,10013.33
6546,-0.67,0.34,-0.78,41.97,-100.56,97.52,-78.34,25.74,-19.75,241.18,-8.86,10016.67
6547,-0.11,0.04,-0.3,-6.67,-66.74,26.67,-37.11,8.96,-10.37,241.05,-10.67,10006.67
6548,0.82,-0.44,0.19,-14.89,-21.48,-0.08,7.82,-0.41,1.56,240.88,1.26,10013.33
6549,1.15,-0.97,0.86,-74.97,19.75,-60.15,34.56,-20.89,17.19,412.46,8.19,9791.67
6550,0.97,-1.23,1.08,-60.49,27.15,-71.6,34.56,-20.89,17.19,412.46,16.97,9791.67
6551,0.26,-0.56,0.41,-52.26,7.82,-48.56,0.41,-1.56,-2.15,412.66,6.63,9805.0
6552,-0.19,0.37,-0.34,-7.0,-18.93,-18.11,-18.93,15.22,-11.52,241.15,6.63,10013.33
6553,0.04,0.67,-0.45,4.11,-26.33,11.52,-25.19,21.48,-12.67,241.05,13.37,10026.67
6554,0.52,-0.3,0.33,-15.22,0.41,-41.15,1.56,-1.56,14.08,240.92,25.49,10016.67
6555,0.52,-0.37,0.22,-0.41,11.52,-41.15,-28.07,-1.56,14.08,483.2,25.49,7183.33
6556,-0.34,0.15,-0.11,15.22,-33.74,0.08,-52.26,18.93,-1.56,483.47,13.37,7176.67
6557,-0.71,0.71,-0.82,49.37,-74.97,82.38,-71.6,38.26,-22.04,483.67,8.19,7166.67
6558,-0.71,0.78,-0.71,34.56,-86.08,82.38,-71.6,34.56,-32.0,422.2,8.19,9416.67
6559,0.15,0.26,-0.37,18.93,-40.82,41.15,-47.41,4.11,-8.96,421.96,16.82,9403.33
6560,0.45,0.15,0.07,-29.71,7.82,-29.71,-28.07,-12.67,0.41,421.63,22.01,9403.33
6561,0.59,-0.19,0.19,-4.11,-6.67,-22.3,-28.07,-12.67,0.41,240.68,20.45,9983.33
6562,0.33,-0.45,0.26,-41.15,0.74,-29.71,-18.11,-1.56,-3.29,240.72,18.75,10000.0
6563,0.07,-0.15,-0.26,-7.33,-47.89,15.22,-55.63,8.96,-15.22,488.27,18.75,7006.67
6564,-0.08,0.19,-0.37,-32.92,-33.41,7.82,-44.19,6.41,-4.11,488.31,11.78,7013.33
6565,-0.6,1.15,-1.12,37.93,-60.15,67.89,-78.34,14.63,-19.75,723.55,13.48,4420.0
6566,-0.04,0.71,-0.45,29.71,-26.33,41.15,-40.82,-5.85,-0.41,476.02,10.0,7420.0
6567,-0.0,0.3,-0.37,55.3,-22.63,70.78,-30.04,-7.0,-0.41,720.87,10.0,4500.0
6568,0.56,-0.7,0.41,10.37,4.11,-11.52,-5.85,-18.93,22.63,485.7,13.48,7080.0
6569,0.33,-0.89,0.6,-0.74,41.15,-18.93,-5.85,-11.52,26.33,485.66,3.26,7096.67
6570,0.71,-1.01,1.19,-34.56,71.6,-89.78,24.6,-30.86,41.97,474.68,3.26,7471.67
6571,0.56,-0.78,1.26,-49.04,64.19,-89.78,27.15,-27.15,41.97,725.85,1.41,4350.0
6572,-0.07,-0.08,0.74,-29.71,4.11,-41.15,4.11,-4.11,15.22,966.01,13.34,1583.33
6573,0.15,-0.3,0.48,-37.11,-10.7,-52.59,-2.15,5.85,7.82,731.91,27.04,4125.0
6574,0.48,-0.26,0.19,-37.11,-10.7,-41.15,-4.7,2.15,7.82,480.75,28.89,7260.0
6575,0.63,-0.11,-0.15,-37.11,-7.0,-59.34,-30.63,-5.26,4.11,421.73,25.49,9426.67
6576,0.37,0.04,0.04,-66.74,7.82,-33.41,-30.63,-5.26,4.11,421.9,13.37,9430.0
6577,0.11,0.22,-0.0,-66.74,22.63,-33.41,-28.07,-5.26,4.11,421.9,13.37,9433.33
6578,0.52,-0.3,0.52,-100.56,56.78,-74.64,28.3,-17.19,27.15,414.64,4.85,9725.0
6579,0.08,0.22,-0.15,-40.49,22.63,-18.26,4.11,3.29,11.52,414.74,4.85,9721.67
6580,0.34,0.04,-0.11,-40.49,7.82,-18.26,1.56,-4.11,7.82,414.64,1.37,9705.0
6581,-0.0,0.23,-0.48,4.44,-40.82,15.56,-32.59,15.22,-11.52,241.02,2.96,10006.67
6582,0.15,-0.03,-0.26,4.44,-55.3,-21.48,-25.19,11.52,-5.26,471.25,2.96,7590.0
6583,-0.78,0.45,-0.52,75.3,-70.93,23.45,-49.37,41.97,-28.3,676.23,6.44,6093.33
6584,-0.37,-0.18,0.11,44.85,-29.71,-21.81,-15.22,22.63,-8.96,676.03,16.78,6083.33
6585,-0.67,-0.04,0.15,30.04,-41.15,-10.7,-15.22,22.63,-8.96,445.87,28.89,8503.33
6586,0.07,-0.67,0.71,-26.33,11.52,-44.85,8.96,-7.82,14.08,240.88,25.41,10006.67
6587,0.07,-0.56,0.78,-26.33,41.15,-22.63,1.56,-8.96,10.37,240.82,27.19,10016.67
6588,0.41,-0.78,0.67,-11.52,52.59,3.3,-2.15,-16.37,7.82,240.78,28.93,10020.0
6589,0.37,-0.85,0.56,-37.45,22.96,3.3,-2.15,-16.37,7.82,240.78,28.93,10026.67
6590,0.56,-0.7,0.26,-51.93,-14.07,-7.48,5.26,-15.22,11.52,240.85,27.15,10023.33
6591,0.93,-1.15,1.04,-86.08,56.78,-67.56,32.0,-30.86,24.6,240.65,9.89,10010.0
6592,0.86,-0.82,0.89,-86.08,64.19,-63.86,32.0,-23.45,28.3,460.5,1.26,7958.33
6593,-0.07,-0.34,0.63,-15.22,48.56,-18.93,5.26,-7.82,15.22,645.8,3.04,7201.67
6594,0.15,-0.15,0.44,-4.11,11.52,-11.52,5.26,-7.82,15.22,645.8,3.04,7218.33
6595,0.26,-0.52,0.63,21.81,4.11,-37.45,5.26,-5.26,4.11,425.92,15.15,9266.67
6596,0.37,-0.45,0.67,-7.82,-25.52,-22.96,-12.93,-11.52,5.26,438.9,13.37,8766.67
6597,0.3,-0.52,0.41,-15.22,-25.52,-52.59,-12.93,-11.52,5.26,438.9,13.37,8763.33
6598,-0.26,0.37,-0.45,18.93,-52.26,29.71,-33.41,-2.15,-6.67,439.2,15.11,8760.0
6599,-0.04,0.19,-0.63,22.63,-40.82,4.11,-22.63,7.82,-14.08,241.12,4.78,10013.33
6600,-0.82,0.78,-0.71,45.67,-86.08,74.97,-75.3,27.15,-34.56,241.22,13.56,10010.0
6601,-0.6,0.52,-0.52,56.45,-100.56,52.75,-89.78,28.3,-30.86,241.15,-1.89,10020.0
6602,-0.19,0.0,0.18,26.0,-29.71,29.71,-59.34,1.56,-14.08,240.98,-5.3,10010.0
6603,0.41,-0.67,0.63,-0.74,22.96,-18.93,-10.37,-14.08,16.37,472.48,-3.74,7548.33
6604,0.22,-0.26,0.45,-0.74,37.45,-8.15,-21.81,-11.52,5.26,472.45,3.23,7541.67
6605,-0.3,0.67,-0.48,44.19,-18.93,40.49,-48.56,4.11,-7.82,641.15,12.01,7465.0
6606,-0.33,0.96,-0.74,29.71,-11.52,29.71,-48.56,-3.29,-11.52,409.49,13.71,9933.33
6607,-0.52,0.7,-0.48,4.11,-37.45,15.22,-26.33,4.11,-7.82,582.16,22.19,9676.67
6608,0.15,-0.11,0.0,-37.11,-18.11,-55.63,-3.29,-5.26,4.11,413.35,28.93,9770.0
6609,-0.48,0.22,-0.33,-3.29,-78.19,-10.7,-52.26,17.78,-22.63,413.52,25.67,9766.67
6610,0.34,-0.19,0.11,-48.56,-18.11,-37.45,-18.11,-8.96,-7.0,489.45,8.41,6975.0
6611,-0.19,0.15,-0.22,-18.11,-51.93,44.85,-41.15,0.41,-18.93,489.75,10.15,6978.33
6612,0.71,-0.37,0.15,-51.93,-6.67,-0.08,5.26,-12.67,0.41,489.55,16.89,6968.33
6613,0.22,-0.03,-0.37,4.44,-55.3,30.37,-21.48,6.67,-18.93,478.48,16.89,7343.33
6614,0.26,0.04,-0.33,15.22,-55.3,8.15,-47.41,10.37,-26.33,478.38,8.41,7333.33
6615,0.11,-0.15,-0.41,29.71,-18.26,18.93,-47.41,0.41,-18.93,724.7,4.93,4378.33
6616,0.48,-0.85,0.26,-0.74,22.96,-41.15,-20.67,-11.52,4.11,487.03,18.67,7038.33
6617,0.41,-0.85,0.3,-15.22,22.96,-55.96,-9.22,-14.08,15.22,696.36,13.3,5368.33
6618,-0.15,0.11,-0.26,29.71,-33.41,-7.33,-44.19,6.41,-0.41,450.28,3.07,8326.67
6619,-0.04,0.48,-0.41,3.78,-26.0,22.3,-44.19,-1.0,-4.11,699.01,-10.67,5291.67
6620,0.34,-0.11,0.19,-52.59,15.22,-0.74,-9.22,-11.52,4.11,489.48,1.44,6951.67
6621,0.3,-0.26,0.19,-63.37,15.22,10.7,-9.22,-11.52,4.11,489.48,1.44,6958.33
6622,0.41,-0.33,0.22,-26.34,0.41,10.7,-16.63,-5.26,4.11,240.68,16.96,10006.67
6623,0.34,0.0,0.07,-26.34,7.82,14.41,-6.67,-4.11,7.82,240.75,15.19,10020.0
6624,0.67,-0.56,0.78,-49.38,41.97,-38.26,28.3,-14.63,16.04,240.52,28.89,10023.33
6625,0.04,-0.22,0.26,-30.04,8.15,-22.63,-20.67,-1.56,-3.29,240.72,22.15,10010.0
6626,0.13,-0.35,0.46,-4.11,8.15,-26.33,-16.96,-1.56,-3.29,493.07,10.08,6770.0
6627,0.28,-0.24,0.35,-29.71,8.15,-44.52,-7.0,-0.41,0.41,493.14,8.3,6763.33
6628,0.91,-0.62,0.65,-56.45,53.08,-78.34,45.67,-16.04,30.86,736.79,16.78,3895.0
6629,0.52,-0.22,0.0,-26.0,4.44,-55.3,11.52,-7.82,15.22,484.66,32.37,7125.0
6630,0.37,-0.33,0.11,-0.41,4.44,-37.11,4.11,-11.52,22.63,671.03,18.63,6330.0
6631,-0.37,0.45,-0.41,40.82,-26.0,22.3,-37.11,1.56,3.29,614.68,10.15,8371.67
6632,-0.3,0.45,-0.45,55.3,-26.0,37.11,-63.04,5.26,-4.11,614.58,1.67,8388.33
6633,-0.08,0.22,-0.22,44.19,-3.78,29.71,-65.6,5.26,-4.11,428.28,17.19,9180.0
6634,0.67,-0.52,0.3,2.96,15.56,-11.52,-28.07,-5.26,4.11,456.03,23.93,8138.33
6635,0.89,-0.78,0.78,-67.89,64.19,-45.67,24.6,-24.6,24.6,635.93,18.56,7583.33
6636,0.26,-0.08,0.26,-41.15,-18.11,2.96,-21.81,-8.96,-5.85,636.0,11.82,7586.67
6637,-0.04,0.07,0.48,-59.34,-3.3,-15.22,-18.11,-15.22,-4.7,633.7,-1.89,7670.0
6638,-0.3,0.26,-0.04,0.74,-51.93,41.15,-48.56,11.52,-21.48,453.87,-1.89,8208.33
6639,0.3,-0.52,0.37,-51.93,0.74,-7.48,-2.15,-4.11,8.96,453.8,4.85,8198.33
6640,-0.34,-0.18,-0.11,-18.11,-59.34,37.45,-54.82,15.22,-11.52,432.65,20.3,8990.0
6641,0.22,-0.48,0.37,-66.74,-25.52,-33.41,-20.67,-4.11,7.82,432.45,30.63,9000.0
6642,0.04,-0.19,0.26,-29.71,-18.11,-26.0,-14.41,-7.82,-2.15,432.41,15.11,9000.0
6643,0.37,-0.41,0.15,-14.89,-6.67,-0.08,-14.41,-7.82,-2.15,443.4,-0.33,8583.33
6644,0.19,-0.67,0.37,-0.41,0.74,-11.52,-18.11,-15.22,-4.7,443.43,-14.08,8586.67
6645,0.46,-0.91,0.27,-41.15,-2.96,-26.3,-25.52,-11.52,5.26,698.55,-1.93,5293.33
6646,0.42,-0.83,0.34,-44.85,-2.96,-63.34,-3.29,-4.11,8.96,496.04,-0.33,6720.0
6647,-0.14,0.06,-0.51,-10.7,-29.71,18.96,-55.96,15.22,-11.52,496.14,8.45,6706.67
6648,-0.93,0.71,-0.75,53.08,-56.45,60.49,-79.0,28.3,-38.26,493.47,-0.3,6840.0
6649,-0.86,0.71,-0.78,67.56,-56.45,75.3,-101.23,20.89,-41.97,493.4,5.08,6826.67
6650,-0.41,0.19,-0.11,7.48,-22.3,18.93,-44.85,8.96,-18.93,493.27,10.04,6836.67
6651,-0.08,0.08,-0.26,3.78,-40.49,7.82,-37.45,15.22,-12.67,241.05,16.97,10010.0
6652,0.26,-0.56,0.41,-41.15,0.74,-52.26,8.96,-0.41,17.78,240.98,23.71,10010.0
6653,-0.04,-0.11,0.11,41.15,-29.71,-21.81,-35.97,8.96,5.85,241.18,22.01,10003.33
6654,-0.11,0.22,-0.04,30.04,-15.22,-14.41,-65.6,5.26,-4.11,422.0,22.01,9413.33
6655,0.07,0.48,-0.26,15.56,-22.63,-2.96,-59.34,1.56,-14.08,421.96,6.49,9410.0
6656,0.67,-0.07,-0.0,-55.3,-7.0,-47.89,-14.41,-7.82,-2.15,421.76,4.78,9416.67
6657,1.15,-1.04,0.78,-74.64,19.75,-100.56,32.0,-20.89,17.19,240.62,9.97,10006.67
6658,0.93,-1.26,0.97,-86.08,27.15,-89.78,28.3,-24.6,23.45,240.55,22.01,10013.33
6659,0.37,-0.96,0.49,-37.45,-6.67,-18.93,-2.15,-16.37,7.82,240.78,28.93,10013.33
6660,-0.15,0.04,-0.37,-10.7,-33.41,51.93,-26.33,4.11,-7.82,468.9,22.19,7673.33
6661,-0.15,0.04,-0.37,-10.7,-33.41,51.93,-26.33,11.52,-4.11,469.0,25.67,7680.0
6662,-0.26,0.45,-0.45,-25.52,-18.93,22.3,-22.63,18.93,-1.56,469.03,18.75,7673.33
6663,-0.22,0.41,-0.41,-18.11,-7.82,4.11,-33.41,8.96,5.85,461.96,20.3,7923.33
6664,-0.74,1.27,-1.23,41.97,-34.56,64.19,-56.45,20.89,-17.19,462.13,22.04,7920.0
6665,-0.3,0.34,-0.48,-3.3,-7.82,33.74,-33.41,-2.15,-6.67,461.9,11.71,7916.67
6666,0.41,-0.33,0.22,-26.34,0.41,10.7,1.56,-15.22,12.67,240.98,16.89,10013.33
6667,0.45,-0.19,0.22,-15.56,0.41,-0.74,5.26,-7.82,15.22,447.95,8.41,8426.67
6668,-0.0,0.74,-0.52,29.71,-26.33,29.71,-17.78,15.22,4.7,448.18,18.75,8440.0
6669,-0.71,1.41,-1.19,37.93,-45.67,52.75,-38.26,27.15,-18.34,448.35,20.49,8433.33
6670,-0.71,1.41,-1.19,37.93,-45.67,52.75,-67.89,23.45,-28.3,241.28,20.49,10016.67
6671,-0.44,0.78,-0.56,29.71,-11.52,29.71,-48.56,4.11,-7.82,241.08,25.67,10006.67
6672,0.26,0.11,0.11,21.48,7.82,6.67,-21.81,-11.52,5.26,240.88,8.41,10010.0
6673,0.45,-0.3,0.3,21.48,-6.67,-4.11,4.11,-15.22,12.67,240.98,16.89,10020.0
6674,0.26,0.19,-0.04,66.74,-37.11,22.63,-18.93,-3.29,-10.37,241.15,18.63,10033.33
6675,-0.67,0.67,-0.52,74.97,-82.38,49.37,-49.37,23.45,-27.15,413.92,35.89,9773.33
6676,-0.89,0.93,-0.71,64.19,-67.89,71.6,-49.37,23.45,-27.15,413.92,35.89,9766.67
6677,-0.3,0.37,-0.45,-6.67,-52.26,26.67,-28.89,14.08,-15.22,595.81,35.89,9128.33
6678,0.04,0.3,-0.52,4.44,-40.82,30.37,-21.48,6.67,-18.93,660.68,18.63,6711.67
6679,0.56,-0.56,0.3,-55.63,-14.07,-29.71,5.26,-8.96,-5.85,660.48,1.37,6721.67
6680,-0.04,0.0,0.04,15.22,-29.71,15.22,-41.15,4.11,-25.19,478.48,-7.11,7340.0
6681,-0.04,-0.15,-0.0,18.93,-29.71,37.45,-59.34,1.56,-14.08,240.98,-5.3,10010.0
6682,-0.34,0.45,-0.63,89.78,-70.93,75.3,-89.78,28.3,-30.86,241.15,-1.89,9990.0
6683,-0.15,-0.03,-0.3,44.52,-40.49,48.56,-43.37,15.22,-11.52,240.95,4.85,10006.67
6684,0.37,-0.3,0.15,14.07,-6.67,-4.11,-8.41,-1.56,-2.15,477.23,18.56,7378.33
6685,0.3,-0.3,0.19,-0.41,-6.67,-18.93,-8.41,-1.56,-2.15,477.23,18.56,7385.0
6686,0.52,-0.63,0.34,-11.52,-14.07,-48.56,1.56,-0.41,1.56,477.3,16.78,7368.33
6687,-0.37,-0.18,0.11,41.15,-29.71,-21.81,-15.22,22.63,-8.96,426.15,16.78,9243.33
6688,-0.43,-0.21,0.02,52.23,-4.11,18.93,-4.11,18.93,-2.7,679.71,30.45,5976.67
6689,-0.5,0.23,-0.24,37.74,3.29,30.37,-11.52,15.22,4.7,679.77,32.23,5996.67
6690,0.24,-0.51,0.32,-18.63,55.96,-26.0,15.22,-0.41,17.78,711.96,25.49,4788.33
6691,0.33,-0.56,0.34,-26.0,30.37,-29.71,-18.11,-4.11,7.82,458.34,17.19,8065.0
6692,-0.3,-0.22,-0.0,7.82,-29.71,15.22,-44.85,18.93,-18.93,631.07,18.93,7801.67
6693,-0.64,0.41,-0.74,52.75,-100.56,75.3,-75.3,27.15,-34.56,413.82,10.15,9753.33
6694,-0.34,0.3,-0.3,4.11,-51.93,4.44,-18.93,15.22,-11.52,413.68,15.11,9746.67
6695,0.33,-0.45,0.26,-41.15,0.74,-29.71,7.82,-5.26,4.11,412.66,8.19,9788.33
6696,0.26,-0.45,0.3,-55.63,0.74,-44.52,11.52,2.15,6.67,412.7,18.53,9801.67
6697,0.22,-0.52,0.37,-67.08,0.74,-30.04,1.56,1.0,2.97,412.8,8.19,9801.67
6698,0.04,-0.22,0.26,-30.04,8.15,-22.63,1.56,1.0,2.97,240.95,13.37,10010.0
6699,-0.07,0.18,0.04,-15.56,22.63,2.96,-5.85,4.7,-3.29,240.88,6.44,10006.67
6700,-0.03,0.26,-0.04,-4.11,22.63,-11.52,-5.85,2.15,7.82,240.85,4.85,10000.0
6701,-0.33,0.96,-0.74,29.71,-11.52,29.71,-25.19,18.93,-1.56,448.12,-1.89,8416.67
6702,-0.3,0.89,-0.67,4.11,-11.52,11.52,-35.97,8.96,5.85,448.08,-3.48,8416.67
6703,-0.22,0.45,-0.34,18.6,10.7,0.08,-26.0,12.67,-1.56,665.51,3.48,6461.67
6704,0.26,-0.56,0.48,-52.26,37.45,-48.56,0.74,-2.97,11.52,458.31,8.45,8048.33
6705,0.74,-1.52,1.27,-71.6,64.19,-101.23,35.71,-23.45,27.15,458.11,18.67,8051.67
6706,0.71,-1.49,1.16,-97.52,34.56,-79.0,35.71,-23.45,27.15,240.62,20.23,10020.0
6707,0.67,-1.08,0.93,-86.08,41.97,-89.78,25.74,-27.15,34.56,240.68,8.3,10013.33
6708,0.33,-0.45,0.26,-41.15,0.74,-29.71,8.96,-0.41,17.78,436.8,-3.74,8840.0
6709,0.03,0.15,-0.37,29.71,-40.49,8.15,-35.97,8.96,5.85,436.97,-12.26,8843.33
6710,-0.27,0.27,-0.82,78.34,-89.12,79.0,-52.75,28.3,-14.63,437.03,3.18,8840.0
6711,-0.49,0.3,-0.78,89.78,-89.12,71.6,-82.38,28.3,-24.6,495.95,20.44,6756.67
6712,-0.0,-0.11,-0.48,48.56,-55.3,11.52,-41.15,11.52,-15.22,495.82,18.63,6756.67
6713,0.3,-0.22,0.11,-0.08,-6.67,-59.34,-18.11,-11.52,-4.7,708.57,3.18,4971.67
6714,0.75,-0.52,0.56,-82.38,41.97,-86.08,28.3,-30.86,25.74,453.63,1.44,8225.0
6715,0.19,0.07,0.44,-29.71,26.33,-29.71,5.26,-7.82,15.22,453.87,11.78,8218.33
6716,0.37,-0.0,0.41,-41.15,26.33,-11.52,8.96,-7.82,14.08,489.72,9.97,6968.33
6717,0.15,0.26,-0.08,29.71,-22.3,22.63,-11.52,4.11,-8.96,489.88,-5.55,6958.33
6718,0.56,-0.56,0.41,-26.67,0.74,-33.74,15.22,-11.52,4.11,489.62,-2.15,6951.67
6719,0.11,-0.29,-0.11,44.19,-47.89,-3.3,-15.22,4.11,-7.82,241.12,15.11,10003.33
6720,0.48,-0.82,0.63,-0.74,22.96,-41.15,15.22,-4.11,7.82,425.12,27.15,9301.67
6721,0.14,-0.18,-0.04,44.19,-18.26,18.93,-11.52,11.52,-5.26,621.21,13.41,8135.0
6722,0.52,-0.74,0.34,-0.74,52.59,-18.93,8.96,-7.82,14.08,867.22,8.19,5166.67
6723,0.44,-0.82,0.23,-26.67,22.96,-18.93,-1.0,-18.93,17.78,682.95,8.19,5885.0
6724,0.3,-0.48,0.11,-52.26,37.45,-26.33,-4.7,-26.33,15.22,487.1,25.45,7058.33
6725,-0.37,0.26,-0.04,-25.52,-44.85,22.3,-51.11,-3.29,-11.52,241.15,28.93,10026.67
6726,-0.89,1.12,-0.86,34.56,-71.6,82.38,-71.6,16.04,-30.86,241.42,34.15,10026.67
6727,-0.22,0.41,-0.3,18.93,-41.15,41.15,-48.56,-3.29,-11.52,463.33,34.15,7895.0
6728,0.19,-0.07,-0.0,3.29,18.93,-0.08,4.11,-22.63,8.96,463.07,18.63,7898.33
6729,0.75,-0.97,0.86,-30.86,45.67,-82.38,27.15,-34.56,32.0,462.9,16.89,7891.67
6730,0.34,-0.89,0.93,-23.45,49.37,-64.19,24.6,-34.56,32.0,240.72,11.67,10013.33
6731,0.52,-1.19,1.04,-60.49,41.97,-71.6,20.89,-30.86,41.97,240.75,27.19,10006.67
6732,0.45,-0.75,0.78,-74.97,49.37,-60.15,18.34,-30.86,41.97,240.75,13.48,10000.0
6733,0.6,-0.64,0.67,-100.56,49.37,-78.34,20.89,-23.45,45.67,240.85,16.96,10016.67
6734,0.52,-0.3,0.52,-100.56,56.78,-74.64,28.3,-19.75,38.26,240.78,15.19,10016.67
6735,0.19,0.07,0.3,-29.71,26.33,-29.71,7.82,-7.82,15.22,240.95,28.89,10016.67
6736,-0.15,0.26,-0.08,15.22,-22.3,4.11,-41.15,7.82,-15.22,411.65,16.78,9836.67
6737,-0.45,0.71,-0.38,97.52,-52.75,34.56,-75.3,27.15,-34.56,411.85,6.44,9833.33
6738,0.18,0.19,-0.0,52.26,-37.11,7.82,-44.85,18.93,-18.93,411.61,4.67,9836.67
6739,0.48,-0.08,0.44,-4.11,11.52,-11.52,4.11,-4.11,7.82,440.23,4.67,8711.67
6740,0.26,-0.08,0.48,-33.74,-18.11,2.96,4.11,-4.11,7.82,440.23,4.67,8721.67
6741,-0.37,0.26,-0.04,-14.41,-51.93,18.6,-40.82,5.26,-4.11,440.4,-7.26,8715.0
6742,-0.82,0.78,-0.71,45.67,-86.08,74.97,-63.86,24.6,-23.45,241.25,6.59,10016.67
6743,-0.22,0.0,-0.3,-7.0,-33.41,26.34,-37.11,1.56,3.29,241.12,18.7,10010.0
6744,-0.22,0.19,-0.15,18.93,-15.22,37.45,-48.56,4.11,-7.82,241.08,25.67,10010.0
6745,-0.08,-0.07,0.07,15.22,-29.71,0.41,-52.26,15.22,-11.52,241.05,11.82,10010.0
6746,-0.04,-0.11,0.11,41.15,-29.71,-21.81,-54.82,15.22,-11.52,438.16,5.08,8795.0
6747,-0.11,0.04,-0.19,4.11,-33.41,-25.52,-32.59,22.63,-7.82,438.23,-0.3,8815.0
6748,0.26,-0.56,0.41,-52.26,7.82,-48.56,1.56,3.29,11.52,438.03,6.63,8815.0
6749,-0.37,0.26,-0.04,-25.52,-44.85,22.3,-22.63,26.33,-15.22,241.05,1.26,10036.67
6750,-0.23,-0.07,0.07,0.08,-59.34,29.71,-18.93,15.22,-11.52,241.08,15.11,10023.33
6751,-0.56,0.45,-0.6,60.15,-100.56,89.78,-45.67,30.86,-24.6,241.22,22.04,10006.67
6752,-0.49,0.53,-1.0,67.56,-74.64,101.23,-41.97,19.75,-20.89,241.25,35.89,9993.33
6753,-0.0,0.12,-0.7,26.33,-40.82,41.15,-15.22,4.11,-7.82,241.05,18.63,10006.67
6754,0.52,-0.22,-0.37,-4.11,-7.0,-41.15,4.11,-12.67,1.56,240.85,16.89,10023.33
6755,1.08,-1.0,0.56,-38.26,49.38,-101.23,30.86,-28.3,14.63,240.65,-0.37,10030.0
6756,0.56,-0.67,0.23,-7.82,15.56,-18.93,4.11,-12.67,1.56,240.85,16.89,10023.33
6757,-0.0,-0.07,0.11,44.85,-0.08,37.45,-18.93,-3.29,-10.37,241.15,16.89,10010.0
6758,-0.0,-0.18,0.04,44.85,-29.71,15.22,-15.22,4.11,-7.82,241.12,30.63,9996.67
6759,0.26,-0.37,0.56,-15.22,18.93,-41.15,5.26,-5.26,4.11,240.98,16.78,9993.33
6760,0.67,-1.19,1.04,-71.6,41.97,-97.52,25.74,-14.63,16.04,240.68,16.78,9993.33
6761,0.26,-0.37,0.56,-15.22,18.93,-41.15,-1.0,1.0,2.97,240.95,13.37,9993.33
6762,-0.19,0.15,-0.11,44.85,-15.22,15.22,-21.48,10.37,-8.96,241.08,27.23,9993.33
6763,-0.74,1.04,-0.97,79.0,-41.97,97.52,-67.89,23.45,-28.3,241.28,20.49,9993.33
6764,-0.55,0.56,-0.63,33.74,-11.52,70.78,-44.85,0.41,-17.78,241.05,10.15,9993.33
6765,-0.48,0.63,-0.56,18.93,-11.52,41.15,-70.78,4.11,-25.19,240.95,1.67,10000.0
6766,0.3,0.04,0.18,-4.11,7.82,-11.52,-18.11,-15.22,-4.7,240.85,-7.11,10000.0
6767,0.15,0.26,-0.37,18.93,-40.82,41.15,-41.15,7.82,-15.22,241.08,3.23,10000.0
6768,0.26,-0.14,-0.3,33.74,-55.3,70.78,-18.93,15.22,-11.52,424.13,-3.74,9323.33
6769,0.18,-0.22,-0.55,26.33,-55.3,41.15,-25.19,18.93,-1.56,424.17,11.78,9333.33
6770,0.34,-0.44,0.0,3.29,-6.67,-11.52,-5.85,-0.41,18.93,610.26,1.44,8548.33
6771,0.9,-0.74,0.49,-45.34,27.15,-82.38,20.89,-23.45,45.67,427.15,16.89,9215.0
6772,0.41,-0.33,0.19,-4.11,-6.67,-22.3,-25.52,-7.82,15.22,427.21,10.15,9211.67
6773,0.07,0.23,-0.52,18.93,-40.82,30.37,-63.04,5.26,-4.11,241.02,11.96,10010.0
6774,-0.22,0.34,-0.48,7.48,-26.0,44.85,-55.63,8.96,-11.52,240.95,8.45,10016.67
6775,0.34,0.0,0.07,-26.34,7.82,14.41,-6.67,-14.08,15.22,240.78,11.71,10013.33
6776,0.15,-0.15,0.44,-4.11,11.52,-11.52,11.52,-7.82,14.08,425.92,25.41,9256.67
6777,-0.11,0.04,-0.08,55.96,-37.11,44.85,-18.93,0.41,-1.56,426.15,28.93,9256.67
6778,-0.34,-0.26,0.04,44.85,-29.71,15.22,-15.22,4.11,-7.82,426.22,25.67,9256.67
6779,-0.0,-0.18,0.04,44.85,-29.71,15.22,-22.63,7.82,-14.08,241.12,13.56,10010.0
6780,-0.08,-0.18,0.04,55.63,-11.52,15.22,-26.33,7.82,-10.37,485.9,-1.89,7086.67
6781,-0.45,0.38,-0.67,89.78,-52.75,97.52,-49.37,30.86,-20.89,486.13,-0.33,7086.67
6782,-0.52,0.53,-0.97,52.75,-56.45,93.82,-60.15,20.89,-13.49,486.1,-1.93,7080.0
6783,-0.56,0.93,-1.04,27.15,-60.15,64.19,-52.75,28.3,-14.63,241.35,6.6,9996.67
6784,-0.52,1.01,-1.01,37.93,-60.15,41.97,-60.15,32.0,-20.89,241.28,-0.33,10003.33
6785,-0.38,0.67,-0.89,63.53,-74.64,49.37,-60.15,32.0,-20.89,241.28,-0.33,10020.0
6786,-0.0,0.08,-0.3,18.26,-40.49,22.63,-43.37,12.67,-0.41,241.08,4.85,10023.33
6787,-0.04,0.0,-0.33,7.48,-40.49,44.85,-35.97,8.96,5.85,241.02,18.7,10010.0
6788,0.33,-0.52,0.41,-37.45,30.37,7.0,-1.0,-1.56,14.08,444.68,28.93,8538.33
6789,0.44,-0.89,0.6,-11.52,22.96,-18.93,1.56,1.0,2.97,444.55,28.93,8548.33
6790,0.48,-0.82,0.63,-0.74,22.96,-41.15,-2.15,-6.41,0.41,444.65,28.93,8565.0
6791,-0.04,0.04,-0.22,18.6,-33.41,-10.7,-22.63,2.97,-11.52,241.05,34.15,10016.67
6792,-0.15,0.41,-0.41,-7.33,-26.0,15.22,-22.63,0.41,-0.41,241.18,34.15,10013.33
6793,0.19,-0.22,0.26,-52.26,15.22,-44.85,4.11,-15.22,12.67,240.98,16.89,10013.33
6794,0.45,-0.86,0.89,-60.49,49.37,-67.89,30.86,-30.86,25.74,240.78,-0.37,10026.67
6795,0.71,-0.93,0.82,-30.86,34.56,-64.19,28.3,-34.56,15.78,477.17,-0.37,7391.67
6796,0.86,-0.71,0.45,-27.15,27.15,-64.19,28.3,-34.56,15.78,646.88,13.37,7256.67
6797,0.52,-0.04,-0.18,6.67,-7.0,-11.52,-2.15,-18.93,2.7,882.09,25.41,4666.67
6798,0.42,-0.24,-0.18,-26.67,4.11,-26.3,-3.29,-15.22,12.67,900.79,22.04,3991.67
6799,-0.28,0.43,-0.66,3.78,-15.22,56.0,-30.04,0.41,-0.41,731.28,25.56,4120.0
6800,-0.06,0.06,-0.55,3.78,-29.71,33.78,-52.26,4.11,-7.82,496.17,22.3,6716.67
6801,-0.63,1.01,-1.15,78.34,-60.15,89.78,-71.6,16.04,-30.86,409.76,18.93,9933.33
6802,-0.78,0.89,-0.89,100.56,-86.08,63.86,-86.08,17.19,-27.15,642.35,18.93,7430.0
6803,-0.93,1.15,-1.12,89.78,-60.49,56.45,-86.08,20.89,-17.19,884.77,20.49,4583.33
6804,-0.37,0.22,-0.3,44.85,-4.11,7.82,-59.34,5.26,-4.11,940.53,23.75,2458.33
6805,0.11,-0.22,0.15,-0.41,55.96,-18.93,-24.37,-15.22,11.52,707.67,18.53,4955.0
6806,0.19,-0.48,0.41,-4.11,30.37,-26.33,1.56,-22.63,8.96,654.69,11.6,6871.67
6807,-0.22,-0.03,-0.26,40.82,-40.49,33.74,-25.19,-7.0,-4.11,653.51,1.37,6913.33
6808,-0.11,0.0,-0.3,3.78,-40.49,30.04,-18.93,-3.29,-10.37,653.58,-10.67,6916.67
6809,0.26,-0.59,0.3,-52.59,0.74,7.0,11.52,-11.52,5.26,464.01,-3.74,7843.33
6810,0.86,-0.86,0.67,-93.82,34.56,-45.67,34.56,-20.89,17.19,455.86,9.97,8135.0
6811,0.33,-0.41,0.41,-41.15,-25.52,-0.74,4.11,5.85,0.41,456.03,13.37,8141.67
6812,-0.26,0.37,-0.0,11.52,-78.19,47.89,-22.63,21.48,-12.67,456.3,13.37,8131.67
6813,-0.71,0.41,0.18,18.93,-63.37,47.89,-18.93,15.22,-11.52,241.15,-2.15,10020.0
6814,-0.56,0.48,-0.26,26.33,-26.34,29.71,-41.15,11.52,-5.26,483.5,4.78,7180.0
6815,-0.48,0.56,-0.67,33.74,-0.41,41.15,-48.56,15.22,-11.52,677.13,6.49,6096.67
6816,-0.89,1.04,-0.97,41.97,-30.86,82.38,-71.6,38.26,-22.04,895.75,20.23,4083.33
6817,-1.04,0.97,-0.53,34.56,-67.89,100.56,-45.67,30.86,-24.6,832.19,23.64,6416.67
6818,-0.49,0.18,0.4,0.41,-11.52,40.49,-15.22,4.11,-7.82,638.32,11.6,7506.67
6819,0.04,-0.26,0.67,-44.85,18.93,-4.44,7.82,-18.93,2.7,419.71,-2.15,9506.67
6820,0.19,-0.11,0.33,-52.26,44.85,-22.63,4.11,-7.82,-1.0,241.12,-2.15,10003.33
6821,0.15,-0.19,0.22,-78.19,15.22,-22.63,7.82,-0.41,1.56,241.08,11.6,10000.0
6822,0.22,-0.41,0.15,-7.26,-15.22,33.74,-18.93,15.22,-11.52,498.58,23.75,6666.67
6823,0.3,-0.74,0.3,3.85,-29.71,26.34,-41.15,7.82,-15.22,498.32,18.78,6663.33
6824,-0.22,0.11,-0.52,63.93,-56.45,86.41,-71.6,16.04,-30.86,498.55,22.3,6660.0
6825,-0.52,0.6,-0.93,63.86,-74.64,64.19,-75.3,27.15,-34.56,457.35,10.15,8076.67
6826,0.07,0.23,-0.52,18.93,-40.82,30.37,-18.93,15.22,-11.52,457.22,15.11,8076.67
6827,0.63,-0.56,0.41,-15.22,15.56,-29.71,11.52,7.0,4.11,456.98,11.6,8083.33
6828,0.41,-0.3,0.22,-26.0,30.04,-7.48,18.93,3.29,10.37,240.92,21.93,10003.33
6829,0.19,-0.52,0.41,-37.45,37.45,3.3,15.22,-4.11,7.82,240.95,8.19,10006.67
6830,-0.33,0.41,-0.52,7.48,-18.93,51.93,-15.22,4.11,-7.82,241.18,11.71,9996.67
6831,-0.11,0.15,-0.33,18.26,-33.41,29.71,-33.41,-2.15,-6.67,417.83,1.37,9576.67
6832,-0.15,0.56,-0.56,29.71,-26.0,18.93,-33.41,-2.15,-6.67,417.83,1.37,9583.33
6833,0.52,-0.26,-0.07,-11.52,-6.67,-51.93,-10.37,-11.52,5.26,417.53,-0.37,9596.67
6834,0.22,-0.08,0.15,-29.71,-18.11,-41.15,-10.37,-11.52,5.26,240.78,1.44,10026.67
6835,-0.11,0.11,-0.22,18.93,-66.74,-7.33,-33.41,11.52,-5.26,471.18,4.85,7606.67
6836,-0.75,0.86,-0.64,34.56,-86.08,45.34,-56.45,20.89,-17.19,471.48,6.59,7590.0
6837,-0.11,0.04,-0.19,7.82,-33.41,-25.52,-21.48,0.41,-1.56,471.28,16.82,7583.33
6838,0.41,-0.37,0.08,-40.82,0.41,-70.78,5.26,-15.22,11.52,470.09,27.15,7625.0
6839,0.15,-0.59,0.37,-3.78,4.11,-67.08,8.96,-7.82,14.08,655.16,25.41,6881.67
6840,-0.41,0.3,-0.48,30.37,-22.63,15.22,-26.0,12.67,-1.56,655.56,25.41,6888.33
6841,-0.56,0.11,-0.15,18.93,-15.22,37.45,-33.41,8.96,5.85,426.38,27.19,9270.0
6842,-0.33,0.37,-0.52,-10.7,-18.93,51.93,-40.82,12.67,-0.41,469.13,20.45,7686.67
6843,-0.15,0.04,-0.37,0.08,-33.41,51.93,-26.33,11.52,-4.11,692.09,10.22,5506.67
6844,-0.19,0.45,-0.45,37.11,-26.0,41.15,-22.63,4.11,-7.82,926.06,-3.48,2958.33
6845,0.37,-0.45,0.48,10.37,30.37,-7.48,11.52,-15.22,11.52,882.25,-0.22,4583.33
6846,0.67,-0.56,0.93,-49.04,79.0,-78.34,41.97,-23.45,27.15,832.75,-0.22,6458.33
6847,0.93,-0.75,0.82,-74.64,64.19,-78.34,38.26,-23.45,27.15,598.68,10.0,9013.33
6848,0.19,-0.08,0.15,-55.3,-18.11,-44.19,-18.11,-11.52,4.11,414.57,6.74,9735.0
6849,0.26,-0.41,0.48,-40.82,4.11,-33.41,-28.07,-22.63,7.82,240.72,16.97,10040.0
6850,-0.41,0.3,-0.08,-7.0,-15.22,7.82,-47.41,4.11,-8.96,241.02,15.27,10020.0
6851,-0.45,0.26,0.03,30.04,14.41,7.82,-17.78,7.82,1.0,426.18,22.01,9256.67
6852,-0.78,0.78,-0.71,74.97,-56.45,45.67,-64.19,30.86,-25.74,426.35,18.75,9246.67
6853,-0.25,-0.09,-0.18,26.0,-26.0,7.85,-48.56,11.52,-5.26,681.24,20.56,5953.33
6854,0.16,-0.2,-0.36,14.56,-44.19,11.55,-66.74,5.26,-4.11,496.1,6.85,6716.67
6855,0.01,0.06,-0.59,3.78,-18.6,4.15,-66.74,8.96,5.85,738.52,8.41,3880.0
6856,-0.26,0.3,-0.48,44.52,-14.89,18.93,-65.6,1.56,2.15,651.1,11.78,7138.33
6857,-0.33,0.48,-0.3,55.96,3.29,15.22,-47.41,7.82,1.0,651.2,20.3,7118.33
6858,0.3,-0.19,0.22,25.52,11.52,-37.45,1.56,-18.93,17.78,408.62,22.01,9961.67
6859,0.18,0.11,-0.3,59.34,-37.11,-7.0,-15.22,7.82,1.0,241.15,16.82,10006.67
6860,0.22,-0.14,-0.52,37.11,-55.3,18.93,-22.63,11.52,-5.26,241.08,9.89,10010.0
6861,-0.45,0.67,-1.0,78.34,-74.64,89.78,-45.67,30.86,-24.6,241.35,15.11,9996.67
6862,-0.11,0.04,-0.33,33.41,-33.41,29.71,-28.89,11.52,-4.11,438.26,13.56,8785.0
6863,0.41,-0.3,0.0,2.96,0.41,-52.59,1.56,-15.22,12.67,438.1,10.15,8795.0
6864,0.71,-1.0,0.71,-30.86,34.56,-93.82,24.6,-27.15,35.71,437.93,8.41,8798.33
6865,0.6,-0.63,0.52,-56.78,41.97,-67.89,34.56,-23.45,28.3,240.75,13.37,10006.67
6866,0.04,-0.22,0.26,-30.04,8.15,-22.63,4.11,3.29,11.52,240.92,16.78,10000.0
6867,-0.37,0.26,-0.04,-14.41,-51.93,18.6,-44.85,18.93,-18.93,241.15,16.78,10010.0
6868,-0.37,0.26,-0.04,-14.41,-51.93,18.6,-54.82,7.82,-15.22,241.12,15.08,10023.33
6869,-0.52,0.52,-0.26,-10.7,-37.45,55.63,-77.04,0.41,-18.93,241.05,20.45,10036.67
6870,-0.22,0.34,-0.48,7.48,-26.0,44.85,-65.6,-2.15,-7.82,417.66,4.93,9610.0
6871,0.11,0.26,-0.41,44.52,-40.82,48.56,-59.34,1.56,-14.08,417.73,-7.11,9593.33
6872,0.82,-0.41,0.08,14.07,-21.48,-33.74,-6.67,-17.78,6.41,587.35,-2.15,9455.0
6873,0.45,-0.26,0.15,-11.52,-32.92,-37.45,-6.67,-17.78,6.41,410.6,-0.33,9865.0
6874,0.15,-0.11,0.0,-37.11,-18.11,-55.63,-10.37,-21.48,12.67,410.53,11.71,9878.33
6875,-0.63,0.48,-0.08,-14.07,-63.37,15.22,-51.6,-4.7,3.29,240.95,-0.22,10016.67
6876,-0.41,0.67,-0.26,-14.07,-37.45,11.52,-37.11,-5.85,-0.41,241.02,15.22,10016.67
6877,-0.75,0.86,-0.64,30.86,-86.08,45.34,-56.45,20.89,-17.19,241.32,13.52,10020.0
6878,-0.45,0.67,-0.86,49.04,-74.64,34.56,-67.89,23.45,-28.3,241.28,20.49,10010.0
6879,-0.49,0.75,-0.93,74.64,-74.64,52.75,-82.38,24.6,-24.6,241.22,5.04,10016.67
6880,-0.78,0.89,-0.89,63.53,-86.08,63.86,-86.08,17.19,-27.15,452.69,11.96,8253.33
6881,-1.08,1.08,-0.67,45.34,-97.52,74.64,-74.64,14.63,-16.04,650.84,16.93,7000.0
6882,-0.97,0.85,-0.3,56.78,-93.82,60.15,-60.15,13.49,-19.75,650.9,30.63,6996.67
6883,-0.04,0.37,0.18,48.56,-48.56,33.41,-39.67,1.56,3.29,615.04,28.89,8371.67
6884,0.22,0.11,-0.08,55.96,-37.11,44.85,-25.19,0.41,-0.41,417.0,32.41,9628.33
6885,0.63,-0.59,0.48,-0.41,15.56,10.7,-4.7,-8.96,11.52,416.7,32.41,9635.0
6886,0.37,-0.85,0.56,-37.45,22.96,3.3,-4.7,-8.96,11.52,240.88,32.41,10003.33
6887,0.52,-1.08,1.12,-60.49,71.6,-49.37,18.34,-28.3,30.86,240.62,27.19,10000.0
6888,0.19,-0.56,0.37,-15.56,0.74,-11.52,-16.63,-17.78,22.63,240.85,13.48,10003.33
6889,-0.11,0.04,-0.26,55.3,-40.49,26.33,-33.41,1.56,2.15,241.05,8.3,10013.33
6890,-0.6,0.49,-0.71,100.56,-100.56,53.08,-70.93,22.04,-13.49,473.91,13.52,7510.0
6891,-0.67,0.67,-0.52,112.01,-82.38,49.37,-82.38,24.6,-24.6,473.88,20.49,7503.33
6892,-0.89,0.93,-0.71,101.23,-67.89,71.6,-86.08,17.19,-27.15,473.85,27.41,7510.0
6893,-0.82,0.97,-0.56,71.6,-67.89,86.08,-86.08,17.19,-27.15,241.18,11.96,10023.33
6894,-0.41,0.26,-0.0,15.22,-15.22,51.93,-39.67,-5.85,-0.41,241.02,15.22,10036.67
6895,0.07,-0.19,0.59,-33.41,18.93,-18.93,-12.93,-21.48,12.67,240.82,-2.04,10030.0
6896,0.71,-1.01,1.04,-60.15,71.6,-89.78,28.3,-38.26,22.04,240.68,-3.85,10020.0
6897,0.22,-0.15,0.19,-40.82,15.22,-59.34,11.52,-11.52,5.26,240.98,-5.55,10000.0
6898,0.45,-0.37,0.08,-22.63,0.41,-70.78,15.22,-4.11,7.82,240.95,8.19,10000.0
6899,0.45,-0.37,0.08,-22.63,0.41,-70.78,15.22,-4.11,7.82,240.95,8.19,10000.0
6900,0.45,-0.37,0.08,-22.63,0.41,-70.78,7.82,-0.41,1.56,240.88,1.26,10020.0
6901,-0.08,-0.03,-0.26,7.82,-33.41,11.52,-18.93,15.22,-11.52,241.15,-2.15,10010.0
6902,0.15,0.26,-0.37,18.93,-40.82,41.15,-25.19,18.93,-1.56,241.18,13.37,10020.0
6903,0.07,0.19,-0.45,33.74,-40.82,70.78,-17.78,15.22,4.7,241.25,20.3,10010.0
6904,0.67,-0.07,0.15,10.7,-7.0,18.11,1.56,-1.56,14.08,240.92,25.49,10023.33
6905,0.04,0.26,-0.37,30.04,-40.82,33.74,-22.63,21.48,-12.67,241.05,13.37,10010.0
6906,0.52,-0.19,0.22,-18.6,-6.67,-37.11,-5.85,2.15,7.82,240.85,4.85,10003.33
6907,0.3,-0.48,0.34,-29.71,0.74,-66.74,-2.15,-4.11,8.96,240.95,-10.67,10006.67
6908,0.33,-0.56,0.26,-26.0,0.74,-29.71,-2.15,-4.11,8.96,240.95,-10.67,10003.33
6909,-0.3,-0.22,-0.07,7.82,-59.34,15.22,-26.33,18.93,-17.78,413.68,4.78,9756.67
6910,-0.41,0.15,-0.26,-18.11,-51.93,41.15,-26.33,18.93,-17.78,413.68,4.78,9756.67
6911,-0.37,0.22,-0.22,-7.33,-51.93,18.93,-37.11,8.96,-10.37,413.65,3.18,9773.33
6912,-0.37,0.22,-0.22,-7.33,-51.93,18.93,-37.11,8.96,-10.37,413.65,3.18,9773.33
6913,-0.6,0.49,-0.71,63.53,-100.56,53.08,-63.86,24.6,-23.45,413.85,20.44,9773.33
6914,-0.04,0.11,-0.37,22.3,-55.63,4.44,-22.63,11.52,-4.11,657.46,35.89,6885.0
6915,0.26,-0.03,-0.41,33.41,-44.19,-6.67,-22.63,11.52,-4.11,484.86,22.04,7138.33
6916,0.22,-0.11,-0.44,22.63,-44.19,15.56,-37.11,12.67,-0.41,484.8,6.59,7131.67
6917,-0.64,0.45,-0.56,45.67,-100.56,74.97,-89.78,28.3,-30.86,241.15,-1.89,10010.0
6918,-0.93,0.6,-0.52,34.56,-112.01,86.08,-100.56,18.34,-23.45,241.12,-3.48,10013.33
6919,-0.97,0.67,-0.45,34.56,-112.01,49.04,-82.38,24.6,-24.6,471.38,-1.89,7593.33
6920,-0.67,0.49,-0.67,52.75,-100.56,38.26,-56.45,20.89,-17.19,471.48,-10.67,7583.33
6921,-0.19,0.04,-0.22,44.52,-40.49,11.52,-18.93,0.41,-1.56,471.28,-0.44,7580.0
6922,0.15,-0.15,0.15,-4.11,8.15,-22.3,4.11,-22.63,8.96,240.88,-3.85,9993.33
6923,0.08,-0.15,0.19,-18.6,8.15,-37.11,4.11,-22.63,8.96,240.88,13.41,9996.67
6924,-0.26,0.41,-0.52,4.44,-26.0,15.56,-15.22,4.11,-7.82,241.18,11.71,9990.0
6925,-0.26,0.41,-0.52,4.44,-26.0,15.56,-18.93,7.82,2.15,241.22,27.23,10006.67
6926,-0.33,0.74,-0.67,-6.67,-11.52,22.96,-33.41,8.96,5.85,241.15,11.78,10013.33
6927,0.11,0.22,-0.0,-66.74,22.63,-33.41,-6.67,-6.67,18.93,240.88,15.19,10010.0
6928,-0.22,0.41,-0.37,-21.81,-26.0,0.41,-29.71,5.26,-4.11,241.05,16.93,10000.0
6929,-0.37,0.26,-0.04,-14.41,-51.93,18.6,-15.22,4.11,-7.82,241.12,32.37,9990.0
6930,-0.08,0.15,-0.08,-2.96,-66.74,4.11,-18.93,-3.29,-10.37,241.15,18.63,9990.0
6931,-0.41,0.26,0.07,22.96,-48.56,15.22,-22.63,7.82,-14.08,445.87,16.89,8486.67
6932,-0.41,0.26,0.07,15.56,-18.93,15.22,-18.93,15.22,-11.52,664.28,13.37,6493.33
6933,-0.37,0.3,0.18,41.15,-18.93,33.41,-18.93,15.22,-11.52,664.28,13.37,6503.33
6934,-0.04,0.37,0.18,41.15,-18.93,33.41,-18.93,15.22,-11.52,459.53,1.26,8000.0
6935,0.37,-0.11,0.48,32.92,11.52,-7.82,-2.15,-1.56,-2.15,240.82,3.04,10010.0
6936,-0.41,0.48,-0.26,55.96,-7.82,44.85,-54.82,17.78,-22.63,240.92,11.82,10003.33
6937,-0.52,0.71,-0.63,44.52,-11.52,59.34,-47.41,14.08,-16.37,240.98,18.75,10013.33
6938,-0.07,0.67,-0.6,44.52,-26.33,59.34,-44.85,4.11,-8.96,241.02,15.27,10003.33
6939,-0.22,0.56,-0.34,29.71,-52.26,33.41,-22.63,11.52,-5.26,241.08,9.89,10006.67
6940,-0.41,0.3,-0.08,4.11,-78.19,18.93,-52.26,7.82,-15.22,432.55,16.82,9000.0
6941,-0.67,0.04,-0.0,-32.92,-70.78,11.52,-48.56,11.52,-21.48,432.61,4.78,8996.67
6942,0.22,-0.48,0.37,-48.56,-14.41,-33.41,-21.81,-18.93,1.56,654.56,18.63,6871.67
6943,0.52,-0.63,0.34,-37.45,-2.96,-44.52,7.82,-15.22,11.52,463.1,11.71,7868.33
6944,0.07,0.3,-0.41,7.82,-29.71,-14.07,-15.22,7.82,1.0,463.33,22.04,7865.0
6945,-0.75,0.86,-0.64,30.86,-86.08,45.34,-34.56,34.56,-15.78,241.45,15.12,10000.0
6946,-0.15,0.48,-0.23,-14.07,-52.26,11.52,-15.22,7.82,1.0,241.15,16.82,10016.67
6947,0.11,-0.15,0.41,-22.3,-18.11,-11.52,7.82,-15.22,11.52,240.92,6.49,10036.67
6948,0.28,-0.36,0.13,-7.52,18.93,3.63,11.52,-15.22,11.52,494.41,13.23,6760.0
6949,-0.32,0.01,-0.28,37.41,-14.89,37.45,-37.45,7.82,-15.22,665.2,4.59,6580.0
6950,0.05,-0.1,-0.5,30.0,-29.71,7.82,-43.71,14.08,-16.37,665.1,20.11,6566.67
6951,-0.11,0.11,-0.22,7.82,-37.11,-7.33,-47.41,14.08,-16.37,630.0,16.78,7833.33
6952,-0.04,0.11,-0.26,22.3,-37.11,7.48,-47.41,14.08,-16.37,459.37,22.15,8003.33
6953,-0.0,0.15,-0.11,4.11,-37.11,18.93,-47.41,11.52,-5.26,459.5,22.15,8013.33
6954,0.56,-0.22,0.08,-29.71,-6.67,-40.49,-20.67,-4.11,7.82,414.67,10.22,9721.67
6955,0.19,-0.08,0.15,-55.3,-18.11,-44.19,8.96,-0.41,17.78,414.81,11.78,9731.67
6956,0.15,-0.11,0.0,-37.11,-18.11,-55.63,15.22,-4.11,7.82,584.49,10.0,9596.67
6957,-0.19,0.26,-0.22,33.74,-48.56,-10.7,-41.15,7.82,-15.22,410.8,16.97,9881.67
6958,0.45,-0.08,0.11,-0.08,11.52,-55.63,-24.37,-11.52,5.26,410.6,8.45,9865.0
6959,-0.04,0.33,-0.19,41.15,-22.3,4.44,-54.82,15.22,-11.52,457.18,-5.3,8073.33
6960,-0.34,0.3,-0.3,4.11,-51.93,4.44,-28.89,11.52,-4.11,457.28,3.18,8090.0
6961,-0.75,0.82,-0.82,37.93,-86.08,45.67,-45.67,30.86,-24.6,457.48,11.71,8103.33
6962,-0.48,0.63,-0.26,4.11,-37.45,-2.96,-15.22,0.41,-1.56,475.18,13.52,7478.33
6963,0.37,0.07,-0.04,-11.52,7.82,-59.34,7.82,-8.96,10.37,474.88,10.0,7461.67
6964,0.52,-0.26,0.08,14.07,-6.67,-51.93,-10.37,-15.22,11.52,474.78,1.48,7465.0
6965,0.59,-0.59,0.26,2.96,15.56,-41.15,-16.63,-15.22,11.52,240.72,11.71,10020.0
6966,-0.04,0.15,-0.15,18.6,-3.78,11.52,-54.15,-4.7,3.29,240.95,-0.22,10030.0
6967,0.48,-0.22,0.3,-40.82,30.04,-37.11,-12.93,-21.48,12.67,240.82,-2.04,10010.0
6968,-0.04,0.6,-0.37,-14.07,-26.33,11.52,-29.71,1.56,-4.11,490.83,-5.3,6913.33
6969,0.6,-0.15,0.04,-29.71,-7.0,-41.15,7.82,-18.93,11.52,490.63,4.93,6920.0
6970,0.63,-0.11,0.15,-4.11,-7.0,-22.96,4.11,-15.22,21.48,490.66,20.45,6923.33
6971,1.38,-0.74,0.63,-19.75,12.34,-64.19,20.89,-28.3,30.86,240.62,27.19,10020.0
6972,0.82,-0.33,0.37,7.0,-21.48,-18.93,1.56,-1.56,14.08,240.92,25.49,10006.67
6973,0.63,-0.52,0.45,-4.11,15.56,-26.33,5.26,-5.26,4.11,465.35,22.01,7801.67
6974,0.19,-0.48,0.41,-4.11,30.37,-26.33,7.82,-15.22,11.52,465.38,18.53,7791.67
6975,0.22,-0.56,0.34,-0.41,30.37,10.7,0.41,-11.52,5.26,465.32,11.6,7808.33
6976,0.15,-0.63,0.34,-26.34,0.74,10.7,0.41,-11.52,5.26,240.85,-0.44,10030.0
6977,0.41,-0.89,0.19,-37.45,22.96,3.3,-2.15,-11.52,5.26,487.13,-0.44,7068.33
6978,0.71,-1.01,0.64,-86.08,71.6,-67.56,32.0,-30.86,24.6,486.93,9.89,7065.0
6979,0.19,-0.04,-0.11,-15.22,44.85,-7.48,1.56,-15.22,11.52,722.14,21.93,4468.33
6980,-0.26,0.52,-0.45,15.22,-26.0,15.56,-44.85,7.82,-15.22,646.65,13.3,7260.0
6981,-0.04,0.3,-0.56,33.41,-40.82,4.11,-44.85,7.82,-15.22,646.65,13.3,7246.67
6982,0.15,-0.14,-0.48,22.63,-55.3,4.11,-37.45,15.22,-12.67,411.68,11.6,9823.33
6983,-0.0,0.12,-0.7,26.33,-40.82,41.15,-37.45,15.22,-12.67,241.05,16.97,10003.33
6984,-0.3,0.12,-0.26,8.15,-40.82,41.15,-44.85,15.22,-5.26,492.28,16.9,6881.67
6985,-0.14,-0.11,0.3,-14.89,7.82,-11.52,-28.07,-11.52,11.52,491.98,18.6,6885.0
6986,0.38,-0.97,1.12,-74.97,34.56,-71.6,24.6,-30.86,32.0,682.5,20.16,5913.33
6987,0.67,-0.93,1.01,-60.49,49.37,-60.15,28.3,-34.56,22.04,687.53,8.34,5746.67
6988,1.08,-1.0,0.93,-86.08,34.56,-78.34,28.3,-27.15,25.74,687.63,11.82,5760.0
6989,0.48,-0.22,0.52,-33.41,-18.11,-29.71,-12.93,-10.37,16.37,497.15,3.29,6715.0
6990,0.33,-0.37,0.59,-59.34,-25.52,-41.15,5.26,-7.82,15.22,479.76,10.22,7298.33
6991,0.15,-0.63,0.82,-44.85,-18.11,-52.59,15.22,-4.11,7.82,479.7,8.45,7288.33
6992,0.93,-1.23,0.9,-67.89,27.15,-123.45,60.15,-13.49,19.75,479.53,20.38,7295.0
6993,0.59,-0.7,0.19,2.96,-14.07,-63.37,11.52,7.0,4.11,456.98,11.6,8086.67
6994,0.22,-0.14,-0.52,37.11,-55.3,18.93,-44.85,18.93,-18.93,457.12,6.63,8086.67
6995,0.07,-0.37,-0.15,33.41,-47.89,18.93,-44.85,18.93,-18.93,457.12,6.63,8076.67
6996,-0.15,-0.11,-0.33,22.63,-33.41,41.15,-55.63,8.96,-11.52,240.95,8.45,10000.0
6997,0.27,-0.57,0.12,-41.15,11.52,-26.3,-10.37,-6.67,18.93,495.97,11.82,6700.0
6998,-0.06,0.06,-0.55,3.78,-29.71,33.78,-44.52,12.67,-0.41,712.3,-1.93,4790.0
6999,0.16,-0.2,-0.36,14.56,-44.19,11.55,-30.04,11.52,-4.11,712.37,13.52,4793.33
7000,-0.38,0.67,-0.89,63.53,-74.64,49.37,-63.86,24.6,-23.45,457.38,3.18,8096.67
7001,-0.45,0.86,-0.71,74.97,-56.45,45.67,-60.15,13.49,-19.75,241.28,20.44,10026.67
7002,-0.15,0.26,-0.08,4.11,-15.22,7.82,-33.41,-2.15,-6.67,241.08,3.18,10030.0
7003,-0.08,0.11,0.22,41.15,-11.52,11.52,-33.41,-2.15,-6.67,241.08,3.18,10036.67
7004,0.11,-0.37,0.56,-4.11,18.93,-15.22,-10.37,-11.52,5.26,240.78,1.44,10023.33
7005,-0.59,0.33,0.03,41.15,-4.11,18.93,-63.04,7.82,-15.22,466.43,16.96,7760.0
7006,-0.56,0.08,-0.19,18.93,-22.3,44.85,-74.48,10.37,-26.33,668.98,16.96,6333.33
7007,-0.89,0.64,-0.89,41.97,-56.45,97.52,-123.45,23.45,-45.67,669.18,10.22,6346.67
7008,-0.52,0.45,-1.04,56.78,-74.64,123.45,-101.23,30.86,-41.97,443.7,-1.89,8610.0
7009,-0.89,0.64,-0.82,79.0,-56.45,97.52,-79.0,38.26,-38.26,445.93,11.82,8526.67
7010,-0.11,0.0,-0.3,48.56,-26.0,26.67,-26.33,22.63,-7.82,689.58,20.3,5638.33
7011,0.45,-0.3,0.19,-0.08,7.82,-44.19,-2.15,-0.41,18.93,689.45,32.41,5635.0
7012,0.71,-0.07,-0.11,-37.11,4.11,-47.89,-12.93,-10.37,26.33,484.66,18.7,7131.67
7013,-0.15,0.48,-0.23,-14.07,-52.26,11.52,-39.67,1.56,3.29,241.12,18.7,10000.0
7014,-0.15,0.48,-0.23,-14.07,-52.26,11.52,-37.11,-5.85,-0.41,241.02,15.22,10003.33
7015,0.33,-0.37,0.63,-33.41,4.11,-18.93,-2.15,-26.33,15.22,240.82,25.45,10020.0
7016,1.19,-0.89,0.97,-49.04,49.38,-60.15,24.6,-41.97,28.3,240.62,8.19,10030.0
7017,0.52,-0.19,0.41,-15.22,30.04,-18.93,1.56,-22.63,8.96,240.88,13.41,10023.33
7018,0.52,-0.3,0.33,-15.22,0.41,-41.15,4.11,-15.22,12.67,240.98,16.89,10013.33
7019,-0.08,-0.03,-0.26,7.82,-33.41,11.52,-18.93,7.82,2.15,241.22,27.23,10003.33
7020,-0.0,-0.37,-0.11,18.93,-47.89,4.11,-33.41,8.96,5.85,450.45,13.37,8330.0
7021,0.03,-0.26,-0.04,18.93,-18.26,26.34,-26.0,12.67,-1.56,634.62,9.89,7618.33
7022,0.46,-0.72,0.42,-44.85,26.67,-41.11,-10.37,-6.67,18.93,889.51,11.71,4325.0
7023,0.16,-0.58,0.45,-55.96,15.22,-30.0,7.82,-0.41,17.78,680.31,18.64,6005.0
7024,-0.51,0.13,-0.07,-29.22,-67.08,18.63,-48.56,11.52,-5.26,496.2,15.38,6716.67
7025,-0.56,0.04,0.18,0.41,-70.78,3.78,-41.15,7.82,-15.22,241.08,3.23,10020.0
7026,0.07,-0.3,0.52,-33.41,-10.7,-41.15,-14.41,-7.82,-2.15,240.82,6.63,10016.67
7027,0.86,-0.89,0.6,-56.45,34.56,-112.01,38.26,-27.15,18.34,410.43,11.6,9888.33
7028,0.52,-0.26,-0.07,-11.52,-6.67,-51.93,-14.41,-7.82,-2.15,410.53,20.38,9888.33
7029,0.59,-0.59,0.26,2.96,15.56,-41.15,-14.41,-7.82,-2.15,410.53,20.38,9885.0
7030,0.37,-0.37,0.37,-15.22,30.37,-29.71,-10.7,-0.41,0.41,240.78,20.38,10013.33
7031,0.22,-0.04,0.26,-40.82,44.85,-37.11,0.74,-2.97,11.52,240.82,13.41,10006.67
7032,0.22,-0.04,0.26,-40.82,44.85,-37.11,-6.67,-4.11,7.82,240.75,15.19,10010.0
7033,0.48,-0.22,0.3,-40.82,30.04,-37.11,-16.63,-15.22,11.52,240.72,13.48,10003.33
7034,0.63,-0.56,0.41,-15.22,15.56,-29.71,-5.85,-5.26,4.11,240.75,15.08,10000.0
7035,0.07,0.23,-0.52,18.93,-40.82,30.37,-25.19,11.52,-5.26,241.08,9.89,9993.33
7036,-0.86,0.71,-0.86,52.75,-56.45,75.3,-71.6,34.56,-32.0,466.8,13.37,7746.67
7037,-1.04,1.12,-1.04,52.75,-41.97,86.08,-64.19,30.86,-25.74,673.8,18.75,6170.0
7038,-0.52,0.26,-0.22,-7.33,-15.22,26.0,-44.85,11.52,-5.26,673.6,23.93,6173.33
7039,0.11,-0.11,0.15,-52.59,15.22,-4.44,11.52,-0.41,17.78,447.92,22.15,8430.0
7040,-0.07,-0.37,0.41,-78.19,-10.7,-18.93,4.11,3.29,11.52,413.52,30.63,9763.33
7041,-0.04,-0.3,0.52,-52.26,18.93,-18.93,1.56,3.29,11.52,413.52,30.63,9756.67
7042,0.07,-0.56,0.78,-26.33,41.15,-22.63,-5.85,-0.41,18.93,413.45,18.7,9766.67
7043,0.44,-0.71,0.71,-0.74,52.59,-18.93,1.56,-4.11,25.19,240.92,11.78,10020.0
7044,0.03,-0.18,-0.0,29.71,-18.26,4.11,-15.22,15.22,4.7,241.12,6.6,10026.67
7045,-0.19,0.04,-0.22,40.82,-40.49,11.52,-7.82,18.93,-2.7,241.18,18.53,10023.33
7046,0.11,-0.56,0.41,-30.04,0.74,-26.33,11.52,2.15,6.67,412.7,18.53,9811.67
7047,0.34,-0.86,0.89,-86.41,49.37,-41.97,28.3,-14.63,16.04,639.29,8.19,7513.33
7048,0.71,-0.97,0.67,-93.82,34.56,-71.6,28.3,-14.63,16.04,639.29,8.19,7503.33
7049,0.9,-0.78,0.34,-64.19,27.15,-93.82,35.71,-13.49,19.75,467.51,11.6,7725.0
7050,0.74,-0.48,-0.18,6.67,-21.48,-63.37,0.74,-2.97,11.52,240.82,13.41,10023.33
7051,0.63,-0.59,0.26,2.96,15.56,-41.15,0.74,-2.97,11.52,425.06,11.71,9311.67
7052,0.37,-0.45,0.45,-26.67,30.37,-15.22,-6.67,-6.67,18.93,425.12,13.48,9308.33
7053,-0.0,-0.3,0.52,-52.26,18.93,-18.93,4.11,3.29,11.52,425.16,15.08,9301.67
7054,-0.07,-0.37,0.41,-78.19,-10.7,-18.93,-3.29,-0.41,18.93,240.98,18.56,10016.67
7055,0.04,-0.74,0.6,-52.26,-18.11,-44.85,-5.85,-0.41,18.93,240.98,18.56,10003.33
7056,0.71,-1.49,1.16,-97.52,34.56,-79.0,28.3,-19.75,38.26,240.78,28.89,10000.0
7057,0.26,-0.56,0.41,-52.26,7.82,-48.56,1.56,3.29,11.52,240.92,16.78,10006.67
7058,-0.08,0.08,-0.26,-7.33,-33.41,11.52,-22.63,26.33,-15.22,457.18,1.26,8093.33
7059,-0.56,1.08,-1.08,63.53,-60.15,60.15,-67.56,35.71,-27.15,457.35,-10.67,8096.67
7060,-0.78,0.89,-0.89,63.53,-86.08,63.86,-60.15,32.0,-20.89,457.42,-3.74,8096.67
7061,-1.08,1.08,-0.67,45.34,-97.52,74.64,-60.15,32.0,-20.89,241.28,-0.33,10020.0
7062,-0.97,0.67,-0.45,30.86,-112.01,49.04,-41.97,38.26,-22.04,241.38,8.19,10033.33
7063,-0.08,0.15,-0.08,-2.96,-66.74,4.11,-18.93,15.22,-11.52,241.15,-2.15,10013.33
7064,0.15,-0.03,-0.26,0.74,-55.3,-21.48,-29.71,5.26,-4.11,241.12,-3.74,10006.67
7065,0.22,0.08,-0.41,-10.37,-55.3,-10.37,-47.89,-1.0,-6.67,488.34,1.44,6993.33
7066,-0.38,0.45,-0.82,34.56,-89.12,23.45,-89.12,15.78,-16.04,488.47,3.26,7000.0
7067,-0.6,0.63,-0.64,23.45,-70.93,49.04,-70.93,22.04,-17.19,706.96,15.19,5000.0
7068,-0.26,0.0,0.22,4.11,-0.08,14.89,-26.0,12.67,-1.56,459.47,13.41,8006.67
7069,0.07,-0.19,0.59,-40.82,48.56,-18.93,8.96,-7.82,14.08,459.27,23.64,8006.67
7070,0.3,-0.37,0.41,-29.71,30.37,-44.52,-9.22,-14.08,15.22,240.78,11.71,10006.67
7071,0.48,-0.22,0.11,-26.0,4.44,-55.3,-16.63,-25.19,18.93,462.93,15.22,7875.0
7072,0.15,0.15,-0.11,44.85,-26.0,-10.37,-40.82,5.26,-4.11,463.17,6.59,7878.33
7073,0.56,-0.37,0.59,14.41,44.85,-33.41,-3.29,-5.26,4.11,462.93,20.3,7888.33
7074,-0.34,0.15,0.22,30.04,-11.52,11.52,-22.63,21.48,-12.67,241.05,18.56,10016.67
7075,-0.04,-0.3,0.52,-52.26,18.93,-18.93,7.82,-5.26,4.11,240.88,15.15,10023.33
7076,-0.41,0.15,-0.26,-18.11,-51.93,41.15,-18.93,15.22,-11.52,424.13,1.44,9346.67
7077,0.26,-0.48,0.08,7.56,-22.3,67.08,-22.63,7.82,-14.08,681.4,-1.93,6010.0
7078,0.33,-0.82,0.23,7.56,-29.71,63.37,-28.89,4.11,-7.82,891.97,8.41,4291.67
7079,0.86,-1.15,0.56,-22.89,4.11,-18.93,5.26,-15.22,11.52,708.78,20.34,4971.67
7080,1.08,-1.04,0.6,-82.38,19.75,-89.78,32.0,-30.86,24.6,451.28,8.19,8298.33
7081,0.6,-0.04,-0.22,-11.52,-7.0,-41.15,11.52,-11.52,5.26,409.42,6.63,9923.33
7082,-0.11,0.63,-0.71,18.93,-26.33,41.15,-44.85,0.41,-17.78,409.56,1.67,9923.33
7083,-1.0,1.15,-1.08,52.75,-71.6,86.08,-97.52,19.75,-38.26,601.25,18.93,8930.0
7084,-0.3,0.37,-0.45,-6.67,-52.26,26.67,-74.48,7.82,-15.22,432.58,25.67,9016.67
7085,-0.3,0.37,-0.45,-6.67,-52.26,26.67,-52.26,15.22,-11.52,432.65,20.3,9003.33
7086,0.19,-0.07,-0.0,-14.89,7.82,-0.08,4.11,3.29,11.52,240.92,16.78,10016.67
7087,-0.33,0.3,-0.45,44.52,-26.0,48.56,-44.85,18.93,-18.93,240.98,10.04,10016.67
7088,-0.41,0.22,-0.04,37.11,-51.93,37.11,-67.08,11.52,-22.63,241.08,22.15,10026.67
7089,-0.75,0.78,-0.75,60.15,-86.08,89.78,-123.45,23.45,-45.67,241.22,17.19,10026.67
7090,-0.45,0.19,-0.11,-10.7,-44.85,51.93,-70.78,4.11,-25.19,431.73,18.75,9065.0
7091,-0.45,0.19,-0.11,-10.7,-44.85,51.93,-44.85,0.41,-17.78,431.67,20.49,9055.0
7092,-0.26,-0.15,0.04,-10.7,-59.34,51.93,-22.63,7.82,-14.08,431.73,15.11,9055.0
7093,-0.04,0.08,-0.15,0.74,-66.74,41.15,-28.89,14.08,-15.22,423.21,22.04,9388.33
7094,0.56,-0.7,0.26,-51.93,-14.07,-7.48,-8.41,-5.26,4.11,633.58,15.11,7680.0
7095,0.71,-0.93,0.82,-74.97,34.56,-60.15,18.34,-28.3,30.86,819.74,11.71,6875.0
7096,0.45,-0.75,0.78,-74.97,49.37,-60.15,20.89,-28.3,30.86,637.55,9.97,7493.33
7097,0.71,-0.49,0.71,-37.93,41.97,-52.75,20.89,-28.3,30.86,426.91,11.67,9195.0
7098,0.41,0.22,-0.0,-4.11,7.82,-11.52,-2.15,-16.37,7.82,240.78,28.93,10000.0
7099,0.71,0.07,-0.07,14.07,-7.0,6.67,-2.15,-16.37,7.82,456.03,28.93,8131.67
7100,0.11,0.34,-0.67,37.11,-40.82,59.34,-22.63,2.97,-11.52,456.3,34.15,8145.0
7101,0.22,0.11,-0.3,48.56,-37.11,44.85,-22.63,2.97,-11.52,456.3,34.15,8138.33
7102,-0.56,0.71,-0.82,79.0,-56.45,97.52,-49.37,23.45,-27.15,435.02,30.67,8930.0
7103,-0.04,0.37,-0.48,48.56,-22.63,15.22,-26.33,14.08,-15.22,434.72,27.15,8916.67
7104,-0.04,0.19,-0.63,22.63,-40.82,4.11,-30.04,25.19,-18.93,434.68,13.3,8920.0
7105,0.11,-0.07,-0.41,18.93,-55.3,-32.92,-22.63,21.48,-12.67,241.05,11.6,10016.67
7106,-0.52,0.67,-0.82,34.56,-74.64,19.75,-49.37,41.97,-28.3,241.32,1.26,10036.67
7107,-0.6,1.01,-0.97,23.45,-60.15,27.15,-71.6,34.56,-32.0,422.2,8.19,9443.33
7108,-0.37,0.71,-0.49,-32.92,-11.52,11.52,-54.82,17.78,-22.63,648.79,-2.15,7138.33
7109,-0.52,0.56,-0.15,-25.52,-37.45,29.71,-54.82,17.78,-22.63,648.79,-2.15,7131.67
7110,0.11,-0.11,0.37,-41.15,-18.11,6.67,-8.41,-1.56,-2.15,704.16,3.04,5090.0
7111,-0.26,0.45,-0.34,18.93,-52.26,59.34,-25.19,15.22,-11.52,652.15,15.08,7048.33
7112,0.56,-0.11,-0.11,-22.3,-7.0,-0.08,1.56,-15.22,11.52,651.92,23.71,7055.0
7113,-0.07,0.56,-0.67,8.15,-15.22,22.96,-33.41,1.56,2.15,636.45,18.53,7596.67
7114,0.41,0.11,0.07,-14.89,18.93,-47.89,-10.37,-25.19,18.93,695.63,8.3,5388.33
7115,-0.19,0.48,-0.34,30.04,-14.89,-14.07,-37.11,5.26,-4.11,695.86,-0.33,5385.0
7116,0.22,-0.04,0.22,-18.6,8.15,-55.3,7.82,-4.11,7.82,648.71,-8.86,7176.67
7117,0.52,-0.19,0.22,-18.6,-6.67,-37.11,11.52,7.0,4.11,609.66,4.85,8593.33
7118,0.59,-0.19,0.19,-4.11,-6.67,-22.3,18.93,3.29,10.37,609.73,11.78,8593.33
7119,0.63,-0.59,0.41,-15.56,-14.07,-11.52,18.93,3.29,10.37,435.91,20.3,8895.0
7120,0.33,-0.45,0.26,-41.15,0.74,-29.71,8.96,-0.41,17.78,240.98,20.3,10026.67
7121,0.33,-0.45,0.26,-41.15,0.74,-29.71,5.26,-7.82,15.22,240.95,27.23,10026.67
7122,-0.37,0.26,-0.19,18.93,-22.3,4.44,-28.89,1.56,-4.11,493.44,20.3,6850.0
7123,-0.34,-0.15,0.04,7.48,-29.71,15.22,-22.63,-2.15,-14.08,684.02,15.11,5885.0
7124,-0.22,-0.45,0.56,-26.34,18.93,-15.22,-2.15,-21.48,5.26,683.75,9.89,5871.67
7125,0.71,-0.93,0.82,-74.97,34.56,-60.15,22.04,-32.0,20.89,431.2,22.01,9035.0
7126,0.64,-0.6,0.67,-74.97,41.97,-56.45,15.78,-25.74,19.75,240.48,27.19,10006.67
7127,0.89,-0.86,0.52,-86.08,64.19,-63.86,15.78,-25.74,19.75,486.77,27.19,7051.67
7128,0.63,-0.67,0.63,-86.08,79.0,-63.86,22.04,-32.0,20.89,699.72,13.48,5263.33
7129,0.41,-0.41,0.15,-15.22,30.37,-29.71,-12.93,-21.48,12.67,876.7,-2.04,4833.33
7130,0.33,-0.45,0.41,-41.15,0.74,-29.71,-12.93,-14.08,16.37,630.51,1.44,7805.0
7131,0.56,-0.67,0.15,-22.96,-14.07,-41.15,-19.19,-17.78,22.63,606.13,13.37,8721.67
7132,1.08,-1.04,0.6,-82.38,19.75,-89.78,22.04,-34.56,32.0,429.25,13.37,9131.67
7133,1.34,-0.82,0.3,-52.75,23.45,-100.56,28.3,-34.56,32.0,672.96,15.11,6243.33
7134,1.15,-1.0,0.64,-82.38,30.86,-78.34,34.56,-30.86,25.74,675.11,11.71,6160.0
7135,0.75,-0.93,0.71,-56.78,45.67,-60.15,30.86,-24.6,24.6,675.01,27.23,6166.67
7136,0.49,-1.15,1.01,-86.41,41.97,-49.37,34.56,-20.89,17.19,431.23,23.71,9045.0
7137,0.41,-0.82,0.86,-86.41,49.37,-45.67,28.3,-14.63,16.04,240.52,28.89,10016.67
7138,0.61,-0.91,1.02,-97.52,49.37,-53.08,39.41,-13.49,19.75,492.94,15.04,6783.33
7139,0.84,-0.69,0.84,-86.08,41.97,-63.86,29.45,-24.6,23.45,492.91,13.34,6776.67
7140,0.46,-0.09,0.24,-40.82,7.82,-37.11,5.26,-4.11,7.82,493.17,1.22,6770.0
7141,-0.15,0.48,-0.23,-14.07,-52.26,11.52,-54.82,7.82,-15.22,240.95,8.34,10006.67
7142,-0.34,0.22,-0.0,0.41,-44.85,0.08,-48.56,11.52,-21.48,241.02,-3.7,10020.0
7143,0.11,-0.71,0.74,-44.85,-18.11,-30.37,-21.81,-18.93,1.56,240.78,4.93,10013.33
7144,0.89,-1.3,0.82,-67.89,27.15,-101.23,24.6,-41.97,28.3,240.62,8.19,10013.33
7145,1.12,-1.0,0.71,-56.78,19.75,-71.6,18.34,-38.26,38.26,416.46,23.71,9628.33
7146,0.74,-0.41,0.11,-0.41,-21.48,-48.56,-30.63,-15.22,11.52,416.63,20.45,9635.0
7147,0.26,0.0,-0.19,40.82,-55.3,11.52,-65.6,5.26,-4.11,593.58,8.41,9215.0
7148,0.22,-0.03,-0.3,15.22,-55.3,-6.67,-55.63,8.96,-11.52,417.7,3.23,9596.67
7149,-0.0,0.15,-0.11,11.52,-66.74,18.93,-55.63,8.96,-11.52,417.86,9.97,9600.0
7150,-0.08,0.15,-0.08,-2.96,-66.74,4.11,-55.63,8.96,-11.52,241.12,11.78,10016.67
7151,-0.26,0.0,0.22,11.52,-29.71,14.89,-65.6,5.26,-4.11,241.18,16.96,10010.0
7152,0.52,-0.59,0.3,-11.52,15.56,-55.96,-19.19,-17.78,22.63,240.85,13.48,10003.33
7153,0.59,-0.59,0.26,2.96,15.56,-41.15,-30.63,-15.22,11.52,240.82,20.45,10006.67
7154,0.11,0.26,-0.63,37.11,-29.71,-10.7,-65.6,-2.15,-7.82,461.73,15.27,7923.33
7155,-0.15,0.41,-0.45,7.48,-14.89,15.22,-65.6,5.26,-4.11,681.58,6.63,5878.33
7156,0.19,-0.11,0.3,-37.45,55.96,-22.63,-12.93,-14.08,16.37,681.48,-2.15,5881.67
7157,0.6,-0.64,0.86,-86.08,79.0,-63.86,24.6,-24.6,24.6,460.43,3.04,7958.33
7158,0.86,-0.78,0.67,-56.45,64.19,-89.78,27.15,-22.04,13.49,240.55,13.37,9993.33
7159,0.78,-0.45,0.49,-70.93,41.97,-100.56,27.15,-22.04,13.49,453.4,15.19,8195.0
7160,1.08,-0.6,0.63,-45.34,27.15,-82.38,27.15,-32.0,20.89,453.43,11.71,8201.67
7161,0.71,-0.49,0.85,-37.93,41.97,-52.75,30.86,-38.26,22.04,453.53,-2.04,8215.0
7162,0.08,-0.15,0.37,-4.11,-18.11,-7.82,0.41,-11.52,5.26,240.85,-0.44,10006.67
7163,-0.67,0.59,-0.37,29.71,-37.45,33.41,-22.63,7.82,-14.08,241.12,4.78,10020.0
7164,-0.78,0.89,-0.89,63.53,-86.08,63.86,-49.37,23.45,-27.15,241.32,4.78,10006.67
7165,-0.19,0.48,-0.48,18.26,-26.0,33.41,-22.63,0.41,-0.41,241.18,16.89,10016.67
7166,-0.19,0.48,-0.48,18.26,-26.0,33.41,-48.56,4.11,-7.82,241.08,8.41,9996.67
7167,-0.26,0.48,-0.45,3.78,-26.0,18.6,-74.48,7.82,-15.22,411.61,11.82,9836.67
7168,-0.67,1.15,-1.12,74.64,-60.15,63.53,-101.23,30.86,-41.97,411.75,-0.3,9836.67
7169,-0.26,0.48,-0.45,3.78,-26.0,18.6,-44.85,18.93,-18.93,411.61,4.67,9843.33
7170,-0.22,0.41,-0.52,7.48,-26.0,55.63,-33.41,16.37,-7.82,241.02,3.07,10006.67
7171,0.22,-0.19,0.08,-51.93,8.15,-3.78,-9.22,-6.67,18.93,240.88,15.19,10003.33
7172,0.52,-0.3,0.04,-40.49,-6.67,-18.26,-19.19,-10.37,26.33,240.95,16.96,10013.33
7173,0.19,-0.08,0.15,-55.3,-18.11,-44.19,-30.63,-7.82,15.22,432.51,32.41,9016.67
7174,0.04,-0.19,0.26,-29.71,-18.11,-26.0,-28.07,-5.26,4.11,432.38,32.41,9010.0
7175,-0.37,-0.11,0.33,-4.11,-3.3,-7.82,-21.81,-8.96,-5.85,432.35,16.89,9006.67
7176,-0.07,-0.26,0.3,7.0,8.15,-18.93,-10.37,-11.52,5.26,240.78,1.44,10006.67
7177,-0.07,-0.26,0.3,7.0,8.15,-18.93,-10.37,-11.52,5.26,240.78,1.44,10006.67
7178,0.15,-0.48,0.52,-4.11,30.37,-26.33,-6.67,-4.11,7.82,240.75,15.19,10006.67
7179,0.34,-0.78,1.0,-23.45,79.0,-41.97,34.56,-20.89,17.19,240.62,13.37,10013.33
7180,-0.07,-0.3,0.7,-7.82,18.93,-0.74,11.52,-11.52,5.26,240.92,15.11,10006.67
7181,-0.41,0.22,-0.04,37.11,-51.93,37.11,-44.85,0.41,-17.78,241.05,10.15,10013.33
7182,-0.23,-0.07,0.07,0.08,-59.34,29.71,-51.11,4.11,-7.82,241.08,25.67,10020.0
7183,0.41,-0.89,0.52,-26.67,-6.67,-41.15,-28.07,-15.22,11.52,240.82,20.45,10020.0
7184,0.37,-0.96,0.49,-37.45,-6.67,-18.93,-28.07,-15.22,11.52,240.82,20.45,10016.67
7185,0.19,-0.67,0.37,-0.41,0.74,-11.52,-25.52,-12.67,0.41,240.68,20.45,10003.33
7186,0.41,-0.37,0.26,10.7,-6.67,18.11,-28.07,-2.7,-7.0,240.65,23.93,10023.33
7187,0.23,-0.04,0.11,10.7,7.82,18.11,-16.63,-5.26,4.11,240.68,16.96,10006.67
7188,-0.07,0.56,-0.34,26.33,-26.33,59.34,-35.97,7.82,-5.26,490.73,10.22,6923.33
7189,-0.63,0.9,-0.89,60.15,-60.15,89.78,-70.93,18.34,-13.49,490.96,-3.48,6916.67
7190,0.15,0.3,-0.15,37.11,-40.82,37.11,-29.71,1.56,-4.11,490.83,-5.3,6933.33
7191,0.26,0.19,-0.04,66.74,-37.11,22.63,-59.34,1.56,-14.08,240.98,-5.3,10016.67
7192,0.22,0.11,-0.08,55.96,-37.11,44.85,-44.85,0.41,-17.78,241.05,10.15,10023.33
7193,-0.52,0.86,-0.82,89.78,-56.45,86.08,-86.08,17.19,-27.15,241.18,11.96,10023.33
7194,-0.67,0.93,-1.19,67.56,-60.15,112.01,-56.45,20.89,-17.19,241.32,13.52,10026.67
7195,-0.07,0.67,-0.6,44.52,-26.33,59.34,-33.41,11.52,-5.26,241.02,11.78,10020.0
7196,0.63,-0.11,0.04,-14.89,-7.0,-0.08,11.52,2.15,6.67,240.85,23.71,10003.33
7197,1.08,-0.63,0.71,-74.97,27.15,-56.45,28.3,-17.19,27.15,240.65,28.89,10003.33
7198,0.52,-0.3,0.15,-41.15,-6.67,-26.0,1.56,3.29,11.52,240.92,16.78,10003.33
7199,0.26,-0.11,0.11,-41.15,8.15,-26.0,-5.85,-7.82,15.22,240.88,15.08,10020.0
7200,0.59,-0.19,0.19,-4.11,-6.67,-22.3,-3.29,-15.22,11.52,240.78,16.82,10023.33
7201,0.59,-0.19,0.19,-4.11,-6.67,-22.3,4.11,-18.93,17.78,240.85,23.75,10026.67
7202,0.82,-0.41,0.08,14.07,-21.48,-33.74,4.11,-8.96,10.37,240.82,25.45,10010.0
7203,0.59,-0.59,0.26,2.96,15.56,-41.15,4.11,1.0,2.97,240.78,23.71,10013.33
7204,0.37,-0.33,0.08,-7.82,30.04,-18.93,-3.29,4.7,-3.29,240.72,16.78,10003.33
7205,-0.26,0.41,-0.34,7.82,10.7,33.74,-26.33,14.08,-15.22,241.02,20.3,10003.33
7206,-0.89,1.12,-0.86,34.56,-71.6,82.38,-53.08,34.56,-30.86,241.28,8.18,10000.0
7207,-0.75,1.04,-0.49,56.78,-67.89,56.45,-63.86,24.6,-23.45,241.25,6.59,10010.0
7208,-0.26,0.07,0.29,37.45,-41.15,3.78,-40.82,12.67,-0.41,241.08,4.85,10020.0
7209,-0.34,0.04,0.15,67.08,-41.15,-10.7,-51.6,2.7,7.0,473.71,18.7,7513.33
7210,-0.41,0.19,-0.15,30.04,-44.85,-14.41,-33.41,8.96,5.85,473.81,27.23,7513.33
7211,-0.93,1.23,-1.01,74.97,-71.6,56.45,-60.15,32.0,-20.89,473.95,15.11,7520.0
7212,-0.33,0.82,-0.6,-7.33,-11.52,26.0,-22.63,18.93,-1.56,241.18,13.37,10030.0
7213,0.37,0.11,-0.15,-22.96,18.93,-15.22,0.41,-0.41,18.93,484.7,20.3,7145.0
7214,0.48,-0.11,0.22,-11.52,22.63,-29.71,4.11,-11.52,22.63,484.73,34.15,7141.67
7215,0.07,0.56,-0.45,59.34,-11.52,15.22,-33.41,1.56,3.29,484.83,20.44,7131.67
7216,-0.52,0.86,-0.82,89.78,-56.45,86.08,-56.45,20.89,-17.19,241.18,20.44,10000.0
7217,-0.19,0.48,-0.59,18.93,-26.0,41.15,-35.97,1.56,2.15,240.92,15.22,9993.33
7218,0.11,-0.22,0.11,-14.89,8.15,-0.08,1.56,-18.93,17.78,240.72,25.45,9996.67
7219,-0.22,-0.0,0.22,-29.71,-3.3,-26.0,-5.85,-15.22,11.52,240.78,11.6,10003.33
7220,-0.78,0.37,0.03,11.52,-63.37,33.41,-22.63,11.52,-5.26,241.08,9.89,10013.33
7221,-0.78,0.37,0.03,11.52,-63.37,33.41,-25.19,11.52,-5.26,241.08,9.89,10006.67
7222,0.08,-0.19,0.26,-4.11,-18.11,-22.96,8.96,-7.82,14.08,240.88,20.23,10003.33
7223,0.71,-1.0,0.71,-30.86,34.56,-93.82,28.3,-27.15,34.56,240.68,25.41,9996.67
7224,0.22,-0.56,0.26,-22.63,-25.52,-67.08,4.11,3.29,11.52,413.52,30.63,9750.0
7225,-0.0,-0.34,0.37,-40.82,-10.7,-55.63,0.41,-4.11,8.96,413.55,16.89,9756.67
7226,0.15,-0.11,0.0,-37.11,-18.11,-55.63,0.41,-4.11,8.96,413.55,16.89,9746.67
7227,0.78,-0.45,0.34,-70.93,41.97,-100.56,30.86,-30.86,25.74,240.78,-0.37,10000.0
7228,0.52,-0.26,-0.07,-11.52,-6.67,-51.93,4.11,-15.22,12.67,240.98,16.89,10006.67
7229,0.03,0.15,-0.37,29.71,-40.49,8.15,-15.22,4.11,-7.82,437.0,1.37,8846.67
7230,0.11,-0.29,-0.04,44.19,-18.26,-3.3,-11.52,11.52,-5.26,654.46,10.15,6885.0
7231,0.44,-0.82,0.71,-0.74,52.59,-41.15,8.96,2.15,6.67,654.16,8.41,6878.33
7232,0.67,-1.08,1.19,-71.6,101.23,-75.3,25.74,-14.63,16.04,458.17,11.82,8048.33
7233,0.67,-0.97,1.19,-71.6,101.23,-53.08,15.78,-15.78,12.34,240.62,18.56,10010.0
7234,0.26,-0.26,0.63,-15.22,48.56,-18.93,-1.0,1.0,2.97,240.95,13.37,10000.0
7235,0.52,-0.41,0.45,14.41,33.74,-44.85,8.96,2.15,6.67,240.85,23.71,9993.33
7236,0.3,-0.19,0.22,25.52,11.52,-37.45,15.22,-4.11,7.82,240.95,8.19,10003.33
7237,0.15,-0.11,-0.15,3.29,7.82,-11.52,-2.96,-10.37,8.96,240.85,-0.33,10016.67
7238,0.19,-0.07,-0.0,-14.89,7.82,-0.08,-10.37,-14.08,16.37,240.92,3.18,10020.0
7239,0.41,-0.41,0.15,-26.0,0.41,-29.71,-10.37,-14.08,16.37,240.92,3.18,10016.67
7240,0.56,-0.67,0.37,-29.71,-14.07,-66.74,7.82,-7.82,15.22,241.02,11.71,10016.67
7241,0.3,-0.48,0.34,-29.71,0.74,-66.74,15.22,-4.11,7.82,240.95,8.19,10020.0
7242,0.3,-0.37,0.41,-29.71,30.37,-44.52,8.96,-0.41,17.78,240.98,23.71,10010.0
7243,0.6,-0.6,0.86,-74.64,101.23,-63.86,28.3,-16.04,30.86,482.04,16.78,7211.67
7244,0.11,-0.15,0.26,-26.0,67.08,7.0,-2.15,-7.82,15.22,482.27,20.3,7211.67
7245,-0.3,0.37,-0.45,4.44,-3.78,30.04,-22.63,4.11,-7.82,482.44,22.04,7215.0
7246,-0.3,0.34,-0.45,-7.0,-26.0,30.04,-22.63,0.41,-0.41,241.18,34.15,10016.67
7247,-0.26,0.37,-0.19,-14.41,-26.0,18.6,-18.93,4.11,2.15,490.93,25.67,6930.0
7248,-0.33,0.71,-0.34,-25.52,-11.52,26.0,-44.85,7.82,-5.26,490.83,17.19,6936.67
7249,-0.74,1.34,-1.01,27.15,-45.67,70.93,-71.6,30.86,-32.0,718.81,10.45,4593.33
7250,-0.04,0.67,-0.63,-14.07,-26.33,11.52,-54.82,7.82,-15.22,468.8,13.71,7673.33
7251,0.23,0.04,-0.0,-22.3,7.82,-11.52,-2.15,-11.52,5.26,468.7,4.93,7670.0
7252,0.34,-0.15,0.37,7.33,11.52,-26.0,1.56,-22.63,8.96,240.88,13.41,10016.67
7253,-0.56,0.37,-0.0,41.15,-33.74,18.93,-33.41,-2.15,-6.67,241.08,3.18,10026.67
7254,-0.15,0.3,-0.08,15.56,-48.56,0.74,-39.67,-5.85,-0.41,241.02,15.22,10016.67
7255,-0.11,0.04,-0.3,-6.67,-66.74,26.67,-39.67,-5.85,-0.41,241.02,15.22,10010.0
7256,0.26,-0.11,-0.37,18.93,-55.3,30.37,-39.67,-5.85,-0.41,241.02,15.22,10016.67
7257,0.07,-0.26,-0.07,33.41,-18.26,41.15,-37.11,-5.85,-0.41,241.02,15.22,10016.67
7258,0.11,-0.18,-0.04,44.19,-18.26,18.93,-37.11,-5.85,-0.41,241.02,-2.04,10003.33
7259,-0.19,0.0,0.18,26.0,-29.71,29.71,-26.33,4.11,-7.82,241.05,-0.44,10003.33
7260,-0.04,0.11,-0.26,29.71,-66.74,7.48,-22.63,7.82,-14.08,241.12,-12.48,10013.33
7261,0.08,-0.45,0.3,-4.11,4.11,-30.37,22.3,-11.52,-2.15,494.63,-2.11,6811.67
7262,0.86,-1.04,0.38,-27.15,49.38,-101.23,49.04,-32.0,13.49,494.36,8.23,6791.67
7263,0.64,-0.82,0.49,-45.34,64.19,-89.78,45.34,-25.74,12.34,687.14,10.04,5743.33
7264,0.78,-0.45,0.34,-70.93,41.97,-100.56,27.15,-22.04,13.49,433.43,-0.33,8948.33
7265,-0.11,0.07,0.22,-40.49,26.33,-44.19,0.41,-11.52,-2.15,685.98,-10.67,5788.33
7266,-0.37,0.26,-0.19,18.93,-22.3,4.44,-22.63,-2.15,-14.08,493.4,4.78,6830.0
7267,-0.34,-0.15,0.04,7.48,-29.71,15.22,-18.93,5.26,-11.52,493.37,18.52,6830.0
7268,0.03,-0.33,-0.18,7.48,-47.89,41.15,-41.15,7.82,-15.22,241.02,23.89,10006.67
7269,-0.26,-0.15,0.04,-18.11,-29.71,51.93,-37.45,15.22,-12.67,459.43,20.38,8006.67
7270,-0.71,0.71,-0.82,41.97,-45.34,82.38,-93.82,30.86,-25.74,701.98,16.97,5176.67
7271,-0.34,0.26,-0.04,7.82,25.52,22.3,-47.41,15.22,4.7,701.92,23.71,5166.67
7272,0.26,-0.41,0.15,33.48,25.52,33.74,-51.11,7.82,2.15,740.8,22.12,3833.33
7273,0.89,-1.08,0.67,3.04,33.74,-18.93,-2.15,-11.52,22.63,498.32,27.3,6660.0
7274,1.08,-0.93,0.38,-11.45,-3.29,-29.71,-2.15,-8.96,11.52,680.38,29.04,6035.0
7275,0.74,-0.52,-0.07,-22.3,-21.48,-29.71,-2.15,-8.96,11.52,423.08,34.15,9375.0
7276,0.48,-0.37,0.11,-51.93,-6.67,-3.78,-4.7,-16.37,7.82,422.98,30.67,9395.0
7277,-0.26,0.26,-0.52,-3.3,-26.0,67.08,-51.11,-3.29,-11.52,240.98,22.19,10033.33
7278,-0.41,0.71,-0.67,-10.7,-11.52,55.63,-54.82,7.82,-15.22,468.8,13.71,7693.33
7279,-0.71,1.15,-0.97,71.6,-41.97,86.08,-75.3,27.15,-34.56,469.07,18.93,7686.67
7280,-0.56,1.08,-0.6,93.82,-38.26,60.15,-75.3,27.15,-34.56,469.07,18.93,7673.33
7281,-0.15,0.44,0.07,41.15,-4.11,15.22,-48.56,4.11,-7.82,241.08,25.67,10016.67
7282,0.3,-0.26,0.63,-15.22,48.56,-18.93,-28.07,-5.26,4.11,444.68,20.45,8551.67
7283,0.67,-1.04,1.08,-97.52,71.6,-53.08,18.34,-28.3,30.86,444.51,23.71,8561.67
7284,0.3,-0.45,0.48,-52.26,37.45,-26.33,-4.7,-16.37,7.82,444.68,25.45,8558.33
7285,-0.45,0.22,-0.19,-32.92,-44.85,7.82,-25.19,-7.0,-4.11,241.08,30.67,10026.67
7286,-0.89,1.15,-0.93,12.34,-71.6,38.26,-60.15,13.49,-19.75,241.28,20.44,10013.33
7287,-0.48,0.63,-0.41,-21.48,-37.45,-2.96,-29.71,5.26,-4.11,241.05,16.93,10010.0
7288,-0.48,0.63,-0.41,-21.48,-37.45,-2.96,-55.63,8.96,-11.52,240.95,8.45,10006.67
7289,-0.56,0.56,-0.48,-6.67,-37.45,26.67,-37.45,15.22,-12.67,241.05,16.97,10013.33
7290,-0.97,1.08,-1.01,27.15,-71.6,67.89,-71.6,34.56,-32.0,241.25,6.63,10016.67
7291,-0.07,0.56,-0.63,-6.67,-26.33,22.96,-22.63,18.93,-1.56,241.18,13.37,10013.33
7292,-0.04,0.71,-0.63,4.11,-26.33,11.52,-52.26,15.22,-11.52,241.05,11.82,10016.67
7293,0.04,0.37,-0.48,15.22,-40.82,4.11,-44.85,11.52,-5.26,241.12,18.75,10006.67
7294,-0.22,0.56,-0.52,15.22,-26.0,4.11,-37.45,15.22,-12.67,414.87,5.04,9711.67
7295,0.45,-0.26,-0.03,-26.0,-6.67,-66.74,8.96,-0.41,17.78,414.81,11.78,9711.67
7296,1.08,-0.6,0.49,-45.34,27.15,-82.38,28.3,-17.19,27.15,414.47,16.96,9721.67
7297,0.74,-0.22,0.26,25.52,-3.29,-37.45,-5.85,2.15,7.82,240.85,18.56,10016.67
7298,0.13,0.16,-0.1,63.34,-11.52,48.56,-18.93,21.48,-12.67,494.54,20.11,6743.33
7299,-0.8,0.64,-0.58,71.56,-56.78,75.3,-56.45,32.0,-20.89,494.77,6.41,6730.0
7300,-0.24,0.05,-0.46,18.89,-41.15,18.93,-32.26,1.56,2.15,683.07,16.74,5851.67
7301,0.37,-0.33,-0.11,-18.93,-32.92,-67.08,-16.63,-15.22,11.52,429.25,13.41,9111.67
7302,0.37,-0.33,-0.11,-18.93,-32.92,-67.08,-2.15,-16.37,7.82,429.32,28.86,9121.67
7303,0.0,-0.22,0.11,-11.52,-18.11,-37.45,7.82,-5.26,4.11,446.89,15.11,8455.0
7304,-0.85,0.33,-0.11,4.11,-63.37,18.93,-15.22,4.11,-7.82,658.7,18.63,6711.67
7305,-0.56,0.19,-0.15,15.22,-51.93,7.82,-11.52,11.52,-5.26,658.73,11.71,6721.67
7306,-0.89,0.75,-0.86,38.26,-86.08,60.49,-38.26,27.15,-18.34,452.92,22.04,8266.67
7307,-0.82,0.78,-0.71,45.67,-86.08,74.97,-64.19,30.86,-25.74,241.48,20.3,10026.67
7308,-0.52,0.52,-0.26,-10.7,-37.45,55.63,-47.41,11.52,-5.26,241.28,25.49,10016.67
7309,-0.6,0.44,0.14,-18.11,-63.37,44.19,-51.11,4.11,-7.82,420.01,28.89,9513.33
7310,-0.52,0.52,-0.26,-10.7,-37.45,55.63,-28.89,11.52,-4.11,613.61,25.41,8420.0
7311,-1.04,0.97,-0.53,34.56,-67.89,100.56,-45.67,30.86,-24.6,832.19,23.64,6416.67
7312,-0.82,0.78,-0.71,41.97,-56.45,74.97,-41.97,38.26,-22.04,883.63,13.3,4500.0
7313,-0.78,0.93,-0.71,52.75,-56.45,63.53,-38.26,27.15,-18.34,689.97,18.52,5580.0
7314,-0.86,0.89,-0.86,52.75,-86.08,49.04,-38.26,27.15,-18.34,471.58,15.11,7576.67
7315,-0.45,0.26,-0.22,18.6,-44.85,3.78,-21.48,7.82,2.15,438.33,20.49,8785.0
7316,-0.04,-0.41,0.45,-52.26,-10.7,-41.15,5.26,-7.82,15.22,438.13,3.23,8788.33
7317,0.11,-0.3,0.19,-37.45,15.22,-15.22,-24.37,-11.52,5.26,651.89,4.93,6958.33
7318,-0.37,0.67,-0.6,-18.11,-11.52,37.45,-44.85,0.41,-17.78,454.95,13.41,8160.0
7319,-0.26,0.3,-0.41,7.82,-18.93,11.52,-51.11,6.67,-18.93,454.85,28.93,8166.67
7320,0.22,-0.15,0.19,-40.82,15.22,-59.34,5.26,-5.26,4.11,240.82,30.63,10010.0
7321,0.71,-1.01,1.04,-60.15,71.6,-89.78,25.74,-14.63,16.04,240.52,28.89,10020.0
7322,0.22,-0.04,0.22,-26.0,55.96,-37.11,-9.22,-4.11,7.82,461.56,23.71,7930.0
7323,-0.11,0.33,-0.0,44.85,25.52,7.82,-65.6,7.82,-15.22,461.7,18.75,7920.0
7324,-0.52,0.86,-0.71,75.3,-45.34,30.86,-112.01,20.89,-34.56,632.53,6.63,7750.0
7325,-0.0,0.0,0.07,41.15,-0.08,0.41,-70.78,4.11,-25.19,636.05,8.34,7625.0
7326,0.07,-0.18,-0.11,29.71,-18.26,4.11,-59.34,1.56,-14.08,636.08,1.37,7631.67
7327,0.52,-0.71,0.6,-0.74,52.59,-18.93,-2.96,-10.37,8.96,649.56,10.0,7090.0
7328,-0.08,0.08,-0.22,33.41,-3.78,41.15,-44.19,6.41,-0.41,425.22,-0.22,9291.67
7329,-0.37,0.26,-0.0,15.22,-15.22,51.93,-29.71,5.26,-4.11,425.29,15.22,9285.0
7330,-1.04,0.97,-0.53,41.97,-97.52,100.56,-74.64,14.63,-16.04,241.22,5.0,9990.0
7331,-0.49,0.07,0.33,7.82,-70.78,18.26,-33.41,-2.15,-6.67,241.08,11.96,9996.67
7332,-0.37,0.3,-0.08,26.0,-44.85,18.26,-47.89,-1.0,-2.97,241.02,-3.48,10006.67
7333,-0.11,0.04,-0.33,33.41,-33.41,29.71,-59.34,1.56,-14.08,443.56,-3.48,8593.33
7334,-0.75,0.86,-0.78,60.15,-86.08,100.56,-89.78,28.3,-30.86,443.73,-8.86,8606.67
7335,-0.41,0.15,-0.08,-10.7,-51.93,59.34,-54.82,17.78,-22.63,670.43,-10.67,6305.0
7336,0.15,-0.15,0.41,-59.34,-18.11,-11.52,1.56,5.85,0.41,467.71,-2.15,7728.33
7337,0.78,-0.97,0.86,-86.08,34.56,-82.38,32.0,-20.89,17.19,467.55,3.23,7715.0
7338,1.19,-1.0,0.89,-49.04,19.75,-82.38,38.26,-27.15,18.34,240.72,3.23,10010.0
7339,0.97,-1.23,1.08,-60.49,27.15,-71.6,34.56,-34.56,15.78,240.75,-7.11,10000.0
7340,0.56,-0.59,0.45,-30.04,-14.07,-26.33,-6.67,-17.78,6.41,450.18,-12.48,8333.33
7341,0.3,-0.85,0.52,-67.08,-6.67,-33.74,-12.93,-11.52,5.26,450.08,3.04,8323.33
7342,0.52,-0.63,0.34,-55.63,-14.07,-44.52,-16.63,-15.22,11.52,450.01,15.08,8340.0
7343,0.93,-1.26,0.97,-86.08,27.15,-89.78,24.6,-32.0,20.89,240.58,20.45,10006.67
7344,0.45,-0.26,0.15,-15.22,0.41,-41.15,0.41,-11.52,5.26,240.85,8.34,10010.0
7345,-0.15,0.3,-0.11,55.63,-15.22,3.78,-22.63,7.82,-14.08,241.12,11.82,9993.33
7346,-0.22,0.74,-0.37,41.15,-7.82,15.22,-18.93,15.22,-11.52,241.08,16.78,10003.33
7347,0.48,-0.04,0.26,-18.26,11.52,-44.19,11.52,-11.52,5.26,442.48,30.63,8631.67
7348,0.26,-0.04,0.3,-47.89,-18.11,-29.71,11.52,-11.52,5.26,442.48,32.37,8628.33
7349,0.38,-0.39,0.3,-63.04,-21.81,-26.3,0.41,-15.22,12.67,697.64,30.78,5318.33
7350,0.2,-0.65,0.53,-48.56,-14.41,-37.74,-3.29,-18.93,18.93,496.0,25.56,6686.67
7351,0.79,-1.43,0.94,-101.23,38.26,-86.38,17.19,-38.26,38.26,706.37,18.64,4985.0
7352,0.41,-0.89,0.52,-26.67,-6.67,-41.15,-16.63,-25.19,18.93,628.13,6.49,7868.33
7353,-0.3,-0.11,-0.07,-7.33,-59.34,15.22,-65.6,-2.15,-7.82,628.3,3.23,7888.33
7354,-0.9,0.67,-0.49,45.34,-112.01,63.86,-86.08,17.19,-27.15,596.69,6.63,9096.67
7355,-0.93,0.6,-0.52,45.34,-112.01,86.08,-71.6,16.04,-30.86,643.1,8.45,7346.67
7356,-0.71,0.78,-0.71,45.34,-86.08,82.38,-71.6,16.04,-30.86,824.04,10.0,6750.0
7357,-0.56,0.93,-1.04,37.93,-60.15,64.19,-67.89,23.45,-28.3,645.32,6.6,7250.0
7358,-0.41,0.71,-0.49,4.11,-11.52,11.52,-47.41,4.11,-8.96,589.73,20.3,9375.0
7359,-0.48,0.63,-0.56,18.93,-11.52,41.15,-17.78,7.82,1.0,408.92,20.3,9955.0
7360,-0.07,0.11,-0.04,-14.89,22.63,-0.08,8.96,-7.82,14.08,408.65,23.71,9965.0
7361,-0.19,0.41,-0.56,18.93,-26.0,30.37,-11.52,11.52,-5.26,241.15,25.45,10006.67
7362,0.52,-0.19,0.04,-11.52,-6.67,-22.3,5.26,-11.52,5.26,477.33,30.63,7385.0
7363,0.18,0.0,-0.33,33.41,-55.3,11.52,-25.19,-3.29,-10.37,477.57,34.15,7371.67
7364,0.52,-0.63,0.34,-11.52,-14.07,-48.56,5.26,-11.52,5.26,477.33,30.63,7371.67
7365,-0.11,0.04,-0.22,18.93,-22.3,-25.52,-29.71,5.26,-4.11,461.86,25.45,7913.33
7366,-0.04,0.04,-0.26,33.41,-22.3,-10.7,-55.63,8.96,-11.52,461.76,16.97,7913.33
7367,-0.38,0.78,-1.04,52.75,-63.53,45.67,-100.56,18.34,-27.15,709.25,18.75,4913.33
7368,-0.53,0.63,-0.67,45.34,-100.56,63.86,-100.56,18.34,-27.15,488.44,10.22,7010.0
7369,-0.67,0.97,-0.79,19.75,-86.08,56.45,-100.56,18.34,-27.15,669.39,11.78,6430.0
7370,-0.19,0.45,-0.37,4.11,-52.26,0.08,-55.63,8.96,-11.52,421.9,10.0,9426.67
7371,0.63,-0.11,-0.15,-37.11,-7.0,-59.34,-14.41,-7.82,-2.15,421.76,8.19,9406.67
7372,1.3,-0.82,0.41,-70.93,12.34,-100.56,38.26,-27.15,18.34,240.72,-2.15,9983.33
7373,0.78,-0.48,0.08,-40.49,-21.48,-18.26,4.11,-7.82,-1.0,423.9,-14.08,9320.0
7374,0.07,0.19,-0.3,0.74,-40.82,41.15,-18.93,11.52,-11.52,673.85,-5.3,6243.33
7375,-0.6,0.9,-0.86,34.56,-60.15,82.38,-49.37,38.26,-28.3,674.21,8.45,6246.67
7376,-0.04,0.6,-0.37,-14.07,-26.33,11.52,-25.19,15.22,-1.56,491.1,22.15,6923.33
7377,-0.0,0.63,-0.56,-21.48,-26.33,-6.67,-32.59,22.63,-7.82,241.52,27.12,10003.33
7378,0.11,0.23,-0.48,-6.67,-40.82,22.96,-32.59,22.63,-7.82,241.32,16.78,10020.0
7379,-0.49,0.78,-0.75,64.19,-56.45,67.89,-67.56,35.71,-27.15,241.42,3.07,10013.33
7380,-0.04,-0.15,-0.0,18.93,-29.71,37.45,-43.37,5.26,-4.11,240.98,1.37,10026.67
7381,-0.3,0.11,0.26,11.52,-41.15,26.0,-43.37,5.26,-4.11,240.98,1.37,10006.67
7382,0.07,-0.67,0.71,-70.78,-18.11,-8.15,1.56,-4.11,7.82,240.82,13.3,10006.67
7383,-0.45,0.19,-0.11,-10.7,-44.85,51.93,-33.41,16.37,-7.82,241.22,13.3,10010.0
7384,0.08,-0.26,0.15,-63.37,15.22,7.0,-9.22,-6.67,18.93,460.83,13.3,7975.0
7385,-0.37,0.67,-0.6,-18.11,-11.52,37.45,-54.15,2.7,7.0,461.0,1.37,7968.33
7386,0.19,-0.22,0.26,-52.26,15.22,-44.85,-12.93,-14.08,16.37,460.66,-10.67,7958.33
7387,-0.34,0.22,-0.0,0.41,-44.85,0.08,-29.71,5.26,-4.11,241.12,-3.74,10000.0
7388,-0.34,0.22,-0.0,0.41,-44.85,0.08,-15.22,4.11,-7.82,241.18,11.71,9996.67
7389,-0.75,0.86,-0.64,30.86,-86.08,45.34,-45.67,30.86,-24.6,241.35,15.11,9993.33
7390,0.04,0.26,-0.56,7.82,-40.82,-25.52,-26.33,11.52,-4.11,449.41,18.52,8368.33
7391,0.71,-0.44,0.0,-26.0,-21.48,-66.74,0.41,-4.11,8.96,650.78,18.52,7000.0
7392,0.78,-0.44,-0.03,-11.52,-21.48,-51.93,-10.37,-14.08,16.37,650.75,16.93,7013.33
7393,0.11,0.26,-0.26,11.52,-40.82,18.93,-29.71,1.56,-4.11,692.4,11.96,5555.0
7394,-0.49,0.64,-0.67,56.45,-74.64,52.75,-56.45,17.19,-17.19,491.03,11.96,6933.33
7395,0.04,0.26,-0.22,-2.96,-40.82,4.11,-18.93,6.67,-8.96,490.8,25.67,6923.33
7396,0.52,-0.52,0.11,15.3,-37.11,15.56,-22.63,2.97,-11.52,498.35,29.04,6673.33
7397,0.82,-0.78,0.56,-41.08,11.52,-3.78,0.41,-16.37,7.82,498.08,23.82,6676.67
7398,0.52,-0.67,0.6,-52.52,26.33,10.7,4.11,-22.63,8.96,678.18,11.71,6131.67
7399,0.56,-0.71,0.93,-97.52,79.0,-49.37,24.6,-41.97,28.3,420.62,11.6,9468.33
7400,0.89,-0.78,1.0,-60.49,64.19,-45.67,22.04,-32.0,20.89,420.58,15.08,9475.0
7401,0.52,-0.19,0.41,-15.22,30.04,-18.93,-8.41,-5.26,4.11,240.75,15.08,10023.33
7402,-0.11,0.52,-0.12,11.52,-52.26,29.71,-28.89,14.08,-15.22,419.77,16.78,9520.0
7403,-0.75,1.04,-0.49,56.78,-67.89,56.45,-49.37,23.45,-27.15,420.07,18.52,9520.0
7404,-0.67,0.71,-0.34,67.89,-82.38,49.04,-60.15,13.49,-19.75,629.34,18.52,7846.67
7405,0.11,0.11,-0.26,44.85,-37.11,-21.81,-37.11,1.56,3.29,450.41,20.3,8340.0
7406,0.15,-0.14,-0.48,22.63,-55.3,4.11,-63.04,5.26,-4.11,450.31,11.82,8336.67
7407,0.74,-0.52,-0.07,-22.3,-21.48,-29.71,-21.81,-11.52,5.26,240.88,8.41,9996.67
7408,0.11,0.23,-0.48,-6.67,-40.82,22.96,-41.15,7.82,-15.22,241.08,3.23,10013.33
7409,0.07,0.48,-0.26,15.56,-22.63,-2.96,-15.22,4.11,-7.82,241.18,11.71,10016.67
7410,-0.19,0.67,-0.3,15.56,-7.82,-2.96,-21.48,7.82,2.15,241.22,13.52,10020.0
7411,0.3,-0.3,0.48,-3.78,18.93,-55.63,-4.7,-11.52,22.63,241.02,18.7,10006.67
7412,0.49,-0.78,0.82,-49.04,49.37,-82.38,25.74,-19.75,38.26,446.86,1.44,8451.67
7413,-0.07,-0.41,0.63,-7.82,-10.7,-22.96,1.56,3.29,11.52,446.99,3.04,8468.33
7414,-0.41,0.22,-0.04,37.11,-51.93,37.11,-44.85,18.93,-18.93,447.06,-3.7,8485.0
7415,-0.75,0.78,-0.75,60.15,-86.08,89.78,-71.6,34.56,-32.0,241.25,6.63,10030.0
7416,0.11,0.26,-0.41,44.52,-40.82,48.56,-47.41,14.08,-16.37,240.98,18.75,10030.0
7417,0.5,-0.28,0.01,-30.04,4.11,3.33,-2.15,-1.56,14.08,496.0,22.12,6716.67
7418,0.83,-0.84,0.71,-53.08,38.26,-49.34,14.63,-28.3,30.86,663.47,27.3,6671.67
7419,0.54,-0.69,0.57,-78.67,53.08,-67.53,17.19,-28.3,30.86,856.35,13.59,5616.67
7420,0.15,-0.15,0.15,-4.11,8.15,-22.3,-2.15,-16.37,7.82,601.43,18.7,8926.67
7421,0.56,-0.22,0.08,-29.71,-6.67,-40.49,7.82,-5.26,4.11,433.7,16.93,8975.0
7422,0.11,0.37,-0.52,29.71,-40.82,18.93,-18.93,15.22,-11.52,241.08,18.52,10020.0
7423,-0.07,0.78,-0.71,29.71,-26.33,29.71,-33.41,16.37,-7.82,241.02,3.07,10020.0
7424,-0.67,1.15,-1.12,74.64,-60.15,63.53,-67.56,35.71,-27.15,241.22,-7.26,10013.33
7425,-0.71,1.01,-1.12,63.86,-60.15,74.97,-60.15,32.0,-20.89,415.87,1.37,9676.67
7426,-0.82,0.78,-0.71,45.67,-86.08,74.97,-41.97,38.26,-22.04,415.97,9.89,9676.67
7427,-0.48,0.59,-0.19,0.74,-37.45,41.15,-11.52,11.52,-5.26,628.65,8.3,7885.0
7428,-0.56,0.52,0.22,-6.67,-63.37,29.71,-18.93,15.22,-11.52,454.0,-0.33,8231.67
7429,0.3,-0.0,0.55,-22.3,-18.11,-11.52,0.41,-4.11,8.96,453.8,4.85,8218.33
7430,-0.19,0.45,-0.19,26.33,-52.26,59.34,-30.04,22.63,-7.82,434.82,15.08,8926.67
7431,0.34,0.0,0.07,-26.34,7.82,14.41,-5.85,-7.82,15.22,434.58,23.71,8926.67
7432,0.0,0.11,-0.0,-51.93,44.85,10.7,-5.85,-4.11,7.82,675.84,11.6,6138.33
7433,0.49,-0.34,0.6,-100.56,79.0,-60.15,20.89,-34.56,30.86,481.91,11.6,7215.0
7434,0.38,-0.38,0.63,-63.53,79.0,-56.45,30.86,-23.45,27.15,481.94,13.3,7198.33
7435,0.08,-0.15,0.19,-18.6,8.15,-37.11,7.82,-15.22,11.52,240.85,27.15,9993.33
7436,0.15,-0.59,0.45,-4.11,0.74,-48.56,5.26,-7.82,15.22,240.95,30.63,9996.67
7437,-0.0,-0.37,-0.11,18.93,-47.89,4.11,-21.48,7.82,2.15,241.22,27.23,9993.33
7438,0.56,-0.78,0.15,-7.82,-14.07,-41.15,1.56,-4.11,25.19,241.05,25.49,9983.33
7439,0.04,0.26,-0.7,37.11,-40.82,29.71,-44.85,11.52,-5.26,241.12,18.75,9986.67
7440,-0.22,0.52,-0.45,29.71,-52.26,18.26,-48.56,4.11,-7.82,419.84,22.15,9493.33
7441,-0.71,0.93,-0.75,70.93,-86.08,78.34,-86.08,17.19,-27.15,596.69,6.63,9083.33
7442,-0.0,0.15,-0.11,11.52,-66.74,18.93,-33.41,-2.15,-6.67,596.59,-2.15,9076.67
7443,0.78,-0.44,-0.03,-11.52,-21.48,-51.93,-10.37,-14.08,16.37,417.66,-0.37,9570.0
7444,0.9,-0.74,0.49,-45.34,27.15,-82.38,24.6,-34.56,32.0,408.48,15.15,9945.0
7445,0.6,-0.63,0.52,-56.78,41.97,-67.89,24.6,-34.56,32.0,408.48,15.15,9961.67
7446,0.64,-0.6,0.67,-56.78,53.08,-56.45,24.6,-41.97,28.3,630.57,16.89,7843.33
7447,1.01,-0.71,0.45,-64.19,38.26,-86.08,30.86,-38.26,22.04,632.58,15.11,7760.0
7448,0.78,-0.44,-0.03,6.67,-10.37,-51.93,7.82,-15.22,11.52,632.82,25.45,7760.0
7449,0.82,-0.41,0.08,14.07,-21.48,-33.74,5.26,-7.82,15.22,410.73,23.71,9898.33
7450,0.15,0.41,-0.41,55.3,-40.82,37.11,-25.19,18.93,-1.56,241.18,13.37,10033.33
7451,-0.22,0.56,-0.34,29.71,-52.26,33.41,-25.19,18.93,-1.56,241.18,13.37,10020.0
7452,-0.56,0.63,-0.41,-7.33,-37.45,29.71,-25.19,21.48,-12.67,241.05,13.37,10020.0
7453,-0.52,0.56,-0.34,-32.92,-37.45,11.52,-47.41,14.08,-16.37,240.98,18.75,10020.0
7454,0.11,0.22,-0.0,-66.74,22.63,-33.41,-30.63,-12.67,0.41,240.68,20.45,10023.33
7455,-0.19,0.48,-0.45,-10.37,-26.0,-14.07,-47.41,4.11,-8.96,241.02,15.27,10016.67
7456,0.26,-0.45,0.3,-55.63,0.74,-44.52,-1.0,-11.52,21.48,240.95,22.01,10020.0
7457,0.33,-0.89,0.56,-41.15,-6.67,-55.96,-1.0,-4.11,25.19,438.16,18.75,8811.67
7458,0.22,-0.48,0.34,-26.67,7.82,-30.37,-8.41,-0.41,18.93,438.1,11.82,8801.67
7459,0.45,-0.26,0.15,-15.22,0.41,-41.15,1.56,3.29,11.52,438.03,6.63,8795.0
7460,-0.07,0.78,-0.71,29.71,-26.33,29.71,-22.63,26.33,-15.22,241.05,1.26,10013.33
7461,-0.07,0.78,-0.71,29.71,-26.33,29.71,-44.85,18.93,-18.93,240.98,6.63,10016.67
7462,-0.63,1.08,-1.19,78.34,-60.15,100.56,-89.78,28.3,-30.86,241.15,-1.89,10020.0
7463,-0.75,0.86,-0.78,60.15,-86.08,100.56,-89.78,28.3,-30.86,241.15,-1.89,10016.67
7464,-0.71,0.78,-0.71,34.56,-86.08,82.38,-60.15,32.0,-20.89,241.28,-0.33,10026.67
7465,-0.37,0.26,-0.04,-25.52,-44.85,22.3,-25.19,11.52,-5.26,241.08,9.89,10026.67
7466,-0.15,0.26,-0.08,4.11,-15.22,7.82,-21.48,0.41,-1.56,241.12,23.75,10033.33
7467,-0.37,0.07,0.11,4.11,-41.15,11.52,-28.89,4.11,-7.82,241.05,16.82,10023.33
7468,-0.45,0.41,-0.04,4.11,-33.74,15.22,-26.33,4.11,-7.82,440.47,8.18,8721.67
7469,-0.11,0.03,0.19,-66.74,-3.3,-29.71,-5.85,-5.26,4.11,440.17,6.44,8715.0
7470,0.52,-0.3,0.52,-100.56,56.78,-74.64,18.34,-28.3,30.86,440.03,4.85,8711.67
7471,0.63,-0.56,0.78,-74.64,79.0,-78.34,18.34,-18.34,23.45,240.58,16.96,10013.33
7472,0.67,-0.97,1.01,-86.08,71.6,-67.56,24.6,-24.6,24.6,431.3,11.78,9048.33
7473,0.74,-1.41,1.27,-71.6,64.19,-79.0,27.15,-32.0,20.89,609.18,18.75,8593.33
7474,0.33,-0.71,0.71,-15.22,11.52,-44.85,-21.81,-18.93,1.56,609.38,12.01,8576.67
7475,-0.15,0.3,-0.11,55.63,-15.22,3.78,-48.56,-3.29,-11.52,587.47,10.45,9451.67
7476,-0.89,1.04,-0.6,89.78,-38.26,60.15,-75.3,17.19,-34.56,662.01,5.08,6743.33
7477,-0.33,0.45,-0.48,37.11,-22.63,3.78,-18.93,5.26,-11.52,661.88,10.04,6746.67
7478,0.34,-0.37,0.0,-4.11,-3.29,-67.08,11.52,-2.97,4.11,493.14,15.0,6843.33
7479,0.67,-0.48,-0.14,-7.82,-21.48,-78.19,15.22,-4.11,7.82,240.88,28.86,10013.33
7480,0.48,-0.67,0.19,-37.45,-14.07,-55.96,15.22,-4.11,7.82,240.88,28.86,10013.33
7481,-0.15,0.08,-0.22,-21.81,-33.41,-3.29,-18.93,15.22,-11.52,241.28,28.86,9996.67
7482,-0.08,0.08,-0.26,-7.33,-33.41,11.52,-22.63,26.33,-15.22,241.25,15.0,9986.67
7483,0.11,0.26,-0.59,22.3,-40.82,-10.7,-30.04,15.22,-11.52,241.22,13.3,10000.0
7484,0.74,-0.48,-0.18,6.67,-21.48,-63.37,0.41,-11.52,5.26,240.85,-0.44,10016.67
7485,0.6,-0.15,-0.29,-18.93,-7.0,-70.78,-21.81,-18.93,1.56,421.73,6.49,9440.0
7486,-0.26,0.41,-0.52,-3.29,-52.26,-14.41,-59.34,1.56,-14.08,421.93,-3.74,9436.67
7487,-0.19,0.45,-0.48,-3.29,-41.15,-2.96,-59.34,5.26,-4.11,665.68,13.52,6548.33
7488,-0.26,0.37,-0.56,11.52,-41.15,26.67,-59.34,5.26,-4.11,484.73,11.96,7128.33
7489,0.6,-0.18,-0.33,-4.11,4.11,-29.71,-24.37,-15.22,11.52,673.06,23.89,6246.67
7490,0.52,-0.15,-0.26,-4.11,-7.0,-11.52,-30.63,-18.93,1.56,665.73,22.15,6496.67
7491,0.37,-0.26,0.0,-18.93,-32.92,-37.45,-1.0,-15.22,11.52,665.87,28.89,6503.33
7492,-0.19,0.33,-0.11,33.74,-48.56,18.93,-17.78,11.52,-5.26,477.63,25.49,7385.0
7493,-0.56,0.37,-0.0,41.15,-33.74,18.93,-11.52,11.52,-5.26,241.22,9.97,10003.33
7494,-0.56,0.37,-0.0,41.15,-33.74,18.93,-29.71,5.26,-4.11,241.12,-3.74,10000.0
7495,-0.56,0.19,-0.15,15.22,-51.93,7.82,-33.41,-2.15,-6.67,241.08,3.18,9990.0
7496,-0.82,0.82,-0.78,23.45,-86.08,30.86,-86.08,17.19,-27.15,241.18,11.96,10006.67
7497,-0.67,0.93,-1.04,38.26,-60.15,56.78,-75.3,27.15,-34.56,241.22,13.56,10000.0
7498,-0.33,0.74,-0.67,-6.67,-11.52,22.96,-54.82,17.78,-22.63,240.92,11.82,10010.0
7499,0.11,-0.19,0.08,-51.93,15.22,-7.48,-2.15,-1.56,-2.15,240.82,3.04,9996.67
7500,0.33,-0.45,0.26,-41.15,0.74,-29.71,5.26,-5.26,4.11,436.7,-0.37,8836.67
7501,-0.23,-0.07,0.07,0.08,-59.34,29.71,-29.71,5.26,-4.11,436.93,-14.08,8843.33
7502,0.03,0.19,-0.0,37.11,-66.74,37.11,-33.41,1.56,2.15,436.87,-2.04,8846.67
7503,0.03,0.19,-0.0,37.11,-66.74,37.11,-37.11,-5.85,-0.41,241.02,15.22,10013.33
7504,0.45,-0.3,0.3,21.48,-6.67,-4.11,4.11,-22.63,8.96,240.88,13.41,10013.33
7505,-0.15,-0.03,-0.3,44.52,-40.49,48.56,-33.41,-2.15,-6.67,241.08,3.18,10010.0
7506,-0.03,-0.33,0.22,10.7,8.15,18.11,-10.37,-14.08,16.37,427.21,-14.08,9218.33
7507,-0.22,-0.03,-0.26,30.04,-40.49,33.74,-33.41,8.96,5.85,427.45,-3.74,9201.67
7508,0.04,-0.22,0.26,-30.04,8.15,-22.63,7.82,-7.82,15.22,607.31,-2.15,8663.33
7509,-0.37,0.26,-0.04,-21.81,-22.3,18.6,-11.52,11.52,-5.26,639.6,11.6,7455.0
7510,-0.45,0.59,-0.19,-32.92,-7.82,26.0,-11.52,11.52,-5.26,639.6,11.6,7458.33
7511,-0.34,0.22,-0.0,-7.0,-15.22,0.08,-15.22,15.22,4.7,459.63,23.71,8003.33
7512,0.45,-0.37,0.08,-22.63,0.41,-70.78,7.82,-7.82,15.22,241.02,9.97,10010.0
7513,0.45,-0.37,0.04,-7.82,11.52,-70.78,-10.37,-14.08,16.37,461.73,9.97,7926.67
7514,0.6,-0.15,-0.33,-4.11,4.11,-70.78,-12.93,-21.48,12.67,461.63,6.49,7926.67
7515,-0.3,0.37,-0.52,11.52,-11.52,-14.41,-65.6,-2.15,-7.82,687.28,22.01,5670.0
7516,0.11,-0.15,0.04,-37.11,11.52,-55.63,-30.63,-15.22,11.52,466.36,27.19,7760.0
7517,-0.67,0.44,-0.04,-14.07,-33.74,15.22,-77.04,7.82,-15.22,466.53,23.93,7753.33
7518,0.3,-0.0,0.19,-29.71,-18.11,-11.52,-28.07,-5.26,4.11,456.03,23.93,8128.33
7519,-0.34,0.33,-0.15,4.11,-78.19,33.41,-48.56,6.67,-18.93,456.2,25.67,8125.0
7520,0.19,-0.11,0.11,-48.56,-18.11,-11.52,4.11,-12.67,1.56,636.1,20.3,7586.67
7521,0.11,-0.19,0.08,-48.56,-18.11,-41.15,4.11,-15.22,12.67,420.98,20.3,9455.0
7522,0.93,-0.74,0.3,-82.38,27.15,-97.52,34.56,-23.45,28.3,649.99,16.78,7076.67
7523,1.27,-0.82,0.38,-45.34,12.34,-93.82,30.86,-27.15,34.56,469.92,25.41,7618.33
7524,1.01,-0.67,0.56,-74.97,27.15,-67.89,30.86,-24.6,23.45,469.79,25.41,7621.67
7525,1.04,-0.67,0.56,-56.78,27.15,-67.89,27.15,-32.0,20.89,240.58,11.67,10003.33
7526,0.82,-0.97,0.67,-67.89,34.56,-97.52,34.56,-20.89,17.19,240.62,13.37,9996.67
7527,0.82,-0.93,0.67,-56.45,56.78,-97.52,34.56,-19.75,20.89,482.01,1.26,7208.33
7528,0.3,-0.59,0.34,-26.0,22.96,-15.22,-6.67,-2.97,11.52,482.14,3.07,7205.0
7529,0.22,-0.15,0.08,-40.49,30.37,-3.78,-16.63,-6.67,18.93,482.21,4.85,7218.33
7530,-0.19,0.48,-0.59,18.93,-26.0,41.15,-65.6,5.26,-4.11,241.02,10.22,10010.0
7531,0.15,-0.04,0.08,-41.15,15.22,-18.93,-30.63,-5.26,4.11,240.78,23.93,10000.0
7532,-0.26,0.48,-0.45,-7.33,-18.93,22.3,-77.04,10.37,-26.33,240.85,17.19,10003.33
7533,0.41,-0.33,0.04,-48.56,0.41,-48.56,-24.37,-8.96,-5.85,410.47,22.15,9878.33
7534,-0.11,0.52,-0.78,11.52,-26.33,11.52,-44.85,0.41,-17.78,410.77,23.89,9885.0
7535,0.04,0.3,-0.78,11.52,-40.82,15.22,-33.41,-2.15,-10.37,658.12,30.63,6875.0
7536,-0.33,0.41,-0.56,18.93,-26.0,44.85,-39.67,-5.85,-4.11,488.34,28.93,6996.67
7537,0.41,-0.22,0.07,-29.71,-6.67,-26.0,-9.22,-14.08,11.52,488.11,25.41,6990.0
7538,0.34,-0.33,0.22,-18.6,-6.67,-37.11,5.26,-15.22,11.52,240.85,27.15,9993.33
7539,0.15,-0.03,-0.26,0.74,-55.3,-21.48,-15.22,4.11,-7.82,430.46,18.52,9080.0
7540,-0.67,0.52,-0.49,34.56,-78.34,37.93,-45.67,23.45,-27.15,670.56,18.52,6336.67
7541,-0.3,-0.07,0.11,-21.81,-37.11,14.89,-25.19,4.11,-7.82,670.29,13.3,6343.33
7542,0.26,-0.48,0.37,-48.56,-3.29,-30.37,1.56,-11.52,5.26,480.75,9.89,7266.67
7543,0.89,-1.3,0.82,-67.89,27.15,-101.23,28.3,-38.26,22.04,240.68,-3.85,10026.67
7544,0.93,-1.34,0.86,-41.97,27.15,-123.45,30.86,-30.86,25.74,240.78,-0.37,10020.0
7545,0.93,-1.34,0.86,-41.97,27.15,-123.45,27.15,-24.6,24.6,240.68,13.37,10006.67
7546,0.93,-1.34,0.86,-41.97,27.15,-123.45,30.86,-17.19,27.15,240.65,27.12,9996.67
7547,0.22,-0.56,0.26,-22.63,-25.52,-67.08,-18.11,-1.56,-3.29,240.72,20.38,10006.67
7548,0.19,-0.56,0.26,-40.82,-25.52,-67.08,-10.7,-0.41,0.41,470.02,20.38,7638.33
7549,0.19,-0.56,0.26,-40.82,-25.52,-67.08,-14.41,-7.82,-2.15,470.06,6.63,7648.33
7550,0.15,-0.59,0.3,-40.82,4.11,-67.08,-14.41,-7.82,-2.15,695.6,13.37,5385.0
7551,-0.34,-0.26,-0.04,7.82,-29.71,15.22,-41.15,7.82,-15.22,466.63,9.97,7753.33
7552,-0.82,0.71,-0.86,41.97,-45.34,67.89,-82.38,24.6,-24.6,687.58,20.3,5660.0
7553,-0.63,0.86,-1.15,56.78,-49.04,93.82,-56.45,20.89,-17.19,462.13,22.04,7910.0
7554,-0.63,0.86,-1.15,56.78,-49.04,93.82,-74.64,14.63,-16.04,462.03,13.52,7920.0
7555,-0.15,-0.11,-0.33,22.63,-33.41,41.15,-33.41,-2.15,-6.67,241.08,3.18,10013.33
7556,-0.08,-0.03,-0.26,7.82,-33.41,11.52,-29.71,5.26,-4.11,241.12,-3.74,10013.33
7557,0.48,-0.33,0.22,-40.82,0.41,-59.34,5.26,-5.26,4.11,423.08,11.71,9385.0
7558,0.45,-0.3,0.19,-66.74,0.41,-37.11,1.56,-8.96,10.37,423.01,23.75,9375.0
7559,0.37,-0.37,0.11,-51.93,0.41,-7.48,-5.85,-5.26,4.11,422.95,16.82,9375.0
7560,0.22,-0.52,0.41,-37.45,37.45,3.3,4.11,-4.11,7.82,425.06,11.6,9291.67
7561,-0.45,0.22,-0.15,7.82,-15.22,37.45,-44.85,18.93,-18.93,425.22,8.34,9298.33
7562,-0.0,-0.3,0.52,-52.26,18.93,-18.93,-18.11,-1.56,-3.29,424.96,20.45,9295.0
7563,-0.37,0.22,-0.22,-7.33,-51.93,18.93,-44.85,14.08,-16.37,436.8,8.41,8836.67
7564,-0.19,0.48,-0.48,18.26,-26.0,33.41,-18.93,10.37,-8.96,605.41,8.41,8746.67
7565,-0.56,1.08,-1.08,63.53,-60.15,60.15,-38.26,27.15,-18.34,605.74,3.23,8760.0
7566,-0.3,0.89,-0.67,4.11,-11.52,11.52,-11.52,11.52,-5.26,409.66,16.97,9936.67
7567,0.19,-0.11,0.15,-66.74,15.22,-37.11,8.96,-7.82,14.08,240.88,20.23,10030.0
7568,-0.04,-0.3,0.34,-66.74,-10.7,-33.41,-20.67,-11.52,4.11,240.75,18.67,10026.67
7569,-0.37,-0.11,-0.04,-21.81,-59.34,0.41,-54.82,7.82,-15.22,240.95,8.34,10026.67
7570,-1.04,0.63,-0.6,23.45,-112.01,34.56,-79.0,38.26,-38.26,241.18,-0.3,10026.67
7571,-0.67,0.49,-0.67,49.04,-100.56,38.26,-53.08,34.56,-30.86,241.28,-9.08,10013.33
7572,-0.37,0.22,-0.22,-7.33,-51.93,18.93,-26.33,4.11,-7.82,241.05,-0.44,10010.0
7573,-0.3,0.26,-0.08,0.08,-51.93,33.41,-26.33,4.11,-7.82,241.05,-0.44,10013.33
7574,-0.37,0.26,-0.04,-14.41,-51.93,18.6,-30.04,15.22,-11.52,241.02,2.96,10030.0
7575,-0.37,0.26,-0.04,-14.41,-51.93,18.6,-32.59,22.63,-7.82,241.12,6.44,10026.67
7576,-0.26,0.48,-0.45,3.78,-26.0,18.6,-32.59,22.63,-7.82,241.12,6.44,10010.0
7577,-0.07,0.18,0.04,-15.56,22.63,2.96,-8.41,2.15,7.82,240.85,18.56,10010.0
7578,-0.18,0.15,0.07,21.48,22.63,6.67,-8.41,2.15,7.82,240.85,18.56,10000.0
7579,-0.07,-0.26,0.3,7.0,8.15,-18.93,-1.0,-1.56,14.08,240.92,25.49,10016.67
7580,0.34,-0.33,0.22,-18.6,-6.67,-37.11,1.56,-1.56,14.08,240.92,25.49,10010.0
7581,0.34,-0.33,0.22,-18.6,-6.67,-37.11,1.56,-8.96,10.37,408.58,25.49,9975.0
7582,0.04,-0.19,0.26,-29.71,-18.11,-26.0,-2.15,-16.37,7.82,408.55,32.41,9965.0
7583,-0.48,0.19,-0.19,29.71,-51.93,22.63,-25.19,-7.0,-4.11,408.85,34.15,9971.67
7584,-0.04,0.15,-0.15,29.71,-66.74,22.63,-15.22,4.11,-7.82,436.11,34.15,8888.33
7585,0.18,0.34,-0.34,29.71,-40.82,18.93,-29.71,5.26,-4.11,436.04,18.7,8888.33
7586,0.04,0.67,-0.45,4.11,-26.33,11.52,-33.41,16.37,-7.82,436.01,4.85,8885.0
7587,0.04,0.67,-0.45,4.11,-26.33,11.52,-37.11,8.96,-10.37,241.05,-10.67,10020.0
7588,-0.19,0.48,-0.26,4.11,-52.26,15.22,-26.33,18.93,-17.78,241.08,-9.08,10026.67
7589,0.26,-0.45,0.48,-41.15,-25.52,-15.22,7.82,-0.41,1.56,240.88,1.26,10023.33
7590,-0.3,-0.11,-0.07,-7.33,-59.34,15.22,-22.63,26.33,-15.22,457.18,1.26,8096.67
7591,-0.3,-0.11,-0.07,-7.33,-59.34,15.22,-22.63,26.33,-15.22,457.18,1.26,8096.67
7592,-0.75,0.82,-0.82,37.93,-86.08,45.67,-53.08,34.56,-30.86,457.42,4.78,8086.67
7593,-1.12,0.97,-0.75,12.34,-97.52,41.97,-49.37,23.45,-27.15,452.82,22.04,8253.33
7594,-0.56,0.41,-0.08,-21.48,-52.26,-14.41,-22.63,4.11,-0.41,703.85,32.3,5118.33
7595,-0.07,-0.56,0.71,-40.82,-25.52,-67.08,-2.15,-5.26,11.52,703.55,30.56,5121.67
7596,0.08,-0.67,0.67,-3.78,-14.07,-70.78,-28.07,2.15,4.11,746.82,30.56,3621.67
7597,0.19,-0.85,0.56,-15.22,-6.67,-48.56,-20.67,2.15,-3.29,495.59,30.63,6743.33
7598,-0.33,0.19,-0.3,29.71,-33.41,22.3,-44.85,22.63,-18.93,495.85,18.52,6743.33
7599,-0.15,0.08,-0.37,7.48,-33.41,51.93,-18.93,15.22,-11.52,241.08,18.52,10000.0
7600,-0.82,0.82,-0.93,52.75,-86.08,86.08,-53.08,34.56,-30.86,241.28,8.18,10013.33
7601,-0.34,-0.18,-0.11,-18.11,-59.34,37.45,-22.63,7.82,-14.08,431.73,15.11,9058.33
7602,0.22,-0.48,0.37,-66.74,-25.52,-33.41,-2.15,-1.56,-2.15,613.63,15.11,8426.67
7603,0.93,-1.15,1.04,-86.08,56.78,-67.56,22.04,-32.0,20.89,613.4,23.75,8430.0
7604,1.12,-0.97,0.71,-56.45,49.38,-89.78,18.34,-35.71,27.15,422.71,25.45,9398.33
7605,0.22,-0.45,0.34,-22.63,4.11,-44.85,-28.07,-22.63,7.82,432.31,25.45,9023.33
7606,-0.3,0.48,-0.59,22.3,-52.26,3.78,-44.85,4.11,-8.96,639.55,22.19,7426.67
7607,-0.86,1.08,-0.71,74.97,-67.89,60.15,-64.19,30.86,-25.74,639.85,20.49,7410.0
7608,-0.78,1.11,-0.56,82.38,-67.89,74.64,-64.19,30.86,-25.74,448.42,18.75,8420.0
7609,-0.97,0.85,-0.3,56.78,-93.82,60.15,-64.19,30.86,-25.74,241.48,20.3,10000.0
7610,-0.97,0.67,-0.45,34.56,-112.01,49.04,-64.19,30.86,-25.74,471.65,13.37,7590.0
7611,-0.41,0.3,-0.26,-6.67,-51.93,-10.37,-7.82,18.93,-2.7,471.35,11.6,7583.33
7612,-0.22,0.52,-0.52,0.74,-26.0,4.11,-15.22,22.63,-8.96,699.13,10.04,5253.33
7613,0.15,-0.08,0.08,-59.34,15.22,-18.93,11.52,7.0,4.11,468.7,20.38,7666.67
7614,-0.41,0.3,-0.11,-18.11,-44.85,40.49,-18.93,15.22,-11.52,468.93,23.89,7656.67
7615,-0.11,-0.37,0.59,-33.74,-10.7,-0.74,11.52,-11.52,5.26,240.92,15.11,9983.33
7616,0.08,-0.19,0.26,-4.11,-18.11,-22.96,1.56,-12.67,1.56,240.85,16.89,9986.67
7617,0.37,-0.37,0.04,14.07,-6.67,-33.74,5.26,-5.26,4.11,436.7,-0.37,8826.67
7618,0.18,0.11,-0.3,59.34,-37.11,-7.0,-35.97,11.52,-5.26,436.83,1.44,8836.67
7619,-0.52,0.78,-0.78,89.78,-56.45,75.3,-56.45,20.89,-17.19,437.13,3.18,8840.0
7620,-0.6,0.78,-0.75,75.3,-56.45,60.49,-56.45,20.89,-17.19,241.32,13.52,10013.33
7621,-0.6,0.78,-0.75,75.3,-56.45,60.49,-41.97,19.75,-20.89,241.38,28.97,10016.67
7622,-0.67,0.71,-0.34,60.49,-52.75,49.04,-38.26,27.15,-18.34,459.8,25.45,8013.33
7623,-0.64,0.63,-0.41,64.19,-52.75,86.08,-45.67,30.86,-24.6,642.72,16.93,7340.0
7624,-0.23,-0.07,0.15,7.82,-0.08,51.93,-15.22,22.63,-8.96,642.48,13.41,7346.67
7625,0.41,-0.78,0.67,-11.52,52.59,3.3,1.56,-4.11,7.82,423.8,11.71,9350.0
7626,1.0,-1.04,1.26,-34.56,86.41,-49.37,25.74,-24.6,23.45,240.55,25.41,10030.0
7627,0.97,-1.12,1.15,-60.49,56.78,-49.37,25.74,-24.6,23.45,240.55,25.41,10013.33
7628,0.56,-0.41,0.59,-4.11,4.11,-15.22,-9.22,-4.11,7.82,240.75,15.19,10013.33
7629,-0.15,0.26,-0.08,4.11,-15.22,7.82,-26.0,12.67,-1.56,241.08,10.0,9993.33
7630,-0.33,0.56,-0.19,41.15,-7.82,15.22,-35.97,1.56,2.15,408.82,11.78,9955.0
7631,-0.26,0.37,-0.37,29.71,-26.0,18.93,-35.97,1.56,2.15,408.82,11.78,9965.0
7632,-0.11,0.04,-0.26,55.3,-40.49,26.33,-39.67,-5.85,-0.41,408.78,18.7,9981.67
7633,0.11,-0.18,-0.04,44.19,-18.26,18.93,-29.71,5.26,-4.11,241.05,16.93,10036.67
7634,-0.08,0.22,-0.22,44.19,-3.78,29.71,-18.93,15.22,-11.52,241.08,18.52,10026.67
7635,-0.15,0.22,-0.19,29.71,-3.78,14.89,-18.93,15.22,-11.52,241.08,18.52,10020.0
7636,-0.15,0.22,-0.19,29.71,-3.78,14.89,-26.33,14.08,-15.22,241.02,20.3,10016.67
7637,0.52,-0.59,0.3,-11.52,15.56,-55.96,0.41,-6.41,0.41,240.75,30.63,10006.67
7638,0.37,-0.33,0.08,-7.82,30.04,-18.93,-3.29,4.7,-3.29,240.72,16.78,9996.67
7639,-0.18,0.45,-0.85,26.33,-26.33,41.15,-26.33,14.08,-15.22,241.02,18.52,9990.0
7640,-0.71,0.79,-1.19,56.78,-60.15,123.45,-53.08,34.56,-30.86,424.27,6.59,9330.0
7641,-0.49,0.53,-1.0,67.56,-74.64,101.23,-75.3,27.15,-34.56,424.2,11.96,9350.0
7642,-0.56,0.45,-0.6,60.15,-100.56,89.78,-79.0,38.26,-38.26,424.17,-1.89,9360.0
7643,-0.56,0.45,-0.6,60.15,-100.56,89.78,-75.3,27.15,-34.56,241.22,13.56,10033.33
7644,-0.0,0.08,-0.26,18.93,-55.63,41.15,-22.63,11.52,-4.11,484.86,22.04,7145.0
7645,0.85,-0.44,0.08,3.29,-10.37,-0.08,11.52,-7.82,15.22,679.65,34.15,6006.67
7646,0.52,-0.22,0.19,-11.52,-21.81,-26.0,11.52,-7.82,15.22,679.65,34.15,6003.33
7647,0.3,-0.48,0.52,-15.22,-25.52,-37.45,5.26,-7.82,15.22,633.05,25.67,7670.0
7648,-0.34,0.04,0.15,30.04,-41.15,-10.7,-39.67,1.56,3.29,438.26,22.19,8795.0
7649,-0.34,0.04,0.15,30.04,-41.15,-10.7,-39.67,1.56,3.29,438.26,22.19,8801.67
7650,-0.19,0.26,-0.22,33.74,-48.56,-10.7,-33.41,-2.15,-6.67,410.83,27.15,9885.0
7651,-0.3,0.48,-0.59,22.3,-52.26,3.78,-15.22,4.11,-7.82,410.9,25.45,9898.33
7652,0.63,0.0,-0.11,14.07,-7.0,-22.96,5.26,-5.26,4.11,410.6,23.71,9901.67
7653,0.48,-0.22,0.26,10.37,0.41,-22.96,1.56,-8.96,10.37,240.82,22.01,10020.0
7654,0.3,-0.48,0.52,-15.22,-25.52,-37.45,-2.15,-16.37,7.82,452.29,28.93,8256.67
7655,0.05,-0.54,0.65,-26.33,-10.7,-44.85,11.52,-15.22,11.52,704.71,15.08,5010.0
7656,0.17,-0.32,0.28,-40.82,-18.11,-44.85,18.93,-4.11,7.82,933.99,16.78,2641.67
7657,1.1,-0.8,0.76,-49.04,27.15,-71.6,45.67,-19.75,20.89,722.28,-0.48,4388.33
7658,1.34,-0.74,0.63,-37.93,12.34,-64.19,38.26,-27.15,18.34,469.96,-2.15,7631.67
7659,1.04,-0.63,0.85,-49.38,27.15,-34.56,28.3,-28.3,14.63,467.58,-15.89,7715.0
7660,0.3,0.11,0.11,-15.56,7.82,6.67,-12.93,-11.52,5.26,467.71,-14.08,7718.33
7661,-0.56,0.63,-0.23,-7.33,-7.82,47.89,-35.97,11.52,-5.26,686.33,-0.33,5708.33
7662,-1.01,1.11,-0.53,45.34,-67.89,89.12,-56.45,20.89,-17.19,459.7,16.93,7993.33
7663,-0.82,0.82,-0.45,19.75,-82.38,74.64,-56.45,20.89,-20.89,707.02,30.63,4993.33
7664,-0.21,0.24,0.01,0.41,-51.93,26.0,-26.0,5.26,-7.82,740.73,18.56,3760.0
7665,0.42,-0.47,0.54,-26.33,30.37,-22.63,-5.52,-14.08,11.52,740.46,13.34,3770.0
7666,0.65,-0.84,1.13,-71.6,79.0,-53.08,29.45,-27.15,34.56,493.04,13.34,6773.33
7667,0.63,-1.04,1.08,-97.52,71.6,-53.08,22.04,-34.56,32.0,431.33,22.01,9048.33
7668,0.63,-1.15,1.01,-97.52,41.97,-75.3,28.3,-30.86,25.74,431.4,9.97,9048.33
7669,0.19,-0.63,0.34,-37.45,7.82,-18.93,-18.11,-15.22,-4.7,645.36,6.49,7211.67
7670,0.41,-0.41,0.15,-26.0,0.41,-29.71,-18.11,-15.22,-4.7,454.75,-3.85,8163.33
7671,0.41,-0.41,0.15,-26.0,0.41,-29.71,-18.11,-15.22,-4.7,454.75,-3.85,8170.0
7672,0.5,-0.7,0.28,-18.63,11.52,-26.0,15.22,-11.52,5.26,494.47,1.19,6736.67
7673,0.09,-0.62,0.35,6.96,26.33,-7.82,15.22,-11.52,5.26,494.47,1.19,6736.67
7674,0.06,-0.59,0.32,-18.96,26.33,14.41,11.52,-5.26,4.11,666.22,11.52,6518.33
7675,0.52,-1.08,1.12,-60.49,71.6,-49.37,34.56,-20.89,17.19,412.46,8.19,9791.67
7676,0.52,-1.08,1.12,-60.49,71.6,-49.37,30.86,-17.19,27.15,412.5,23.71,9798.33
7677,0.19,-0.56,0.45,-0.41,30.37,10.7,7.82,-7.82,15.22,240.95,30.63,10013.33
7678,-0.56,0.08,-0.11,33.74,-22.3,44.85,-26.33,1.56,-4.11,493.44,20.3,6840.0
7679,-0.41,0.19,-0.22,8.15,-22.3,26.67,-18.93,5.26,-11.52,493.37,18.52,6850.0
7680,0.01,-0.28,0.23,-55.63,22.63,-40.78,0.41,-6.67,11.52,748.29,13.41,3543.33
7681,0.2,-0.13,-0.14,-55.63,18.93,-14.86,7.82,-0.41,17.78,496.07,20.34,6713.33
7682,-0.1,-0.01,-0.59,-7.0,-29.71,56.0,-37.11,8.96,5.85,496.24,8.41,6706.67
7683,-0.37,0.23,-0.48,33.74,-26.0,70.78,-29.71,5.26,-4.11,241.12,-3.74,10000.0
7684,-0.22,0.15,-0.11,55.96,-22.3,44.85,-33.41,-2.15,-6.67,241.08,1.44,9993.33
7685,0.08,0.03,0.48,7.33,26.33,-26.0,7.82,-18.93,2.7,453.8,1.44,8198.33
7686,0.26,-0.26,0.59,-29.71,18.93,-33.41,4.11,-22.63,8.96,453.73,13.48,8205.0
7687,-0.04,-0.3,0.48,-66.74,-10.7,-33.41,7.82,-15.22,11.52,453.77,13.48,8211.67
7688,-0.37,-0.11,-0.04,-21.81,-59.34,0.41,-15.22,7.82,1.0,241.15,22.01,10000.0
7689,-0.82,0.82,-0.78,23.45,-86.08,30.86,-41.97,38.26,-22.04,241.38,13.37,10013.33
7690,-0.33,0.37,-0.34,15.22,-26.0,4.11,-25.19,18.93,-1.56,241.18,13.37,10003.33
7691,-0.33,0.56,-0.19,41.15,-7.82,15.22,-25.19,18.93,-1.56,241.18,13.37,10013.33
7692,-0.41,0.59,-0.19,66.74,-7.82,44.85,-25.19,7.82,2.15,476.22,22.01,7416.67
7693,-0.3,0.63,-0.23,29.71,-7.82,41.15,-25.19,10.37,-8.96,476.09,22.01,7436.67
7694,-0.44,0.71,-0.6,7.48,-11.52,67.08,-32.59,14.08,-15.22,669.72,23.71,6346.67
7695,0.11,-0.3,0.19,-37.45,15.22,-15.22,-5.85,4.7,-3.29,434.42,27.19,8943.33
7696,-0.15,-0.11,-0.33,22.63,-33.41,41.15,-40.82,15.22,-11.52,434.65,13.48,8926.67
7697,0.33,-0.56,0.26,-26.0,0.74,-29.71,-6.67,-4.11,7.82,414.57,3.26,9718.33
7698,0.3,-0.52,0.23,-51.93,0.74,-7.48,-9.22,-6.67,18.93,414.71,3.26,9698.33
7699,0.67,-0.97,1.01,-86.08,71.6,-67.56,28.3,-27.15,34.56,414.51,13.48,9698.33
7700,0.41,-0.78,0.6,-26.67,22.96,-18.93,1.56,-11.52,21.48,436.77,11.67,8823.33
7701,-0.26,-0.04,0.04,18.6,-29.71,15.22,-22.63,11.52,-5.26,436.9,-0.44,8830.0
7702,-0.67,0.67,-0.52,74.97,-82.38,49.37,-71.6,34.56,-32.0,437.07,-3.7,8826.67
7703,-0.37,0.07,0.11,4.11,-41.15,11.52,-54.82,7.82,-15.22,240.95,8.34,10003.33
7704,-0.04,-0.15,-0.0,18.93,-29.71,37.45,-47.41,4.11,-8.96,241.02,15.27,9996.67
7705,0.37,-0.96,0.49,-37.45,-6.67,-18.93,5.26,-15.22,11.52,240.92,6.49,10013.33
7706,-0.15,-0.11,-0.33,22.63,-33.41,41.15,-15.22,4.11,-7.82,241.18,11.71,10013.33
7707,-0.52,0.08,-0.11,44.85,-15.22,15.22,-15.22,4.11,-7.82,426.22,16.89,9270.0
7708,-1.15,0.89,-0.56,71.6,-67.89,86.08,-41.97,19.75,-20.89,605.17,30.63,8760.0
7709,-0.6,0.11,0.33,11.52,-41.15,3.78,2.96,10.37,-8.96,843.82,22.15,6041.67
7710,-0.41,0.26,-0.04,-10.7,-44.85,29.71,-4.44,14.08,-15.22,658.72,10.04,6785.0
7711,-0.3,0.48,-0.45,7.48,-18.93,29.71,-30.37,17.78,-22.63,479.86,5.08,7291.67
7712,-0.93,1.19,-0.93,60.15,-71.6,100.56,-89.78,28.3,-30.86,241.15,-1.89,9996.67
7713,-1.01,1.11,-0.53,45.34,-75.3,89.12,-86.08,28.3,-30.86,481.05,8.45,7253.33
7714,-1.01,1.11,-0.53,45.34,-75.3,89.12,-74.64,25.74,-19.75,481.08,1.48,7256.67
7715,-0.45,0.74,-0.34,4.11,-15.22,29.71,-29.71,16.37,-7.82,480.92,13.41,7270.0
7716,0.37,0.18,-0.11,-29.71,7.82,-29.71,-9.22,-14.08,15.22,240.78,11.71,10016.67
7717,0.37,0.18,-0.11,-29.71,7.82,-29.71,-9.22,-14.08,15.22,240.78,11.71,10016.67
7718,0.23,-0.19,0.04,-4.11,30.04,-18.93,5.26,-25.19,11.52,494.53,8.34,6798.33
7719,0.0,-0.41,0.22,-15.56,37.45,-8.15,5.26,-17.78,15.22,494.63,11.82,6815.0
7720,-0.18,-0.67,0.48,-41.15,11.52,-22.63,23.45,-11.52,14.08,494.73,20.34,6801.67
7721,-0.48,0.3,-0.26,-7.33,-44.85,26.0,-25.19,18.93,-1.56,241.18,13.37,10020.0
7722,-0.3,0.48,-0.59,22.3,-52.26,3.78,-15.22,22.63,-8.96,241.12,11.6,10010.0
7723,-0.07,0.67,-0.78,22.3,-26.33,0.08,-15.22,22.63,-8.96,241.12,11.6,10013.33
7724,0.11,0.26,-0.59,22.3,-40.82,-10.7,-37.45,15.22,-12.67,241.05,16.97,10000.0
7725,-0.45,0.86,-0.71,74.97,-56.45,45.67,-93.82,27.15,-35.71,241.18,12.01,9996.67
7726,-0.08,0.26,-0.11,29.71,-22.3,18.93,-70.78,4.11,-25.19,420.95,5.08,9455.0
7727,0.48,-0.08,0.44,-4.11,11.52,-11.52,-18.11,-15.22,-4.7,420.85,-3.7,9468.33
7728,0.86,-0.86,0.89,-86.41,34.56,-45.67,28.3,-30.86,25.74,420.78,3.04,9481.67
7729,1.08,-1.0,0.71,-74.97,19.75,-71.6,32.0,-23.45,28.3,469.99,13.37,7648.33
7730,1.04,-1.04,0.6,-100.56,19.75,-89.78,32.0,-23.45,28.3,469.99,13.37,7638.33
7731,1.04,-1.04,0.6,-100.56,19.75,-89.78,32.0,-30.86,24.6,680.52,8.19,5916.67
7732,0.89,-1.23,0.93,-112.01,27.15,-67.56,24.6,-41.97,28.3,451.25,6.49,8291.67
7733,0.93,-1.19,1.04,-86.41,27.15,-49.37,20.89,-45.67,34.56,451.18,18.53,8291.67
7734,0.41,-0.22,0.3,-15.56,0.41,10.7,-3.29,-26.33,15.22,475.82,20.23,7416.67
7735,0.07,0.3,-0.37,44.52,-40.82,70.78,-26.33,-7.0,-4.11,476.09,25.45,7423.33
7736,-0.67,1.04,-1.12,78.34,-60.15,112.01,-75.3,16.04,-30.86,476.26,22.19,7430.0
7737,-0.63,1.08,-1.19,78.34,-60.15,100.56,-67.89,23.45,-28.3,448.22,18.93,8430.0
7738,-0.26,0.63,-0.45,18.26,-18.93,18.26,-22.96,14.08,-16.37,686.86,10.45,5715.0
7739,0.26,-0.3,0.45,-52.59,7.82,-52.59,47.89,1.0,2.97,925.61,10.45,3000.0
7740,1.0,-1.04,1.19,-86.41,27.15,-93.82,70.93,-22.04,13.49,718.44,1.67,4580.0
7741,0.93,-0.71,0.89,-74.97,34.56,-82.38,49.04,-22.04,13.49,672.38,-5.3,6246.67
7742,1.12,-0.56,0.63,-63.53,27.15,-70.93,34.56,-20.89,17.19,433.5,-0.33,8948.33
7743,1.04,-0.63,0.38,-70.93,27.15,-100.56,38.26,-13.49,19.75,433.46,13.41,8965.0
7744,0.48,-0.26,0.19,-29.71,-32.92,-41.15,18.93,3.29,10.37,240.92,21.93,10006.67
7745,-0.19,0.45,-0.37,4.11,-52.26,0.08,-11.52,11.52,-5.26,441.41,18.53,8680.0
7746,-0.37,0.26,-0.04,-25.52,-44.85,22.3,-11.52,11.52,-5.26,441.41,18.53,8663.33
7747,0.04,-0.22,0.26,-41.15,15.22,-18.93,7.82,-7.82,15.22,441.21,23.71,8663.33
7748,0.52,-1.19,1.04,-60.49,41.97,-71.6,38.26,-16.04,30.86,240.72,27.12,9990.0
7749,-0.15,-0.45,0.48,-15.22,-10.7,-37.45,7.82,-7.82,15.22,240.95,30.63,10003.33
7750,-0.34,-0.15,-0.0,4.11,-59.34,-21.81,-11.52,11.52,-5.26,241.15,25.45,10000.0
7751,-0.34,-0.04,0.07,4.11,-29.71,0.41,-18.93,7.82,2.15,241.22,27.23,10016.67
7752,0.59,-0.52,0.34,-11.52,15.56,-26.33,4.11,-1.56,14.08,456.16,25.49,8131.67
7753,0.97,-1.12,0.93,-67.89,56.78,-49.37,30.86,-17.19,27.15,455.9,28.89,8131.67
7754,0.56,-0.41,0.37,-11.52,4.11,-15.22,-6.67,-4.11,7.82,456.0,15.19,8125.0
7755,0.33,-0.71,0.71,-15.22,11.52,-44.85,-9.22,-14.08,15.22,240.78,11.71,10006.67
7756,-0.04,-0.11,0.11,41.15,-29.71,-21.81,-65.6,-2.15,-7.82,411.55,1.37,9843.33
7757,-0.04,-0.29,-0.04,15.22,-47.89,-32.92,-54.82,7.82,-15.22,411.58,2.96,9843.33
7758,-0.45,0.34,-0.67,45.67,-89.12,12.34,-75.3,27.15,-34.56,411.85,8.18,9840.0
7759,-0.38,0.34,-0.71,60.15,-89.12,27.15,-75.3,27.15,-34.56,241.22,13.56,10003.33
7760,-0.52,0.6,-0.93,63.86,-74.64,64.19,-71.6,16.04,-30.86,241.25,27.41,10003.33
7761,-0.33,0.3,-0.45,44.52,-26.0,48.56,-44.85,0.41,-17.78,241.05,10.15,10006.67
7762,-0.48,0.63,-0.56,18.93,-11.52,41.15,-44.85,0.41,-17.78,241.05,10.15,10013.33
7763,0.0,0.18,0.04,-29.71,22.63,-29.71,-14.41,-7.82,-2.15,240.82,6.63,10013.33
7764,0.15,0.29,-0.07,-55.3,22.63,-47.89,-14.41,-7.82,-2.15,240.82,6.63,10010.0
7765,0.41,-0.34,0.56,-63.53,56.78,-70.93,34.56,-23.45,28.3,240.75,13.37,10006.67
7766,0.15,-0.15,0.15,-4.11,8.15,-22.3,-10.37,-14.08,16.37,417.66,-0.37,9586.67
7767,-0.3,0.45,-0.45,55.3,-26.0,37.11,-51.6,2.7,7.0,605.06,8.41,8750.0
7768,-0.11,0.15,-0.33,18.26,-33.41,29.71,-54.15,2.7,7.0,605.06,8.41,8743.33
7769,0.22,-0.37,0.41,-26.67,37.45,-8.15,-16.63,-10.37,26.33,428.08,10.22,9176.67
7770,0.74,-1.41,1.27,-71.6,64.19,-79.0,18.34,-20.89,34.56,240.58,16.96,10016.67
7771,0.71,-1.01,1.04,-60.15,71.6,-89.78,18.34,-28.3,30.86,240.48,13.48,10023.33
7772,0.71,-1.12,0.97,-60.15,41.97,-112.01,18.34,-28.3,30.86,240.62,27.19,10010.0
7773,0.6,-0.75,0.78,-86.08,49.37,-86.08,20.89,-30.86,41.97,240.75,27.19,10013.33
7774,0.15,-0.15,0.19,-26.67,15.22,-26.67,0.41,-11.52,22.63,241.02,32.41,10010.0
7775,-0.37,0.89,-0.67,18.26,-11.52,44.19,-18.93,7.82,2.15,241.22,27.23,10013.33
7776,-0.78,1.56,-1.34,89.12,-45.67,89.12,-38.26,27.15,-18.34,241.42,22.04,10010.0
7777,-0.67,1.34,-0.97,100.56,-41.97,74.64,-52.75,28.3,-14.63,241.38,16.82,10013.33
7778,-0.71,1.19,-0.97,89.78,-41.97,86.08,-60.15,32.0,-20.89,241.32,9.89,10006.67
7779,-0.26,0.59,-0.37,30.37,-7.82,26.67,-33.41,16.37,-7.82,241.05,13.3,10010.0
7780,0.11,-0.19,0.08,-51.93,15.22,-7.48,11.52,7.0,4.11,240.85,15.0,10006.67
7781,0.67,-1.08,0.93,-86.08,41.97,-89.78,35.71,-23.45,27.15,240.62,23.64,10013.33
7782,0.71,-1.49,1.16,-97.52,34.56,-79.0,28.3,-24.6,23.45,240.55,25.41,10003.33
7783,0.71,-1.49,1.16,-97.52,34.56,-79.0,18.34,-25.74,19.75,240.48,27.19,10000.0
7784,0.37,-0.85,0.49,-52.59,-6.67,-18.93,1.56,1.0,2.97,240.78,25.49,9996.67
7785,-0.08,0.0,-0.37,7.48,-22.3,11.52,-47.41,17.78,-6.41,483.4,20.3,7163.33
7786,-0.08,0.0,-0.37,7.48,-22.3,11.52,-47.41,17.78,-6.41,483.4,20.3,7163.33
7787,-0.37,0.19,-0.15,-10.7,-33.74,22.3,-51.11,10.37,-8.96,483.37,27.23,7153.33
7788,-0.45,0.3,-0.04,0.08,-44.85,51.93,-28.89,2.97,-11.52,476.06,28.93,7403.33
7789,-0.26,0.56,-0.26,29.71,-52.26,59.34,-28.89,-3.29,-10.37,712.57,28.93,4785.0
7790,-0.04,0.37,-0.45,33.41,-40.82,33.74,-28.89,-3.29,-10.37,712.57,28.93,4795.0
7791,0.11,0.0,-0.3,18.93,-55.3,-3.29,-28.89,7.82,-14.08,477.53,20.3,7381.67
7792,-0.08,-0.26,-0.07,-10.7,-47.89,-10.7,-22.63,7.82,-14.08,431.73,15.11,9048.33
7793,0.33,-0.89,0.56,-41.15,-6.67,-55.96,4.11,-7.82,-1.0,431.53,6.63,9045.0
7794,0.63,-1.15,1.01,-97.52,41.97,-75.3,28.3,-28.3,14.63,431.27,18.75,9055.0
7795,0.63,-1.15,1.01,-97.52,41.97,-75.3,22.04,-24.6,24.6,240.68,23.93,10006.67
7796,-0.07,-0.37,0.41,-78.19,-10.7,-18.93,-4.7,-8.96,11.52,452.39,32.41,8256.67
7797,-0.07,-0.37,0.41,-78.19,-10.7,-18.93,1.56,-15.22,12.67,452.49,16.89,8253.33
7798,-0.74,0.37,-0.15,-32.92,-63.37,15.22,-44.85,0.41,-17.78,644.15,18.63,7260.0
7799,0.19,-0.11,0.33,-41.15,-18.11,-11.52,-24.37,-8.96,-5.85,432.35,16.89,9023.33
7800,-0.08,0.08,-0.19,18.93,-66.74,44.85,-47.41,14.08,-16.37,432.58,27.23,9013.33
7801,0.56,-0.26,0.15,-14.89,-6.67,-0.08,1.56,1.0,2.97,433.66,11.78,8971.67
7802,0.48,-0.33,-0.11,-22.3,-6.67,-29.71,4.11,-1.56,14.08,433.8,11.78,8951.67
7803,0.52,-0.26,-0.07,-11.52,-6.67,-51.93,0.41,-8.96,11.52,433.76,18.7,8951.67
7804,0.52,-0.26,-0.07,-11.52,-6.67,-51.93,-2.15,-18.93,18.93,240.92,28.93,9993.33
7805,0.37,-0.37,0.37,-15.22,30.37,-29.71,-2.15,-26.33,15.22,240.82,25.45,9996.67
7806,0.63,-0.56,0.78,-74.64,79.0,-78.34,20.89,-35.71,27.15,240.52,23.71,9990.0
7807,0.86,-0.78,0.67,-56.45,64.19,-89.78,23.45,-28.3,30.86,240.62,27.19,9983.33
7808,0.45,-0.26,-0.03,-26.0,-6.67,-66.74,0.41,-8.96,11.52,240.88,32.41,9990.0
7809,-0.04,0.19,-0.63,22.63,-40.82,4.11,-37.11,1.56,3.29,241.12,18.7,9990.0
7810,-0.04,0.19,-0.63,22.63,-40.82,4.11,-33.41,-2.15,-6.67,410.8,16.93,9871.67
7811,-0.04,0.37,-0.48,48.56,-22.63,15.22,-59.34,1.56,-14.08,410.7,8.45,9861.67
7812,0.67,-0.3,0.0,18.11,-3.29,-67.08,-18.11,-15.22,-4.7,410.57,6.63,9875.0
7813,0.52,-0.41,0.41,-11.52,4.11,-67.08,0.08,-8.96,-5.85,479.7,1.67,7291.67
7814,0.82,-0.86,0.71,-93.82,34.56,-97.52,56.45,-20.89,17.19,479.56,6.63,7291.67
7815,0.19,-0.11,0.3,-78.19,15.22,-44.85,3.78,-1.56,-3.29,479.66,15.41,7295.0
7816,-0.19,0.34,-0.45,-18.11,-26.0,37.45,-37.45,15.22,-12.67,240.92,23.89,9996.67
7817,-0.49,0.6,-0.89,38.26,-74.64,56.78,-82.38,24.6,-24.6,241.08,11.96,9996.67
7818,-0.52,0.56,-0.71,45.67,-74.64,74.97,-52.75,24.6,-14.63,490.93,11.96,6903.33
7819,-0.15,0.11,0.07,11.52,-3.78,14.89,-33.41,7.82,-5.26,490.73,10.22,6920.0
7820,0.48,-0.22,0.59,-7.82,30.04,-0.74,1.56,-5.26,14.08,490.63,23.93,6940.0
7821,0.78,-0.82,1.04,-23.45,64.19,-41.97,18.34,-28.3,30.86,408.38,30.67,9981.67
7822,0.26,0.11,0.11,21.48,7.82,6.67,-1.0,-11.52,21.48,408.72,25.49,9985.0
7823,0.04,-0.19,0.22,10.37,15.22,-22.96,1.56,-11.52,21.48,408.72,25.49,9975.0
7824,-0.26,0.52,-0.48,44.19,-18.93,18.26,-18.93,7.82,2.15,241.22,27.23,10013.33
7825,0.11,-0.3,0.45,-15.22,0.41,-52.59,0.41,-7.82,22.63,492.18,30.56,6875.0
7826,-0.37,0.67,-0.34,4.11,-26.33,0.08,-18.93,11.52,2.15,492.38,25.38,6865.0
7827,0.34,-0.11,0.3,-55.3,-7.0,-59.34,4.11,-0.41,25.19,492.21,23.64,6871.67
7828,0.07,0.48,-0.26,15.56,-22.63,-2.96,-44.85,11.52,-5.26,241.12,18.75,9996.67
7829,-0.0,0.41,-0.34,30.37,-22.63,26.67,-48.56,4.11,-7.82,241.08,25.67,10013.33
7830,-0.26,0.59,-0.37,30.37,-7.82,26.67,-51.11,6.67,-18.93,240.95,25.67,10016.67
7831,0.3,0.0,-0.26,-22.3,7.82,-29.71,5.26,-5.26,4.11,240.82,30.63,10020.0
7832,0.82,-0.86,0.56,-82.38,34.56,-89.78,32.0,-20.89,17.19,240.62,13.37,10006.67
7833,1.04,-1.0,0.56,-64.19,19.75,-71.6,32.0,-27.15,18.34,477.13,13.37,7375.0
7834,0.34,-0.33,0.08,-33.74,0.41,10.7,-12.93,-17.78,6.41,477.3,1.44,7365.0
7835,-0.26,0.45,-0.34,18.93,-52.26,59.34,-54.15,-1.0,-2.97,477.43,3.26,7381.67
7836,-0.45,0.19,-0.11,-10.7,-44.85,51.93,-44.19,6.41,-0.41,240.98,1.48,10010.0
7837,-0.45,0.3,-0.04,0.08,-44.85,51.93,-33.41,5.26,-4.11,476.06,11.71,7433.33
7838,0.19,-0.52,0.48,-26.67,37.45,-18.93,11.52,-4.11,7.82,693.38,18.67,5461.67
7839,-0.41,0.26,0.07,26.0,-15.22,29.71,-15.22,11.52,-5.26,693.65,15.27,5458.33
7840,-0.41,0.15,-0.0,15.22,-15.22,29.71,-37.45,15.22,-12.67,458.54,12.01,8038.33
7841,-0.52,0.52,-0.26,-10.7,-37.45,55.63,-41.15,7.82,-15.22,241.08,3.23,10006.67
7842,0.3,-0.04,-0.04,-51.93,7.82,-3.78,-18.11,-15.22,-4.7,442.42,10.15,8631.67
7843,0.78,-0.49,0.56,-100.56,41.97,-74.64,28.3,-30.86,25.74,442.35,3.18,8631.67
7844,1.08,-0.6,0.52,-89.12,27.15,-89.12,28.3,-30.86,25.74,643.92,20.44,7246.67
7845,0.52,-0.3,0.04,-40.49,-6.67,-18.26,-2.15,-4.11,8.96,442.52,6.59,8618.33
7846,0.82,-0.44,0.19,-14.89,-21.48,-0.08,-2.15,-4.11,8.96,618.33,20.3,8246.67
7847,0.63,-0.59,0.48,-0.41,15.56,10.7,-8.41,-0.41,18.93,416.8,18.56,9621.67
7848,1.15,-0.93,0.82,-30.86,49.38,-71.6,25.74,-19.75,38.26,416.6,28.89,9621.67
7849,0.89,-1.19,0.9,-67.89,56.78,-79.0,25.74,-19.75,38.26,240.78,28.89,10010.0
7850,0.48,-0.67,0.19,-37.45,-14.07,-55.96,5.26,-7.82,15.22,240.95,30.63,10006.67
7851,0.3,-0.85,0.52,-67.08,-6.67,-33.74,5.26,-7.82,15.22,240.95,30.63,10013.33
7852,0.26,-0.45,0.45,-55.63,0.74,-44.52,11.52,-11.52,5.26,453.77,16.93,8208.33
7853,0.82,-0.86,0.71,-82.38,34.56,-89.78,38.26,-27.15,18.34,453.57,-0.33,8218.33
7854,0.37,0.07,-0.04,-37.11,7.82,-59.34,-18.11,-15.22,-4.7,453.7,-5.3,8218.33
7855,0.11,0.37,-0.71,-3.29,-40.82,-14.41,-59.34,1.56,-17.78,488.31,8.41,7010.0
7856,-0.41,0.71,-1.04,27.15,-74.64,67.89,-112.01,20.89,-38.26,488.41,17.19,7013.33
7857,-0.41,0.71,-1.04,27.15,-74.64,67.89,-89.78,28.3,-34.56,488.47,11.82,7023.33
7858,-0.08,-0.03,-0.26,7.82,-33.41,11.52,-52.26,7.82,-15.22,418.93,5.08,9565.0
7859,0.3,-0.59,0.45,-26.33,7.82,-70.78,-5.85,-5.26,4.11,418.73,11.82,9561.67
7860,0.93,-1.34,0.86,-41.97,27.15,-123.45,24.6,-32.0,20.89,418.57,8.41,9561.67
7861,0.59,-0.7,0.19,2.96,-14.07,-63.37,-24.37,-8.96,-5.85,240.75,8.41,10023.33
7862,0.74,-0.48,-0.18,6.67,-21.48,-63.37,-18.11,-15.22,-4.7,240.85,-7.11,10030.0
7863,0.63,-0.59,0.26,2.96,15.56,-41.15,-14.41,-7.82,-2.15,425.06,4.93,9308.33
7864,0.97,-1.12,1.01,-41.97,86.41,-79.0,41.97,-19.75,20.89,424.92,9.89,9311.67
7865,0.78,-1.3,1.34,-71.6,93.82,-56.78,41.97,-19.75,20.89,424.92,9.89,9311.67
7866,0.74,-1.3,1.3,-97.52,64.19,-79.0,56.45,-20.89,17.19,479.56,6.63,7311.67
7867,0.93,-1.15,1.01,-112.01,27.15,-89.78,56.45,-20.89,17.19,479.56,3.23,7311.67
7868,0.63,-0.56,0.37,-41.15,-14.07,-51.93,15.22,-4.11,7.82,656.44,3.23,6881.67
7869,0.82,-0.41,0.11,-29.71,-21.48,-40.49,-6.67,-14.08,15.22,417.53,6.49,9603.33
7870,0.41,-0.33,0.19,-4.11,-6.67,-22.3,-14.07,-15.22,11.52,417.46,11.67,9596.67
7871,0.37,-0.41,0.15,-14.89,-6.67,-0.08,-14.07,-15.22,11.52,240.72,13.48,10023.33
7872,-0.22,-0.03,-0.26,30.04,-40.49,33.74,-40.82,15.22,-11.52,240.95,4.85,10013.33
7873,0.22,-0.07,-0.22,30.04,-55.3,33.74,-33.41,16.37,-7.82,241.02,3.07,10013.33
7874,0.22,-0.07,-0.22,30.04,-55.3,33.74,-33.41,16.37,-7.82,241.02,3.07,10000.0
7875,0.59,-0.67,0.37,-26.34,-14.07,10.7,-6.67,-6.67,18.93,240.88,15.19,10003.33
7876,0.59,-0.67,0.37,-26.34,-14.07,10.7,-6.67,-6.67,18.93,435.87,16.96,8878.33
7877,0.86,-0.86,0.89,-86.41,34.56,-45.67,28.3,-19.75,38.26,655.52,18.56,6840.0
7878,0.19,-0.11,0.33,-41.15,-18.11,-11.52,1.56,3.29,11.52,655.65,6.44,6843.33
7879,0.15,-0.15,0.22,-66.74,-18.11,-29.71,1.56,3.29,11.52,460.66,1.26,7975.0
7880,-0.37,0.3,-0.04,-14.07,-78.19,15.22,-22.63,26.33,-15.22,241.05,1.26,10023.33
7881,-0.08,0.15,-0.08,-2.96,-66.74,4.11,-33.41,16.37,-7.82,241.02,-0.33,10006.67
7882,-0.37,0.26,-0.04,-14.41,-51.93,18.6,-43.37,12.67,-0.41,460.83,-7.26,7958.33
7883,-0.19,0.0,-0.3,3.78,-22.3,30.04,-43.37,1.56,7.0,705.64,-8.86,5035.0
7884,0.22,-0.52,0.41,-26.67,48.56,7.0,-2.15,-15.22,16.37,705.51,-10.67,5035.0
7885,0.22,-0.52,0.41,-26.67,48.56,7.0,-2.15,-12.67,5.26,485.8,-10.67,7080.0
7886,0.26,-0.45,0.48,-41.15,30.37,-30.04,1.56,-12.67,1.56,430.36,-9.08,9080.0
7887,0.08,-0.22,0.26,-67.08,8.15,-22.63,-4.7,-6.41,0.41,657.19,-9.08,6795.0
7888,0.15,-0.45,0.45,-41.15,0.74,-26.33,-2.15,-8.96,11.52,888.72,-2.15,4333.33
7889,0.75,-0.82,0.86,-86.08,34.56,-60.15,18.34,-20.89,34.56,699.21,9.97,5260.0
7890,0.41,-0.11,0.15,-15.22,0.41,-18.93,-5.85,-0.41,18.93,472.55,13.37,7555.0
7891,0.07,0.3,-0.56,18.93,-40.82,41.15,-54.82,15.22,-11.52,443.63,4.85,8596.67
7892,-0.15,0.08,-0.37,7.48,-33.41,51.93,-48.56,11.52,-21.48,634.21,-0.33,7628.33
7893,0.03,-0.33,-0.18,7.48,-47.89,41.15,-44.85,0.41,-17.78,634.25,13.52,7625.0
7894,-0.0,-0.26,-0.11,3.78,-47.89,4.11,-18.93,-3.29,-10.37,431.77,28.97,9045.0
7895,0.18,-0.07,-0.44,33.41,-55.3,-18.11,-22.63,2.97,-11.52,241.05,34.15,10013.33
7896,0.18,-0.07,-0.44,33.41,-55.3,-18.11,-18.93,10.37,-8.96,241.08,27.23,10023.33
7897,0.04,0.19,-0.67,37.11,-40.82,18.93,-18.93,10.37,-8.96,241.08,27.23,10030.0
7898,-0.11,0.08,-0.22,33.41,-3.78,41.15,-11.52,11.52,-5.26,241.15,25.45,10033.33
7899,-0.3,0.48,-0.41,33.41,10.7,51.93,-11.52,11.52,-5.26,241.15,25.45,10030.0
7900,0.41,-0.19,0.08,2.96,30.04,-30.37,8.96,-7.82,14.08,240.88,20.23,10023.33
7901,-0.0,0.52,-0.48,59.34,-22.63,3.78,-25.19,11.52,-5.26,241.08,9.89,10006.67
7902,0.04,0.45,-0.41,33.74,-22.63,-14.41,-32.59,15.22,-11.52,241.22,13.3,9996.67
7903,-0.6,1.19,-0.82,49.38,-41.97,38.26,-49.37,41.97,-28.3,241.52,11.6,9993.33
7904,-0.82,1.19,-0.79,12.34,-49.37,52.75,-45.67,41.97,-28.3,481.42,21.93,7246.67
7905,-0.67,0.86,-0.67,37.93,-63.86,60.15,-45.67,41.97,-28.3,481.22,11.6,7256.67
7906,-0.0,0.15,-0.11,4.11,-44.52,18.93,-28.89,25.19,-18.93,480.88,16.78,7253.33
7907,0.63,-0.67,0.34,-15.22,-14.07,-51.93,-2.15,-1.56,-2.15,240.82,3.04,10006.67
7908,0.75,-0.97,0.86,-49.04,34.56,-82.38,32.0,-20.89,17.19,240.62,13.37,9996.67
7909,0.0,-0.22,0.3,10.37,15.22,-11.52,7.82,-11.52,5.26,475.92,9.89,7416.67
7910,-0.48,0.74,-0.52,44.52,-0.41,41.15,-33.41,5.26,-4.11,696.87,20.23,5330.0
7911,-0.78,1.45,-1.23,78.34,-34.56,82.38,-78.34,14.63,-16.04,697.04,8.3,5343.33
7912,-0.44,0.78,-0.6,44.52,-0.41,29.71,-54.15,5.26,-4.11,461.73,11.78,7936.67
7913,0.19,0.04,-0.15,14.07,7.82,-22.96,-16.63,-5.26,4.11,240.68,15.19,10013.33
7914,0.64,-0.56,0.45,-45.34,41.97,-82.38,24.6,-22.04,13.49,240.55,13.37,10000.0
7915,0.75,-0.52,0.41,-82.38,41.97,-86.08,27.15,-22.04,13.49,240.55,13.37,9986.67
7916,0.19,-0.11,0.15,-55.63,8.15,-40.82,-10.37,-11.52,5.26,240.78,1.44,9993.33
7917,-0.26,0.45,-0.45,-14.41,-26.0,18.6,-40.82,15.22,-11.52,468.8,10.22,7663.33
7918,-0.56,0.71,-0.89,41.97,-74.64,37.93,-89.78,28.3,-30.86,469.0,3.48,7673.33
7919,-0.15,0.19,-0.19,11.52,-3.78,14.89,-48.56,11.52,-21.48,468.87,1.67,7666.67
7920,0.33,-0.67,0.67,-15.22,22.96,-33.74,-21.81,-11.52,5.26,472.45,3.23,7541.67
7921,0.33,-0.49,0.82,10.7,41.15,-22.63,4.11,-15.22,12.67,472.55,11.71,7548.33
7922,-0.3,0.22,0.29,37.45,-41.15,26.0,-37.11,1.56,3.29,472.68,13.52,7551.67
7923,-0.67,0.71,-0.34,67.89,-82.38,49.04,-86.08,17.19,-27.15,411.81,6.59,9843.33
7924,-0.64,0.45,-0.56,45.67,-100.56,74.97,-100.56,18.34,-23.45,411.75,-8.86,9826.67
7925,-0.47,0.24,-0.84,60.45,-63.53,90.12,-78.67,24.6,-24.6,665.34,6.41,6563.33
7926,-0.58,0.53,-0.8,56.75,-49.04,115.71,-49.04,24.6,-14.63,744.55,11.78,3646.67
7927,-0.02,0.23,-0.32,8.11,-15.22,44.85,-7.82,7.82,-5.26,945.99,27.23,2275.0
7928,0.04,0.26,-0.22,-2.96,-40.82,4.11,-29.71,1.56,-4.11,692.4,11.96,5541.67
7929,0.71,-0.37,0.11,-26.0,-21.48,-37.11,-12.93,-17.78,6.41,678.87,18.7,6000.0
7930,-0.04,0.26,-0.52,22.63,-40.82,33.74,-39.67,-2.15,-6.67,477.5,18.7,7375.0
7931,0.37,-0.37,0.11,-7.82,0.41,-11.52,-2.15,-15.22,12.67,477.4,32.41,7378.33
7932,-0.33,0.23,-0.48,22.63,-18.93,41.15,-37.11,1.56,3.29,241.12,18.7,9996.67
7933,-0.26,0.3,-0.41,7.82,-18.93,11.52,-51.6,2.7,7.0,241.05,3.26,10000.0
7934,-0.89,1.12,-0.86,34.56,-71.6,82.38,-100.56,18.34,-23.45,241.12,-3.48,10000.0
7935,-0.11,0.52,-0.12,11.52,-52.26,29.71,-65.6,5.26,-4.11,241.02,10.22,10020.0
7936,-0.04,0.37,0.18,48.56,-48.56,33.41,-65.6,5.26,-4.11,241.02,10.22,10026.67
7937,0.78,-0.19,0.41,25.52,7.82,-26.0,-16.63,-17.78,22.63,463.03,18.7,7898.33
7938,0.45,-0.08,0.33,-0.08,44.85,-29.71,-14.07,-14.08,15.22,704.29,6.59,5093.33
7939,0.86,-0.78,0.89,-56.45,97.52,-63.86,20.89,-34.56,30.86,704.09,16.82,5096.67
7940,0.67,-0.93,1.19,-60.15,123.45,-53.08,24.6,-30.86,24.6,481.97,-0.44,7228.33
7941,0.78,-1.34,1.38,-45.67,93.82,-79.0,24.6,-34.56,32.0,240.72,11.67,10023.33
7942,0.26,-0.41,0.45,-0.74,37.45,-30.37,-10.37,-14.08,16.37,240.92,1.44,10020.0
7943,-0.26,0.52,-0.48,44.19,-18.93,18.26,-63.04,5.26,-4.11,241.02,10.22,10020.0
7944,-0.11,0.74,-0.85,47.89,-26.33,18.26,-63.04,-2.15,-7.82,240.92,6.74,10026.67
7945,0.37,-0.26,-0.03,-22.96,0.41,-30.37,-25.52,-12.67,0.41,412.53,15.27,9808.33
7946,0.26,-0.48,0.37,-41.15,-25.52,-30.37,0.41,-16.37,7.82,591.39,20.23,9301.67
7947,-0.41,0.33,-0.11,0.08,-44.85,40.49,-48.56,6.67,-18.93,591.55,16.97,9285.0
7948,-0.78,0.93,-0.71,56.45,-86.08,63.53,-71.6,16.04,-30.86,609.35,10.04,8576.67
7949,-0.71,0.78,-0.89,86.08,-74.64,45.34,-97.52,23.45,-38.26,685.36,13.56,5826.67
7950,-0.41,0.08,-0.19,52.26,-40.49,4.11,-51.11,0.41,-11.52,685.19,16.82,5830.0
7951,-0.33,0.08,-0.22,66.74,-40.49,18.93,-65.6,1.56,-7.82,672.53,13.41,6330.0
7952,0.26,-0.48,0.48,10.37,30.37,-11.52,-9.22,-14.08,15.22,601.77,8.19,8871.67
7953,-0.15,0.0,0.18,26.0,-29.71,29.71,-44.19,6.41,-0.41,800.08,9.89,7625.0
7954,0.07,-0.26,0.67,-44.85,18.93,-4.44,0.74,-2.97,11.52,623.17,23.64,8048.33
7955,-0.34,0.19,-0.11,-10.7,-51.93,55.63,-29.71,5.26,-4.11,439.16,28.86,8763.33
7956,-0.04,0.0,-0.33,7.48,-40.49,44.85,-15.22,4.11,-7.82,241.12,15.11,10006.67
7957,0.22,-0.14,-0.52,37.11,-55.3,18.93,-25.19,-7.0,-4.11,241.08,13.41,10003.33
7958,0.56,-0.67,0.15,-22.96,-14.07,-41.15,5.26,-15.22,11.52,240.85,6.49,10006.67
7959,0.26,-0.48,0.37,-41.15,-25.52,-30.37,8.96,-7.82,14.08,240.88,16.82,10023.33
7960,-0.52,0.11,0.29,-18.11,-70.78,40.49,-11.52,11.52,-5.26,241.15,22.04,10013.33
7961,-0.86,0.63,-0.38,41.97,-112.01,100.56,-67.89,23.45,-28.3,241.28,20.49,10013.33
7962,-0.64,0.45,-0.56,45.67,-100.56,74.97,-97.52,19.75,-38.26,411.78,13.56,9836.67
7963,-0.22,-0.03,-0.26,30.04,-40.49,33.74,-70.78,4.11,-25.19,411.58,-3.7,9856.67
7964,-0.56,0.19,-0.15,15.22,-51.93,7.82,-48.56,11.52,-21.48,411.65,-9.08,9856.67
7965,-0.37,-0.11,0.33,-4.11,-3.3,-7.82,0.41,-4.11,8.96,427.25,-12.48,9231.67
7966,0.08,-0.15,0.37,-4.11,-18.11,-7.82,0.41,-4.11,8.96,427.25,-12.48,9228.33
7967,0.67,-0.56,0.78,-49.38,41.97,-38.26,24.6,-24.6,24.6,427.15,-12.48,9221.67
7968,0.41,0.07,0.15,-41.15,7.82,-15.22,-24.37,-8.96,-5.85,240.92,-3.7,10023.33
7969,0.11,0.22,-0.0,-66.74,22.63,-33.41,-30.63,-5.26,4.11,240.95,11.82,10020.0
7970,0.15,0.29,-0.07,-55.3,22.63,-47.89,-28.07,-15.22,11.52,240.82,20.45,10026.67
7971,0.22,0.14,0.22,-18.26,26.33,-44.19,-28.07,-15.22,11.52,240.82,20.45,10010.0
7972,0.45,-0.08,0.11,-0.08,11.52,-55.63,-28.07,-22.63,7.82,240.72,16.97,10006.67
7973,-0.04,0.37,-0.48,48.56,-22.63,15.22,-54.82,7.82,-15.22,240.95,8.34,9990.0
7974,0.04,0.19,-0.67,37.11,-40.82,18.93,-25.19,11.52,-5.26,241.08,9.89,10006.67
7975,-0.11,0.08,-0.22,33.41,-3.78,41.15,-25.19,21.48,-12.67,241.05,13.37,10006.67
7976,0.56,-0.45,0.48,-26.67,30.37,-11.52,8.96,-5.26,2.97,489.58,9.97,6971.67
7977,0.82,-0.64,0.89,-86.08,79.0,-60.15,35.71,-20.89,16.04,489.32,13.37,6971.67
7978,0.45,-0.19,0.11,-51.93,8.15,-0.08,11.52,-0.41,0.41,489.58,1.26,6981.67
7979,-0.0,0.08,-0.41,18.93,-40.49,30.37,-18.93,15.22,-11.52,241.08,18.52,10023.33
7980,-0.0,0.08,-0.41,18.93,-40.49,30.37,-28.89,14.08,-15.22,241.02,20.3,10020.0
7981,0.59,-0.19,0.19,-4.11,-6.67,-22.3,-2.15,-16.37,7.82,240.78,34.15,10013.33
7982,0.22,-0.04,0.26,-29.71,-18.11,-26.0,-28.07,-12.67,0.41,240.68,25.67,10020.0
7983,-0.34,0.33,0.07,11.52,-78.19,33.41,-74.48,0.41,-18.93,241.05,25.67,10023.33
7984,-0.56,0.04,0.18,0.41,-70.78,3.78,-67.08,11.52,-22.63,241.08,22.15,10010.0
7985,-0.26,-0.11,0.15,11.52,-59.34,-7.33,-44.85,18.93,-18.93,241.15,16.78,10006.67
7986,-0.04,-0.29,-0.04,15.22,-47.89,-32.92,-18.93,15.22,-11.52,241.08,18.52,9993.33
7987,0.15,-0.03,-0.26,0.74,-55.3,-21.48,-28.89,4.11,-7.82,241.05,16.82,9996.67
7988,0.04,0.37,-0.48,15.22,-40.82,4.11,-21.48,0.41,-1.56,448.05,22.19,8410.0
7989,0.23,0.07,-0.0,-4.11,7.82,-11.52,8.96,-7.82,14.08,653.89,4.93,6871.67
7990,-0.3,0.45,-0.45,55.3,-26.0,37.11,-26.0,12.67,-1.56,654.09,-5.3,6881.67
7991,-0.48,0.19,-0.19,29.71,-51.93,22.63,-44.19,6.41,-0.41,447.06,-12.26,8471.67
7992,-0.26,-0.15,-0.04,18.6,-59.34,-7.0,-51.6,5.26,-4.11,240.92,3.26,10026.67
7993,0.19,-0.41,0.48,-52.26,-10.7,-37.45,-6.67,-11.52,4.11,489.48,1.44,6978.33
7994,0.56,-0.56,0.41,-26.67,0.74,-33.74,7.82,-12.67,0.41,489.55,16.89,6981.67
7995,0.78,-0.26,0.3,-15.56,-6.67,-4.11,11.52,-18.93,1.56,489.65,1.37,6965.0
7996,0.89,-0.33,0.33,21.48,-21.48,-4.11,1.56,-12.67,1.56,240.85,16.89,10020.0
7997,0.59,-0.15,0.55,3.29,-32.92,6.67,5.26,-5.26,4.11,240.88,9.97,10010.0
7998,0.41,-0.34,0.63,-7.82,4.11,-0.74,5.26,-5.26,4.11,465.35,22.01,7805.0
7999,-0.52,0.15,0.15,0.41,-41.15,26.0,-29.71,5.26,-4.11,465.58,8.3,7785.0
8000,0.07,-0.63,0.56,-52.26,11.52,-22.63,-10.37,-11.52,5.26,637.1,8.3,7576.67
8001,-0.67,0.04,-0.0,-32.92,-70.78,11.52,-63.04,7.82,-15.22,412.73,5.04,9791.67
8002,-0.18,-0.41,0.45,-41.15,-10.7,-15.22,-18.11,-1.56,-3.29,412.56,16.97,9811.67
8003,-0.63,0.52,-0.3,4.11,-37.45,15.22,-67.08,11.52,-22.63,421.86,16.97,9436.67
8004,0.0,0.18,0.04,-29.71,22.63,-29.71,-18.11,-1.56,-3.29,614.54,10.0,8388.33
8005,-0.19,0.67,-0.3,15.56,-7.82,-2.96,-63.04,7.82,-15.22,614.71,-1.93,8385.0
8006,0.45,-0.08,0.11,-0.08,11.52,-55.63,-10.37,-11.52,5.26,433.66,-12.26,8981.67
8007,0.48,-0.48,0.34,-11.52,4.11,-44.85,-12.93,-14.08,16.37,240.92,1.44,10036.67
8008,0.86,-1.26,0.79,-93.82,27.15,-79.0,24.6,-24.6,24.6,240.68,15.15,10026.67
8009,0.15,-0.59,0.3,-63.37,7.82,3.3,-5.85,2.15,7.82,240.85,18.56,10006.67
8010,-0.37,0.26,-0.52,-3.3,-18.93,63.37,-30.04,25.19,-18.93,240.98,6.44,9993.33
8011,-0.33,0.23,-0.48,22.63,-18.93,41.15,-26.33,18.93,-17.78,241.08,-0.3,9993.33
8012,-0.48,0.11,-0.22,7.82,-44.85,15.22,-26.33,18.93,-17.78,241.08,-0.3,10000.0
8013,-0.26,-0.15,-0.04,18.6,-59.34,-7.0,-18.93,15.22,-11.52,241.15,6.63,10010.0
8014,-0.3,-0.11,-0.07,-7.33,-59.34,15.22,-18.93,15.22,-11.52,241.15,-2.15,10023.33
8015,0.33,-0.45,0.26,-41.15,0.74,-29.71,5.26,-5.26,4.11,240.88,9.97,10030.0
8016,-0.04,-0.3,0.34,-66.74,-10.7,-33.41,5.26,-5.26,4.11,240.88,9.97,10033.33
8017,-0.71,0.44,-0.22,-21.48,-63.37,0.74,-47.41,14.08,-16.37,240.98,18.75,10026.67
8018,-1.01,0.56,-0.67,27.15,-112.01,71.6,-67.89,23.45,-28.3,241.28,20.49,10026.67
8019,-0.86,0.67,-0.93,41.97,-86.08,97.52,-97.52,19.75,-38.26,241.15,18.93,10026.67
8020,-0.19,-0.07,-0.37,-3.3,-33.41,63.37,-51.11,-3.29,-11.52,240.98,22.19,10030.0
8021,0.15,-0.59,0.3,-63.37,7.82,3.3,-28.07,-12.67,0.41,240.68,20.45,10023.33
8022,0.19,-0.45,0.3,-52.59,7.82,-8.15,-28.07,-12.67,0.41,240.68,20.45,10016.67
8023,-0.3,0.56,-0.52,18.26,-18.93,40.49,-44.85,14.08,-16.37,447.92,17.19,8423.33
8024,-0.71,1.08,-1.19,89.12,-41.97,100.56,-71.6,23.45,-24.6,693.0,3.48,5506.67
8025,-0.26,0.48,-0.59,29.71,-7.82,41.15,-18.93,4.11,-4.11,692.9,-5.3,5496.67
8026,-0.11,0.0,-0.44,18.93,-22.3,52.59,-26.33,7.82,-10.37,668.88,-12.26,6413.33
8027,-0.22,0.34,-0.59,8.15,-26.0,52.59,-37.11,8.96,-10.37,424.03,-12.26,9336.67
8028,-0.19,-0.07,-0.37,-3.3,-33.41,63.37,-37.11,8.96,-10.37,424.03,-12.26,9353.33
8029,-0.15,0.0,-0.33,7.48,-33.41,41.15,-33.41,-2.15,-6.67,241.08,3.18,10020.0
8030,0.63,-0.59,0.41,-15.56,-14.07,-11.52,11.52,-11.52,5.26,240.92,15.11,10023.33
8031,0.89,-0.33,0.33,21.48,-21.48,-4.11,7.82,-7.82,15.22,240.95,30.63,10006.67
8032,0.71,0.07,0.15,21.48,-7.0,6.67,4.11,3.29,11.52,240.92,16.78,10010.0
8033,0.41,0.22,-0.0,-4.11,7.82,-11.52,4.11,3.29,11.52,240.92,16.78,10003.33
8034,0.08,0.29,-0.07,-41.15,22.63,-15.22,4.11,-4.11,7.82,440.23,4.67,8715.0
8035,0.26,-0.11,0.11,-41.15,8.15,-26.0,7.82,-15.22,11.52,440.27,18.52,8711.67
8036,-0.22,0.34,-0.48,7.48,-26.0,44.85,-26.33,4.11,-7.82,440.47,8.18,8701.67
8037,-0.75,0.78,-0.75,60.15,-86.08,89.78,-45.67,30.86,-24.6,241.35,15.11,10003.33
8038,-0.75,0.89,-0.86,34.56,-86.08,86.08,-60.15,32.0,-24.6,488.61,13.37,7003.33
8039,-0.71,1.0,-0.86,27.15,-86.08,74.64,-60.15,32.0,-24.6,716.46,18.75,4676.67
8040,-0.71,1.0,-0.86,27.15,-86.08,74.64,-89.78,28.3,-34.56,716.49,23.93,4676.67
8041,-0.78,1.08,-0.56,64.19,-67.89,74.64,-89.78,28.3,-30.86,469.2,20.45,7676.67
8042,-0.11,0.3,-0.08,41.15,-48.56,3.78,-65.6,7.82,-15.22,241.08,27.19,10010.0
8043,-0.04,0.37,-0.48,48.56,-22.63,15.22,-39.67,4.11,-7.82,241.02,28.93,10010.0
8044,-0.0,0.12,-0.7,26.33,-40.82,41.15,-28.89,14.08,-15.22,424.0,18.7,9343.33
8045,-0.86,0.67,-0.93,41.97,-86.08,97.52,-63.86,24.6,-23.45,424.23,5.0,9336.67
8046,-0.41,0.15,-0.26,-18.11,-51.93,41.15,-37.11,8.96,-10.37,424.03,-12.26,9336.67
8047,-0.45,0.22,-0.19,-21.81,-51.93,4.11,-29.71,5.26,-4.11,241.12,-3.74,10016.67
8048,0.26,-0.45,0.48,-41.15,30.37,-30.04,15.22,-4.11,7.82,240.95,8.19,10030.0
8049,-0.11,0.15,-0.11,4.11,-3.78,-3.29,-26.0,12.67,-1.56,241.08,10.0,10016.67
8050,-0.41,0.3,-0.08,-7.0,-15.22,7.82,-44.19,6.41,-0.41,240.98,1.48,10010.0
8051,-0.82,1.0,-0.64,49.38,-67.89,41.97,-100.56,18.34,-23.45,241.12,-3.48,10003.33
8052,-0.97,0.85,-0.3,56.78,-93.82,60.15,-89.78,28.3,-30.86,241.15,-1.89,10013.33
8053,-0.11,0.3,-0.08,41.15,-48.56,3.78,-44.85,18.93,-18.93,240.98,10.04,10020.0
8054,-0.08,0.04,-0.3,18.93,-66.74,29.71,-33.41,16.37,-7.82,241.02,3.07,10016.67
8055,0.74,-0.52,-0.07,-22.3,-21.48,-29.71,0.74,-2.97,11.52,240.82,13.41,10016.67
8056,0.41,-0.41,0.15,-51.93,-6.67,-0.08,-9.22,-4.11,7.82,467.68,-0.33,7711.67
8057,0.41,-0.41,0.15,-51.93,-6.67,-0.08,-9.22,-4.11,7.82,467.68,-0.33,7725.0
8058,0.22,-0.67,0.37,-37.45,0.74,-11.52,-19.19,-15.22,11.52,467.65,-2.04,7725.0
8059,0.3,-0.63,0.34,-37.45,0.74,-15.22,-12.93,-21.48,12.67,420.82,1.37,9475.0
8060,0.6,-0.75,0.78,-86.08,49.37,-86.08,22.04,-34.56,32.0,420.72,15.08,9471.67
8061,0.38,-0.41,0.63,-74.97,56.78,-56.45,22.04,-34.56,32.0,420.72,15.08,9461.67
8062,0.45,-0.75,0.78,-74.97,49.37,-60.15,18.34,-38.26,38.26,240.65,23.71,10003.33
8063,0.75,-0.93,0.71,-56.78,45.67,-60.15,24.6,-38.26,38.26,484.36,25.45,7121.67
8064,0.89,-0.82,0.75,-82.38,45.67,-78.34,30.86,-34.56,32.0,697.28,15.22,5333.33
8065,1.15,-0.56,0.67,-45.34,38.26,-70.93,38.26,-23.45,28.3,697.31,16.93,5333.33
8066,0.37,0.07,0.15,-14.89,7.82,-0.08,15.22,-4.11,7.82,628.38,11.71,7875.0
8067,-0.26,0.41,-0.34,18.93,-52.26,44.85,-11.52,11.52,-5.26,415.73,27.15,9676.67
8068,-0.89,0.93,-0.71,64.19,-67.89,71.6,-45.67,30.86,-24.6,415.93,16.82,9680.0
8069,-0.82,1.0,-0.64,49.38,-67.89,41.97,-53.08,34.56,-30.86,241.28,8.18,10026.67
8070,-0.52,0.86,-0.67,60.49,-56.45,30.86,-49.37,41.97,-28.3,241.32,1.26,10013.33
8071,-0.52,0.86,-0.67,60.49,-56.45,30.86,-41.97,38.26,-22.04,241.38,8.19,10003.33
8072,0.18,0.19,-0.0,52.26,-37.11,7.82,-7.82,18.93,-2.7,241.18,18.53,10000.0
8073,0.26,0.19,-0.04,66.74,-37.11,22.63,-15.22,22.63,-8.96,241.12,11.6,10010.0
8074,0.82,-0.41,0.08,14.07,-21.48,-33.74,1.56,-4.11,7.82,240.82,13.3,10020.0
8075,0.82,-0.41,0.08,14.07,-21.48,-33.74,-2.15,-11.52,5.26,240.85,-0.44,10020.0
8076,1.15,-1.04,0.75,-30.86,19.75,-93.82,22.04,-41.97,28.3,240.62,8.19,10020.0
8077,1.12,-0.89,0.97,-60.49,34.56,-64.19,32.0,-38.26,20.89,489.38,-3.85,6975.0
8078,1.12,-0.89,0.97,-60.49,34.56,-64.19,25.74,-34.56,30.86,665.23,11.67,6590.0
8079,0.71,-0.26,0.33,-26.34,-6.67,-18.93,8.96,-7.82,14.08,895.7,3.04,4166.67
8080,0.78,-0.37,0.26,-14.89,-21.48,-37.11,5.26,-7.82,15.22,647.0,3.04,7201.67
8081,0.07,0.3,-0.41,-6.67,-40.82,-14.07,-18.93,15.22,-11.52,471.52,1.26,7573.33
8082,0.71,-0.04,0.11,-29.71,-7.0,-29.71,7.82,-0.41,1.56,241.08,11.6,10000.0
8083,0.15,0.26,-0.37,29.71,-40.82,41.15,-18.93,15.22,-11.52,464.37,13.41,7840.0
8084,0.52,-0.33,0.22,-15.56,-6.67,14.41,7.82,-15.22,11.52,463.94,11.71,7850.0
8085,0.52,-0.37,0.0,-22.96,4.44,-3.78,4.11,-18.93,18.93,707.72,15.22,4965.0
8086,0.41,0.04,-0.07,-48.56,18.93,-33.41,4.11,-18.93,18.93,684.89,23.75,5798.33
8087,-0.0,0.71,-0.74,22.3,-15.22,11.52,-22.63,11.52,-4.11,685.12,15.11,5788.33
8088,-0.04,0.71,-0.63,22.3,-15.22,11.52,-26.33,4.11,-7.82,663.49,15.11,6538.33
8089,0.04,0.56,-0.34,59.34,-11.52,15.22,-40.82,5.26,-4.11,463.17,6.59,7881.67
8090,0.52,-0.45,0.48,-11.52,15.22,-33.41,-16.63,-17.78,22.63,463.03,18.7,7878.33
8091,-0.19,0.22,0.11,11.52,-15.22,26.0,-35.97,5.26,5.85,490.86,10.22,6920.0
8092,0.0,-0.26,0.45,-33.74,15.22,-0.74,5.26,-11.52,15.22,490.73,8.41,6916.67
8093,-0.44,0.67,-0.3,11.52,-11.52,29.71,-29.71,1.56,-4.11,490.83,-5.3,6926.67
8094,-0.33,0.37,-0.34,15.22,-26.0,4.11,-47.89,-1.0,-2.97,450.31,-10.67,8343.33
8095,-0.67,0.93,-1.04,38.26,-60.15,56.78,-74.64,14.63,-16.04,450.51,6.59,8340.0
8096,-0.19,-0.03,-0.26,18.93,-33.41,4.11,-39.67,4.11,-7.82,450.28,20.3,8333.33
8097,-0.15,-0.11,-0.33,22.63,-33.41,41.15,-21.48,10.37,-8.96,241.08,27.23,9993.33
8098,0.03,-0.44,-0.18,22.63,-47.89,41.15,-35.97,11.52,-5.26,241.02,11.78,10000.0
8099,0.03,-0.44,-0.18,22.63,-47.89,41.15,-33.41,11.52,-5.26,241.02,11.78,10016.67
8100,0.39,-0.76,0.54,-11.52,0.74,-18.93,-2.96,-4.11,7.82,493.11,3.11,6790.0
8101,0.39,-0.76,0.54,-11.52,0.74,-18.93,-2.96,-4.11,7.82,493.11,3.11,6783.33
8102,-0.02,0.06,0.05,44.85,-22.3,37.45,-51.93,8.96,-11.52,493.31,-3.63,6763.33
8103,-0.49,0.78,-0.75,64.19,-56.45,67.89,-89.78,28.3,-30.86,241.35,8.45,9993.33
8104,-0.67,1.12,-0.9,64.19,-41.97,67.89,-79.0,38.26,-38.26,435.08,18.67,8906.67
8105,-0.6,0.93,-1.08,52.75,-60.15,71.6,-56.78,45.67,-34.56,435.15,13.3,8920.0
8106,-0.49,0.53,-1.0,67.56,-74.64,101.23,-56.78,45.67,-34.56,434.95,2.96,8920.0
8107,-0.56,0.45,-0.6,60.15,-100.56,89.78,-49.37,41.97,-28.3,241.32,1.26,10003.33
8108,-0.64,0.45,-0.56,45.67,-100.56,74.97,-49.37,41.97,-28.3,241.32,1.26,10006.67
8109,-0.26,-0.11,0.15,11.52,-59.34,-7.33,-15.22,22.63,-8.96,241.12,11.6,10003.33
8110,0.26,-0.56,0.41,-41.15,0.74,-52.26,1.56,-4.11,7.82,240.82,13.3,10016.67
8111,0.04,-0.37,0.59,-44.85,-10.7,-26.67,5.26,-15.22,11.52,240.85,27.15,10006.67
8112,-0.48,0.67,-0.26,0.08,-37.45,44.19,-51.11,-3.29,-11.52,240.98,22.19,10020.0
8113,-1.08,1.08,-0.67,45.34,-97.52,74.64,-71.6,16.04,-30.86,241.25,27.41,10016.67
8114,-0.45,0.26,-0.22,18.6,-44.85,3.78,-48.56,-3.29,-11.52,240.98,22.19,10010.0
8115,-0.26,-0.15,-0.04,18.6,-59.34,-7.0,-18.93,0.41,-1.56,241.12,23.75,10006.67
8116,0.33,-0.56,0.37,-26.67,0.74,-37.45,7.82,-15.22,11.52,420.92,9.89,9455.0
8117,-0.08,0.26,-0.11,29.71,-22.3,18.93,-41.15,7.82,-15.22,421.08,6.63,9461.67
8118,-0.3,0.52,-0.3,18.93,-7.82,41.15,-41.15,7.82,-15.22,421.08,6.63,9455.0
8119,-0.74,1.04,-0.97,79.0,-41.97,97.52,-82.38,24.6,-24.6,241.22,5.04,9990.0
8120,-0.85,1.23,-1.34,49.37,-45.67,112.01,-60.15,32.0,-20.89,469.13,5.04,7656.67
8121,-0.82,1.38,-1.34,60.15,-45.67,100.56,-78.34,25.74,-19.75,469.03,-3.48,7660.0
8122,-0.26,0.48,-0.48,26.0,-18.93,18.26,-33.41,16.37,-7.82,468.87,8.45,7660.0
8123,-0.15,0.3,-0.11,55.63,-15.22,3.78,-33.41,16.37,-7.82,241.02,3.07,9996.67
8124,0.03,-0.11,0.07,55.63,-29.71,-7.0,-33.41,16.37,-7.82,241.02,3.07,10010.0
8125,-0.3,0.52,-0.6,100.56,-70.93,53.08,-63.86,24.6,-23.45,241.25,6.59,10026.67
8126,-0.53,0.52,-0.56,70.93,-100.56,67.56,-60.15,13.49,-19.75,420.04,16.93,9523.33
8127,-0.9,0.67,-0.49,45.34,-112.01,63.86,-49.37,23.45,-27.15,592.67,32.37,9260.0
8128,-1.04,1.0,-0.6,19.75,-97.52,56.45,-49.37,23.45,-27.15,592.67,32.37,9256.67
8129,-0.45,0.22,-0.19,-32.92,-44.85,7.82,-28.89,11.52,-4.11,413.75,34.15,9750.0
8130,0.26,-0.45,0.48,-52.26,37.45,-26.33,-4.7,-8.96,11.52,240.88,32.41,10003.33
8131,0.89,-1.19,0.9,-67.89,56.78,-79.0,22.04,-24.6,24.6,240.68,15.15,10003.33
8132,0.56,-0.67,0.23,-7.82,15.56,-18.93,-12.93,-11.52,5.26,240.78,1.44,10013.33
8133,0.74,-0.52,-0.07,-22.3,-21.48,-29.71,-6.67,-17.78,6.41,240.88,-14.08,10010.0
8134,0.04,0.26,-0.48,18.93,-40.82,52.59,-37.11,-2.15,-6.67,476.09,-2.04,7420.0
8135,0.56,-0.07,-0.15,-11.52,-7.0,-29.71,0.41,-12.67,1.56,475.86,9.89,7410.0
8136,0.37,-0.22,0.11,-22.96,0.41,-41.15,18.6,-6.41,0.41,714.7,18.67,4701.67
8137,1.08,-1.0,0.53,-64.19,19.75,-123.45,42.78,-25.74,19.75,667.96,20.38,6410.0
8138,0.45,-0.26,0.11,-48.56,0.41,-70.78,19.74,-16.37,7.82,868.52,16.97,5083.33
8139,-0.04,0.6,-0.71,-3.29,-26.33,-18.11,-39.67,-5.85,-0.41,629.81,10.0,7788.33
8140,-0.52,1.01,-1.01,37.93,-60.15,41.97,-86.08,17.19,-27.15,441.44,5.04,8676.67
8141,-0.04,0.15,-0.15,18.6,-3.78,11.52,-63.04,-2.15,-7.82,240.92,6.74,10006.67
8142,-0.08,0.22,-0.22,44.19,-3.78,29.71,-74.48,0.41,-18.93,240.88,13.71,10003.33
8143,-0.22,0.56,-0.34,18.6,10.7,22.3,-48.56,-3.29,-11.52,441.24,15.27,8656.67
8144,-0.67,1.01,-1.12,63.53,-41.97,82.38,-75.3,16.04,-27.15,686.29,5.04,5743.33
8145,0.07,0.26,-0.37,29.71,-22.63,41.15,-28.89,-7.0,-0.41,686.12,8.3,5743.33
8146,0.74,-0.44,0.19,-4.11,-3.29,-0.08,1.56,-15.22,15.22,485.63,8.3,7083.33
8147,0.56,-0.19,0.44,-22.3,-32.92,-11.52,-20.67,-11.52,4.11,240.92,22.01,10010.0
8148,0.26,-0.04,0.3,-47.89,-18.11,-29.71,-20.67,-1.56,-3.29,240.88,25.49,10023.33
8149,-0.63,0.48,-0.08,-14.07,-63.37,15.22,-65.6,7.82,-15.22,241.05,16.96,10016.67
8150,-0.37,0.22,-0.33,-6.67,-51.93,26.67,-35.97,11.52,-5.26,240.88,18.7,10000.0
8151,-1.01,0.56,-0.67,64.19,-112.01,71.6,-70.93,22.04,-13.49,473.78,20.44,7493.33
8152,-0.71,0.41,-0.71,75.3,-100.56,60.49,-52.75,28.3,-14.63,473.88,28.97,7500.0
8153,-0.75,0.67,-0.49,97.52,-82.38,34.56,-82.38,24.6,-24.6,473.88,20.49,7500.0
8154,-0.6,0.78,-0.75,75.3,-56.45,60.49,-71.6,34.56,-32.0,434.95,15.27,8916.67
8155,0.04,0.45,-0.23,55.96,-22.63,44.85,-54.82,15.22,-11.52,434.75,20.45,8923.33
8156,0.45,-0.37,0.26,-0.41,0.41,-11.52,-5.85,-7.82,15.22,612.57,20.45,8471.67
8157,0.59,-0.63,0.48,-0.41,-14.07,-48.56,1.56,-11.52,21.48,649.1,11.82,7138.33
8158,-0.04,-0.11,0.11,44.85,-29.71,-21.81,-15.22,7.82,1.0,649.3,6.63,7131.67
8159,-0.41,0.45,-0.6,79.0,-70.93,60.49,-52.75,28.3,-14.63,471.52,-0.33,7593.33
8160,-0.41,0.45,-0.6,75.3,-70.93,60.49,-60.15,32.0,-20.89,241.28,-0.33,10013.33
8161,-0.64,0.45,-0.56,45.67,-100.56,74.97,-78.34,25.74,-19.75,241.18,-8.86,10020.0
8162,-0.67,0.52,-0.49,41.97,-100.56,37.93,-89.78,28.3,-30.86,411.78,-7.26,9850.0
8163,-0.67,0.52,-0.49,41.97,-100.56,37.93,-100.56,18.34,-23.45,621.04,-7.26,8180.0
8164,-0.04,-0.29,-0.04,15.22,-47.89,-32.92,-59.34,1.56,-14.08,620.91,-9.08,8176.67
8165,0.56,-0.67,0.37,-29.71,-14.07,-66.74,-6.67,-17.78,6.41,450.18,-12.48,8336.67
8166,1.12,-1.08,0.64,-56.45,19.75,-112.01,28.3,-30.86,25.74,240.78,-0.37,10010.0
8167,1.12,-0.97,0.67,-82.38,19.75,-112.01,46.49,-24.6,24.6,479.63,8.41,7291.67
8168,1.12,-0.97,0.67,-82.38,19.75,-112.01,50.19,-17.19,27.15,479.6,22.15,7291.67
8169,0.33,-0.37,0.59,-59.34,-25.52,-41.15,26.0,5.85,0.41,479.73,10.04,7278.33
8170,-0.22,0.41,-0.3,0.74,-52.26,41.15,-18.93,15.22,-11.52,241.08,18.52,9996.67
8171,-0.78,0.71,-0.78,60.15,-86.08,112.01,-49.37,23.45,-27.15,464.41,6.59,7836.67
8172,-0.56,0.53,-0.97,63.86,-74.64,86.41,-49.37,23.45,-27.15,464.41,6.59,7846.67
8173,-0.34,0.38,-0.89,49.04,-89.12,60.49,-63.86,24.6,-27.15,711.66,4.85,4836.67
8174,-0.0,-0.04,-0.19,4.11,-47.89,0.41,-40.82,12.67,-4.11,719.97,13.37,4545.0
8175,0.63,-0.37,0.33,-15.22,-14.07,-15.22,-16.63,-7.82,11.52,719.7,25.49,4555.0
8176,0.86,-0.75,0.93,-60.49,34.56,-45.67,20.89,-20.89,34.56,472.28,25.49,7565.0
8177,0.82,-0.45,0.67,-74.97,41.97,-56.45,28.3,-17.19,27.15,240.65,28.89,10026.67
8178,-0.04,0.07,0.33,-59.34,-3.3,-15.22,-18.11,-4.11,7.82,240.85,22.15,10016.67
8179,-0.48,0.59,-0.34,0.74,-37.45,41.15,-44.85,18.93,-18.93,240.98,10.04,10006.67
8180,-0.52,0.52,-0.26,-10.7,-37.45,55.63,-52.26,7.82,-15.22,240.95,8.34,10010.0
8181,-0.59,0.48,-0.41,-18.11,-37.45,41.15,-30.04,15.22,-11.52,241.02,2.96,10006.67
8182,-0.41,0.15,-0.26,-18.11,-51.93,41.15,-30.04,15.22,-11.52,241.02,2.96,10003.33
8183,-0.08,0.08,-0.19,18.93,-66.74,44.85,-32.59,22.63,-7.82,416.93,6.44,9621.67
8184,0.26,-0.14,-0.3,33.74,-55.3,70.78,-32.59,22.63,-7.82,599.91,4.85,8955.0
8185,0.29,-0.07,-0.26,44.52,-55.3,48.56,-43.37,12.67,-0.41,599.88,3.26,8971.67
8186,-0.27,0.27,-0.82,78.34,-89.12,79.0,-89.78,28.3,-30.86,424.13,-3.48,9350.0
8187,-0.38,0.67,-0.93,78.34,-63.53,49.37,-100.56,18.34,-23.45,461.93,5.04,7933.33
8188,-0.45,0.86,-0.75,89.78,-45.34,45.67,-100.56,18.34,-23.45,461.96,15.27,7920.0
8189,-0.52,0.86,-0.71,79.0,-45.34,30.86,-70.93,22.04,-13.49,692.26,9.89,5500.0
8190,0.15,0.15,-0.11,30.37,-37.11,-10.37,-35.97,1.56,2.15,471.25,11.6,7580.0
8191,0.71,-0.44,0.0,-22.3,-21.48,-66.74,-1.0,-18.93,17.78,471.02,11.6,7583.33
8192,0.93,-0.74,0.49,-82.38,27.15,-82.38,15.78,-35.71,27.15,467.45,8.19,7708.33
8193,0.75,-0.89,0.78,-67.89,64.19,-71.6,22.04,-32.0,20.89,467.51,-3.85,7718.33
8194,0.6,-1.01,1.19,-97.52,71.6,-71.6,46.49,-22.04,13.49,706.43,-7.11,5006.67
8195,0.15,-0.52,0.89,-52.26,33.74,-30.37,26.0,-1.56,-2.15,719.66,6.63,4548.33
8196,-0.37,0.41,-0.04,-7.33,-22.63,18.26,-26.67,17.78,-22.63,719.76,15.41,4535.0
8197,-0.75,0.86,-0.78,52.75,-63.86,100.56,-97.52,30.86,-41.97,683.6,8.45,5826.67
8198,-0.45,0.67,-1.0,78.34,-74.64,89.78,-93.82,27.15,-35.71,443.76,5.04,8580.0
8199,0.26,-0.11,-0.37,18.93,-55.3,30.37,-47.41,14.08,-16.37,443.56,11.78,8583.33
8200,-0.08,0.11,-0.26,4.11,-66.74,4.44,-25.19,21.48,-12.67,241.05,13.37,10000.0
8201,-0.15,0.3,-0.08,15.56,-48.56,0.74,-28.89,14.08,-15.22,241.02,20.3,10003.33
8202,-0.11,0.33,0.03,41.15,-48.56,18.93,-22.63,7.82,-14.08,241.12,4.78,10016.67
8203,0.07,0.59,-0.23,66.74,-22.63,33.41,-22.63,7.82,-14.08,241.12,4.78,10013.33
8204,0.07,0.59,-0.23,66.74,-22.63,33.41,-22.63,7.82,-14.08,241.12,3.04,10003.33
8205,-0.56,0.93,-0.75,86.08,-56.45,49.04,-45.67,30.86,-24.6,241.35,13.37,10000.0
8206,0.11,0.11,-0.26,44.85,-37.11,-21.81,-15.22,4.11,-7.82,241.18,9.97,10016.67
8207,0.71,-0.44,0.0,-26.0,-21.48,-66.74,7.82,-7.82,15.22,241.02,9.97,10023.33
8208,0.74,-0.52,-0.07,-22.3,-21.48,-29.71,-21.81,-11.52,5.26,443.46,1.44,8600.0
8209,0.07,0.3,-0.56,18.93,-40.82,41.15,-74.48,7.82,-15.22,443.56,10.22,8593.33
8210,-0.15,0.08,-0.37,7.48,-33.41,51.93,-67.08,11.52,-22.63,443.5,5.04,8600.0
8211,-0.41,0.33,-0.11,-7.33,-15.22,40.49,-37.45,15.22,-12.67,459.43,16.97,8016.67
8212,-0.23,-0.07,0.07,-7.33,-29.71,29.71,-7.82,18.93,-2.7,459.57,18.53,8020.0
8213,-0.26,0.33,-0.15,4.11,-22.3,18.93,-17.78,17.78,-6.41,459.5,23.71,8016.67
8214,0.59,-0.19,0.19,-4.11,-6.67,-22.3,5.26,-5.26,4.11,240.88,9.97,10020.0
8215,0.41,0.22,-0.0,-4.11,7.82,-11.52,-24.37,-8.96,-5.85,240.75,8.41,10010.0
8216,0.41,0.22,-0.0,-4.11,7.82,-11.52,-21.81,-18.93,1.56,240.78,4.93,10013.33
8217,-0.03,0.26,-0.04,-4.11,22.63,-11.52,-28.07,-22.63,7.82,408.48,20.45,9968.33
8218,0.67,-0.52,0.6,-45.34,53.08,-70.93,20.89,-45.67,34.56,630.5,28.93,7843.33
8219,0.75,-0.86,0.93,-30.86,75.3,-60.15,18.34,-38.26,38.26,630.6,32.41,7833.33
8220,0.97,-1.19,1.08,-41.97,67.89,-89.78,28.3,-27.15,34.56,462.87,30.63,7875.0
8221,0.67,-1.08,1.12,-71.6,71.6,-75.3,25.74,-19.75,38.26,460.53,16.78,7958.33
8222,0.11,-0.3,0.19,-37.45,15.22,-15.22,8.96,-0.41,17.78,460.73,11.6,7955.0
8223,-0.22,0.34,-0.48,7.48,-26.0,44.85,-17.78,15.22,4.7,461.0,8.19,7958.33
8224,-0.6,0.93,-1.08,52.75,-60.15,71.6,-34.56,34.56,-15.78,241.45,15.12,10000.0
8225,-0.75,0.82,-0.82,37.93,-86.08,45.67,-34.56,34.56,-15.78,241.45,15.12,10016.67
8226,-0.41,0.19,-0.15,-7.0,-44.85,-14.41,-15.22,15.22,4.7,241.25,20.3,10016.67
8227,0.3,-0.48,0.52,-15.22,-25.52,-37.45,1.56,-4.11,25.19,416.86,25.49,9641.67
8228,1.15,-1.04,0.75,-30.86,19.75,-93.82,20.89,-23.45,45.67,416.66,30.67,9621.67
8229,0.93,-0.97,0.63,-19.75,49.38,-71.6,42.78,-30.86,34.56,670.34,25.52,6410.0
8230,0.64,-0.82,0.49,-45.34,64.19,-89.78,42.78,-30.86,34.56,494.53,25.52,6791.67
8231,-0.07,-0.15,-0.0,-14.89,44.85,-7.48,19.74,-18.93,11.52,494.69,27.26,6801.67
8232,-0.56,0.56,-0.48,-6.67,-37.45,26.67,-21.48,7.82,2.15,241.22,27.23,10023.33
8233,-0.26,0.41,-0.34,18.93,-52.26,44.85,-21.48,7.82,2.15,417.03,27.23,9641.67
8234,-0.04,0.15,-0.15,29.71,-66.74,22.63,-47.41,11.52,-5.26,416.93,18.75,9641.67
8235,0.33,0.0,-0.22,55.3,-55.3,26.33,-51.11,4.11,-7.82,416.9,8.41,9621.67
8236,-0.45,0.6,-0.97,78.34,-74.64,79.0,-86.08,17.19,-27.15,241.18,-5.3,10003.33
8237,-0.45,0.6,-0.97,78.34,-74.64,79.0,-60.15,13.49,-19.75,241.28,3.18,10000.0
8238,-0.63,1.01,-1.15,78.34,-60.15,89.78,-74.64,14.63,-16.04,428.48,11.96,9173.33
8239,-0.56,1.08,-1.08,63.53,-60.15,60.15,-74.64,14.63,-16.04,428.48,11.96,9170.0
8240,-0.26,0.48,-0.45,-7.33,-18.93,22.3,-54.15,2.7,7.0,428.31,10.22,9163.33
8241,0.26,-0.56,0.41,-52.26,7.82,-48.56,-19.19,-7.82,15.22,240.82,16.96,10003.33
8242,0.22,-0.48,0.34,-26.67,7.82,-30.37,-8.41,2.15,7.82,240.85,18.56,10010.0
8243,-0.26,0.52,-0.48,44.19,-18.93,18.26,-28.89,14.08,-15.22,241.02,20.3,10030.0
8244,-0.33,0.96,-0.74,29.71,-11.52,29.71,-28.89,4.11,-7.82,241.05,16.82,10023.33
8245,0.34,0.15,-0.26,-11.52,7.82,-41.15,1.56,-22.63,8.96,240.88,13.41,10020.0
8246,0.78,-0.45,0.34,-70.93,41.97,-100.56,22.04,-32.0,20.89,240.58,11.67,10013.33
8247,0.64,-0.56,0.45,-45.34,41.97,-82.38,22.04,-24.6,24.6,240.68,15.15,10006.67
8248,0.11,-0.22,0.11,-14.89,8.15,-0.08,-8.41,2.15,7.82,240.85,18.56,10013.33
8249,0.08,-0.3,0.19,-26.34,8.15,14.41,-5.85,-0.41,18.93,240.98,18.56,10016.67
8250,0.19,-0.26,0.15,-63.37,8.15,10.7,-3.29,-7.82,15.22,240.88,15.08,10030.0
8251,0.08,0.07,-0.04,-63.37,33.74,-18.93,-25.52,-11.52,21.48,483.23,22.01,7183.33
8252,-0.19,0.26,-0.56,-3.3,-14.89,37.45,-44.85,7.82,1.0,483.43,16.82,7166.67
8253,-0.08,0.0,-0.3,22.63,7.33,33.74,-37.45,18.93,-2.7,483.47,18.53,7166.67
8254,0.41,-0.89,0.6,-11.52,22.96,-18.93,11.52,-0.41,17.78,240.98,23.71,10003.33
8255,0.74,-1.41,1.27,-71.6,64.19,-79.0,38.26,-16.04,30.86,240.72,27.12,10013.33
8256,0.37,-0.96,0.49,-37.45,-6.67,-18.93,7.82,-7.82,15.22,240.95,30.63,10020.0
8257,0.56,-0.7,0.26,-51.93,-14.07,-7.48,11.52,-11.52,5.26,240.92,15.11,10010.0
8258,0.11,0.23,-0.48,-6.67,-40.82,22.96,-15.22,4.11,-7.82,241.18,11.71,10006.67
8259,0.07,0.3,-0.41,-10.37,-40.82,-14.07,-11.52,11.52,-5.26,241.22,4.78,9990.0
8260,-0.45,0.67,-0.86,49.04,-74.64,34.56,-41.97,38.26,-22.04,241.38,8.19,9990.0
8261,-0.04,0.15,-0.33,15.22,-40.49,-6.67,-25.19,18.93,-1.56,241.18,13.37,9996.67
8262,0.03,0.15,-0.37,29.71,-40.49,8.15,-43.37,12.67,-0.41,417.83,3.04,9583.33
8263,0.26,-0.11,0.11,-41.15,8.15,-26.0,-19.19,-17.78,22.63,417.6,11.67,9603.33
8264,-0.08,0.26,-0.11,29.71,-22.3,18.93,-43.37,5.26,-4.11,417.73,-0.44,9600.0
8265,0.08,-0.04,0.41,-41.15,26.33,-11.52,-8.41,-5.26,4.11,467.68,-0.44,7725.0
8266,-0.45,0.41,0.14,11.52,-33.74,33.41,-43.37,15.22,-11.52,665.99,1.26,6461.67
8267,-0.59,0.48,-0.23,-10.7,-37.45,59.34,-39.67,4.11,-7.82,666.03,15.11,6468.33
8268,-0.89,1.12,-0.86,34.56,-71.6,82.38,-60.15,13.49,-19.75,439.4,32.37,8753.33
8269,-0.67,0.93,-1.04,38.26,-60.15,56.78,-60.15,13.49,-19.75,450.58,22.04,8336.67
8270,-0.15,0.08,-0.22,-21.81,-33.41,-3.29,-29.71,5.26,-4.11,450.35,18.52,8323.33
8271,0.22,-0.52,0.37,-67.08,0.74,-30.04,-2.96,-10.37,8.96,450.15,1.26,8330.0
8272,0.22,-0.52,0.37,-67.08,0.74,-30.04,-2.96,-10.37,8.96,450.15,1.26,8330.0
8273,-0.15,0.26,-0.08,15.22,-22.3,4.11,-29.71,5.26,-4.11,450.41,-2.15,8326.67
8274,0.15,0.15,-0.11,26.67,-37.11,-10.37,-35.97,1.56,2.15,450.35,9.89,8323.33
8275,0.07,0.48,-0.26,15.56,-22.63,-2.96,-25.19,11.52,-5.26,241.28,20.23,9986.67
8276,0.67,-0.07,-0.0,-55.3,-7.0,-47.89,1.56,-4.11,7.82,241.02,20.23,10000.0
8277,0.07,0.48,-0.26,15.56,-22.63,-2.96,-44.85,18.93,-18.93,241.18,16.97,10003.33
8278,0.07,0.48,-0.26,15.56,-22.63,-2.96,-44.85,18.93,-18.93,240.98,6.63,10020.0
8279,-0.75,1.04,-0.49,56.78,-67.89,56.45,-89.78,28.3,-30.86,241.15,-1.89,10026.67
8280,-0.34,0.33,0.07,0.41,-15.22,22.3,-40.82,15.22,-11.52,240.95,4.85,10036.67
8281,0.13,-0.39,0.87,-18.93,18.93,-8.15,-2.96,-4.11,7.82,493.11,3.11,6790.0
8282,0.8,-1.1,1.39,-45.67,101.23,-56.78,32.0,-14.63,16.04,696.77,13.34,5318.33
8283,0.58,-0.88,1.17,-34.56,79.0,-49.37,32.0,-17.19,27.15,696.9,13.34,5308.33
8284,0.82,-0.82,1.04,-23.45,64.19,-41.97,20.89,-18.34,23.45,444.48,27.19,8548.33
8285,0.97,-0.67,0.74,-37.93,27.15,-52.75,20.89,-18.34,23.45,422.78,32.41,9381.67
8286,1.34,-0.78,0.52,-45.34,12.34,-82.38,20.89,-18.34,23.45,422.78,32.41,9375.0
8287,1.04,-0.63,0.38,-70.93,27.15,-100.56,18.34,-20.89,34.56,422.91,18.7,9365.0
8288,0.52,-0.26,-0.07,-11.52,-6.67,-51.93,-2.15,-11.52,22.63,241.02,18.7,10000.0
8289,-0.15,0.56,-0.56,29.71,-26.0,18.93,-28.89,11.52,-4.11,241.15,6.59,10010.0
8290,-0.6,1.15,-1.15,89.12,-60.15,78.34,-53.08,34.56,-30.86,241.28,8.18,10016.67
8291,-1.0,1.26,-1.04,63.53,-41.97,74.64,-79.0,38.26,-38.26,466.73,6.44,7756.67
8292,-1.19,1.0,-0.78,37.93,-67.89,60.15,-89.78,28.3,-30.86,466.7,4.85,7746.67
8293,-1.19,1.0,-0.78,37.93,-67.89,60.15,-82.38,24.6,-24.6,673.7,10.22,6160.0
8294,-0.67,0.59,-0.37,29.71,-37.45,33.41,-29.71,5.26,-4.11,448.05,-5.3,8403.33
8295,0.23,0.07,-0.0,-4.11,7.82,-11.52,7.82,-7.82,15.22,447.95,8.41,8413.33
8296,0.9,-0.67,0.6,-45.34,27.15,-52.75,24.6,-30.86,25.74,477.2,15.15,7371.67
8297,1.01,-0.63,0.56,-82.38,27.15,-56.45,20.89,-34.56,32.0,676.55,18.56,6086.67
8298,0.45,-0.33,0.08,-33.74,-6.67,14.41,1.56,-15.22,11.52,676.75,13.37,6083.33
8299,-0.19,0.34,-0.48,-3.3,-14.89,37.45,-33.41,1.56,2.15,661.28,8.19,6625.0
8300,-0.71,0.78,-0.75,49.37,-74.97,82.38,-70.93,22.04,-13.49,660.18,18.53,6666.67
8301,-0.71,0.93,-0.71,45.67,-74.97,60.15,-70.93,18.34,-23.45,897.57,8.19,4000.0
8302,-0.93,0.74,-0.49,30.86,-112.01,63.86,-60.15,28.3,-30.86,676.79,1.26,6083.33
8303,-0.41,0.3,-0.22,-21.81,-51.93,18.93,-25.19,15.22,-11.52,698.33,-9.08,5291.67
8304,-0.04,-0.41,0.45,-52.26,-10.7,-41.15,-5.85,2.15,7.82,460.6,6.44,7971.67
8305,0.63,-1.15,1.01,-97.52,41.97,-75.3,28.3,-17.19,27.15,460.4,16.78,7975.0
8306,0.22,-0.48,0.34,-26.67,7.82,-30.37,11.52,2.15,6.67,240.85,23.71,10023.33
8307,0.0,-0.15,0.19,-15.56,15.22,-0.74,18.93,3.29,10.37,446.99,8.19,8468.33
8308,0.19,0.04,-0.15,14.07,7.82,-22.96,11.52,-0.41,17.78,655.32,8.19,6840.0
8309,0.37,-0.37,0.04,14.07,-6.67,-33.74,4.11,3.29,11.52,655.25,1.26,6826.67
8310,0.78,-0.44,-0.03,6.67,-10.37,-51.93,-3.29,-7.82,15.22,671.33,18.52,6243.33
8311,0.56,-0.22,0.08,-11.52,4.44,-40.49,-3.29,-5.26,4.11,462.93,20.3,7861.67
8312,0.86,-0.82,0.71,-82.38,45.67,-78.34,30.86,-24.6,23.45,462.73,30.63,7871.67
8313,0.15,-0.04,0.08,-41.15,15.22,-18.93,7.82,-5.26,4.11,409.32,22.15,9913.33
8314,0.41,-0.22,0.11,-41.15,0.41,-18.93,5.26,-5.26,4.11,591.52,23.89,9295.0
8315,0.37,0.18,-0.11,-29.71,7.82,-29.71,-4.7,-16.37,7.82,591.49,22.19,9291.67
8316,0.19,-0.08,0.15,-55.3,-18.11,-44.19,-19.19,-15.22,11.52,422.91,15.22,9381.67
8317,-0.74,0.41,-0.19,-21.48,-33.74,0.74,-65.6,-2.15,-7.82,466.46,13.48,7756.67
8318,-1.23,0.86,-0.78,27.15,-67.89,71.6,-100.56,18.34,-23.45,466.86,13.48,7770.0
8319,-0.89,0.64,-0.89,41.97,-56.45,97.52,-100.56,18.34,-23.45,466.86,13.48,7766.67
8320,-0.67,0.9,-1.19,49.37,-60.15,112.01,-78.34,25.74,-19.75,469.23,6.74,7683.33
8321,-0.22,0.37,-0.52,-10.7,-26.0,55.63,-43.37,12.67,-0.41,688.68,-1.89,5628.33
8322,-0.33,0.78,-0.6,-25.52,-11.52,26.0,-32.59,22.63,-7.82,688.71,-0.3,5638.33
8323,0.15,-0.19,0.22,-78.19,15.22,-22.63,1.56,3.29,11.52,460.66,4.67,7968.33
8324,0.22,-0.52,0.37,-78.19,7.82,-26.33,1.56,3.29,11.52,240.92,16.78,10023.33
8325,0.33,-0.93,0.45,-63.37,-6.67,3.3,-20.67,-4.11,7.82,443.43,15.19,8593.33
8326,0.59,-0.67,0.37,-26.34,-14.07,10.7,-28.07,-15.22,11.52,443.4,13.48,8596.67
8327,0.82,-0.44,0.19,-14.89,-21.48,-0.08,-28.07,-22.63,7.82,443.3,10.0,8580.0
8328,1.08,-0.63,0.71,-74.97,27.15,-56.45,18.34,-38.26,38.26,240.65,23.71,10000.0
8329,0.86,-0.82,0.89,-86.08,64.19,-63.86,15.78,-28.3,30.86,240.62,27.19,10003.33
8330,0.6,-0.64,0.86,-86.08,79.0,-63.86,18.34,-18.34,23.45,433.46,16.96,8965.0
8331,0.71,-0.9,1.12,-60.15,101.23,-67.56,20.89,-15.78,12.34,433.33,16.96,8971.67
8332,0.82,-0.78,0.67,-74.64,64.19,-89.78,30.86,-14.63,16.04,662.64,15.19,6593.33
8333,0.67,-0.89,0.78,-49.04,64.19,-71.6,28.3,-24.6,23.45,637.56,28.89,7593.33
8334,0.67,-0.89,0.78,-49.04,64.19,-71.6,28.3,-27.15,34.56,637.69,28.89,7593.33
8335,0.34,-0.78,1.0,-23.45,79.0,-41.97,18.34,-38.26,38.26,408.42,27.19,9965.0
8336,0.15,-0.48,0.52,-4.11,30.37,-26.33,-2.15,-18.93,18.93,240.92,28.93,10003.33
8337,0.34,-0.33,0.22,-18.6,-6.67,-37.11,5.26,-15.22,11.52,240.85,27.15,10000.0
8338,0.59,-0.56,0.45,-29.71,15.56,-44.52,5.26,-5.26,4.11,444.71,27.15,8545.0
8339,0.67,-0.56,0.41,-15.22,15.56,-29.71,-20.67,-1.56,-3.29,444.61,18.67,8551.67
8340,0.11,-0.26,-0.07,33.41,-18.26,41.15,-51.11,6.67,-18.93,444.85,22.19,8551.67
8341,-0.04,0.0,-0.33,7.48,-40.49,44.85,-48.56,-3.29,-11.52,440.4,13.56,8718.33
8342,-0.34,0.19,-0.11,-10.7,-51.93,55.63,-37.11,-5.85,-0.41,440.43,6.59,8728.33
8343,-0.52,0.52,-0.26,-10.7,-37.45,55.63,-51.6,-4.7,3.29,440.37,-8.86,8715.0
8344,-0.82,0.97,-0.56,71.6,-67.89,86.08,-70.93,22.04,-13.49,241.25,-1.93,10013.33
8345,-0.04,0.37,-0.48,48.56,-22.63,15.22,-35.97,1.56,2.15,429.58,10.0,9125.0
8346,0.52,-0.52,0.37,14.41,4.11,-67.08,5.26,-15.22,11.52,429.45,16.97,9131.67
8347,0.93,-1.23,0.93,-41.97,56.78,-101.23,32.0,-30.86,24.6,429.18,20.38,9138.33
8348,0.22,-0.56,0.45,-11.52,37.45,-18.93,7.82,-0.41,1.56,240.88,10.04,10006.67
8349,0.37,-0.33,0.08,-7.82,30.04,-18.93,11.52,7.0,4.11,240.85,15.0,10020.0
8350,-0.18,0.45,-0.85,26.33,-26.33,41.15,-22.63,26.33,-15.22,241.05,4.67,10000.0
8351,0.3,0.0,-0.26,-22.3,7.82,-29.71,4.11,5.85,0.41,433.66,3.07,8965.0
8352,-0.41,0.67,-0.74,8.15,-11.52,52.59,-40.82,15.22,-11.52,433.83,-8.86,8958.33
8353,-0.56,0.56,-0.48,-6.67,-37.45,26.67,-37.11,4.11,-7.82,645.37,5.0,7215.0
8354,-0.56,0.56,-0.34,18.93,-37.45,26.67,-33.41,-5.85,-0.41,686.59,5.0,5715.0
8355,0.19,-0.08,0.3,-29.71,-18.11,-44.19,7.82,-22.63,8.96,888.02,20.44,4333.33
8356,1.12,-0.56,0.78,-37.93,27.15,-70.93,30.86,-41.97,28.3,676.25,20.44,6090.0
8357,1.19,-1.0,0.89,-49.04,19.75,-82.38,27.15,-32.0,20.89,442.15,34.15,8645.0
8358,0.82,-0.93,0.97,-60.49,34.56,-64.19,20.89,-25.74,19.75,467.41,16.89,7728.33
8359,0.78,-0.97,0.86,-86.08,34.56,-82.38,24.6,-22.04,13.49,467.48,-0.37,7721.67
8360,0.78,-0.97,0.86,-86.08,34.56,-82.38,24.6,-32.0,20.89,467.51,-3.85,7701.67
8361,0.48,-0.33,0.22,-40.82,0.41,-59.34,-21.81,-18.93,1.56,240.78,4.93,9996.67
8362,-0.11,0.22,-0.04,30.04,-15.22,-14.41,-48.56,-3.29,-11.52,240.98,20.45,9993.33
8363,0.07,0.48,-0.26,15.56,-22.63,-2.96,-48.56,4.11,-7.82,241.08,23.93,10003.33
8364,0.04,0.56,-0.34,41.15,-22.63,15.22,-18.93,7.82,2.15,448.15,23.93,8416.67
8365,-0.19,0.56,-0.3,11.52,-52.26,29.71,-18.93,7.82,2.15,448.15,25.67,8413.33
8366,-0.86,1.19,-0.97,60.15,-60.49,70.93,-67.89,27.15,-18.34,690.63,20.49,5576.67
8367,-0.56,0.48,-0.26,26.33,-26.34,29.71,-48.56,7.82,2.15,669.8,11.71,6368.33
8368,0.08,-0.22,0.26,-0.41,55.96,-18.93,-21.81,-7.82,15.22,669.6,-5.55,6381.67
8369,0.0,-0.22,0.3,-0.41,44.85,10.7,-21.81,-11.52,5.26,427.18,-7.11,9211.67
8370,-0.48,0.22,-0.15,7.82,-15.22,37.45,-41.15,7.82,-15.22,241.08,3.23,10000.0
8371,-1.04,1.01,-1.08,41.97,-71.6,97.52,-93.82,27.15,-35.71,241.18,12.01,10006.67
8372,-0.82,0.75,-0.89,52.75,-86.08,75.3,-71.6,34.56,-32.0,241.25,6.63,10016.67
8373,-0.52,0.78,-0.78,89.78,-56.45,75.3,-79.0,38.26,-38.26,241.18,-0.3,10023.33
8374,0.26,0.19,-0.04,66.74,-37.11,22.63,-32.59,15.22,-11.52,241.02,2.96,10003.33
8375,0.37,-0.11,0.48,32.92,11.52,-7.82,-2.15,-11.52,5.26,240.85,-0.44,10010.0
8376,0.23,-0.26,0.33,32.92,-6.67,-11.52,-24.37,-15.22,1.56,495.65,13.41,6756.67
8377,-0.07,-0.11,0.19,7.33,8.15,-29.71,-18.11,-11.52,-4.7,495.72,1.37,6760.0
8378,0.37,-0.15,0.0,-0.08,-6.67,-29.71,-21.81,-5.26,-5.85,710.87,16.89,4871.67
8379,0.89,-0.78,0.6,-82.38,34.56,-60.15,34.56,-20.89,17.19,455.86,9.97,8131.67
8380,0.56,-0.59,0.23,-37.45,-14.07,-26.33,7.82,-5.26,4.11,456.06,27.23,8138.33
8381,0.11,-0.56,0.41,-30.04,0.74,-26.33,5.26,-5.26,4.11,240.82,27.23,10023.33
8382,-0.26,0.22,-0.04,52.26,-22.3,7.82,-21.48,10.37,-8.96,241.08,27.23,10020.0
8383,0.19,-0.3,0.56,21.81,48.56,-15.22,5.26,-5.26,4.11,465.35,22.01,7808.33
8384,0.37,-0.6,0.67,-15.22,41.15,-22.63,7.82,-5.26,4.11,637.2,16.82,7590.0
8385,0.07,-0.63,0.56,-52.26,11.52,-22.63,7.82,-5.26,4.11,637.2,22.01,7586.67
8386,-0.07,-0.37,0.41,-78.19,-10.7,-18.93,7.82,-5.26,4.11,592.73,13.37,9253.33
8387,-0.04,-0.3,0.52,-52.26,18.93,-18.93,5.26,-7.82,15.22,421.02,18.56,9461.67
8388,0.3,-0.52,0.41,-37.45,30.37,7.0,-24.37,-11.52,5.26,623.46,4.85,8041.67
8389,-0.3,-0.11,-0.0,7.82,-29.71,37.45,-54.82,15.22,-11.52,443.63,4.85,8583.33
8390,-0.86,0.45,-0.71,64.19,-100.56,67.89,-101.23,34.56,-41.97,698.57,6.59,5333.33
8391,-0.89,0.52,-0.63,60.49,-100.56,30.86,-71.6,38.26,-32.0,496.12,15.11,6746.67
8392,-0.56,0.3,-0.74,75.3,-89.12,56.78,-67.89,27.15,-28.3,496.15,28.97,6760.0
8393,-0.0,-0.37,-0.11,18.93,-47.89,4.11,-15.22,4.11,-7.82,241.18,20.49,10010.0
8394,-0.0,-0.37,-0.11,18.93,-47.89,4.11,-15.22,4.11,-7.82,241.18,20.49,10026.67
8395,-0.11,0.04,-0.19,4.11,-33.41,-25.52,-41.15,7.82,-15.22,241.08,12.01,10023.33
8396,-0.6,1.01,-0.97,23.45,-60.15,27.15,-71.6,34.56,-32.0,241.45,16.97,10020.0
8397,-0.52,1.01,-1.01,37.93,-60.15,41.97,-89.78,28.3,-30.86,241.35,8.45,10020.0
8398,-0.15,0.41,-0.41,-7.33,-26.0,15.22,-43.37,12.67,-0.41,461.03,3.07,7968.33
8399,0.56,-0.26,0.26,-15.56,-6.67,-7.82,-9.22,-6.67,18.93,460.63,3.07,7981.67
8400,1.12,-0.6,0.82,-49.38,27.15,-38.26,28.3,-27.15,34.56,460.43,13.3,7968.33
8401,1.15,-0.52,0.89,-12.34,27.15,-52.75,34.56,-34.56,30.86,474.65,11.71,7468.33
8402,0.3,-0.0,0.55,-4.11,4.11,-11.52,4.11,-15.22,11.52,714.75,11.71,4708.33
8403,0.3,-0.0,0.55,-4.11,4.11,-11.52,11.52,-4.11,7.82,909.77,15.19,3583.33
8404,-0.19,0.45,-0.19,18.93,-30.04,59.34,-29.71,16.37,-7.82,675.91,15.19,6131.67
8405,0.37,0.07,0.15,-14.89,7.82,-0.08,-2.96,-10.37,8.96,648.69,3.26,7090.0
8406,-0.26,0.59,-0.23,30.37,-7.82,26.67,-29.71,5.26,-4.11,453.97,-1.93,8221.67
8407,-0.11,0.33,-0.0,26.67,-22.3,-10.37,-29.71,5.26,-4.11,453.97,-1.93,8215.0
8408,-0.08,-0.07,0.07,15.22,-29.71,0.41,-35.97,11.52,-5.26,241.02,11.78,10000.0
8409,0.56,-0.59,0.45,-30.04,-14.07,-26.33,-9.22,-4.11,7.82,435.74,16.96,8868.33
8410,0.41,-0.33,0.22,-26.34,0.41,10.7,-9.22,-4.11,7.82,435.74,16.96,8861.67
8411,-0.11,0.52,-0.6,33.74,-26.33,70.78,-44.19,6.41,-0.41,435.97,3.26,8875.0
8412,-0.67,0.86,-1.15,67.56,-60.15,101.23,-100.56,18.34,-23.45,241.12,-3.48,10013.33
8413,-0.06,0.06,-0.55,3.78,-29.71,33.78,-66.74,5.26,-4.11,496.1,6.85,6720.0
8414,-0.14,-0.02,-0.14,-3.63,-55.63,22.33,-55.96,15.22,-11.52,496.14,8.45,6706.67
8415,0.09,-0.28,0.34,-74.48,-7.0,-11.82,-9.55,-0.41,18.93,496.07,15.19,6696.67
8416,0.26,-0.08,0.48,-33.74,-18.11,2.96,-2.15,-4.11,8.96,240.95,3.04,10006.67
8417,0.26,-0.08,0.48,-33.74,-18.11,2.96,-12.93,-14.08,16.37,240.92,1.44,10010.0
8418,0.15,-0.11,0.52,3.29,-18.11,6.67,-10.37,-14.08,16.37,427.21,-14.08,9215.0
8419,-0.48,0.22,-0.0,22.63,-51.93,22.3,-37.11,1.56,3.29,616.75,-10.67,8288.33
8420,-0.37,0.45,-0.41,40.82,-26.0,22.3,-37.11,1.56,3.29,616.75,-10.67,8301.67
8421,-0.56,0.93,-0.75,86.08,-56.45,49.04,-56.45,20.89,-17.19,430.66,-0.33,9100.0
8422,0.04,0.56,-0.34,41.15,-22.63,15.22,-33.41,8.96,5.85,241.15,11.78,10020.0
8423,0.22,0.15,-0.15,41.15,-37.11,4.44,-33.41,8.96,5.85,241.15,11.78,10023.33
8424,0.68,-0.57,0.08,-44.85,-10.37,-37.08,-17.78,-10.37,26.33,496.04,13.59,6716.67
8425,0.46,-0.8,0.27,-56.3,-2.96,-26.3,-17.78,-10.37,26.33,496.04,13.59,6720.0
8426,0.24,-0.54,0.08,-67.08,11.52,-4.08,-7.0,-0.41,18.93,496.07,15.19,6706.67
8427,-0.03,-0.3,0.19,-26.34,15.22,10.7,-5.85,-7.82,15.22,240.88,15.08,10003.33
8428,-0.7,0.45,-0.37,18.93,-37.45,44.85,-54.82,7.82,-15.22,240.95,8.34,10003.33
8429,-0.63,0.52,-0.3,4.11,-37.45,15.22,-54.82,7.82,-15.22,240.95,8.34,10016.67
8430,-0.19,0.48,-0.26,4.11,-52.26,15.22,-44.85,18.93,-18.93,240.98,10.04,10030.0
8431,0.0,0.74,-0.52,29.71,-26.33,29.71,-15.22,22.63,-8.96,448.05,10.04,8440.0
8432,0.02,0.38,-0.47,51.89,-15.22,63.04,-4.11,18.93,-2.7,701.61,23.71,5160.0
8433,-0.35,0.31,-0.28,26.3,-15.22,33.41,-11.52,18.93,4.7,952.84,23.64,2025.0
8434,-0.39,0.16,-0.28,15.52,-15.22,44.85,-11.52,18.93,4.7,745.9,25.19,3611.67
8435,0.04,-0.41,0.41,-51.93,0.41,-18.93,4.11,-7.82,21.48,492.11,20.16,6878.33
8436,0.41,-0.33,0.22,-26.34,0.41,10.7,4.11,-11.52,21.48,240.95,22.01,10000.0
8437,0.97,-1.23,1.08,-60.49,27.15,-71.6,20.89,-28.3,30.86,240.62,27.19,10003.33
8438,1.15,-1.04,0.75,-30.86,19.75,-93.82,20.89,-20.89,34.56,240.72,30.67,9996.67
8439,0.48,-0.78,0.15,2.96,4.11,-41.15,-5.85,-8.96,15.22,485.66,16.96,7083.33
8440,-0.15,0.04,-0.3,22.3,-26.33,29.71,-26.33,11.52,-0.41,725.83,15.19,4326.67
8441,-0.93,0.63,-0.38,45.34,-71.6,100.56,-49.37,23.45,-23.45,726.0,16.93,4333.33
8442,-0.49,0.07,0.33,0.41,-48.56,18.26,-25.19,14.08,-15.22,480.92,30.63,7246.67
8443,-0.37,0.3,-0.08,26.0,-44.85,18.26,-51.11,6.67,-18.93,240.95,25.67,9996.67
8444,-0.15,0.3,-0.11,55.63,-15.22,3.78,-47.41,14.08,-16.37,240.98,18.75,9990.0
8445,0.0,0.52,-0.48,59.34,-22.63,3.78,-47.41,11.52,-5.26,241.12,18.75,10000.0
8446,0.48,-0.48,0.34,-11.52,4.11,-44.85,5.26,-7.82,15.22,431.63,20.3,9041.67
8447,1.08,-1.04,0.6,-82.38,19.75,-89.78,22.04,-24.6,24.6,613.5,27.23,8423.33
8448,0.22,-0.48,0.37,-66.74,-25.52,-33.41,5.26,-5.26,4.11,613.7,27.23,8420.0
8449,0.15,-0.15,0.22,-66.74,-18.11,-29.71,-1.0,-1.56,14.08,423.11,32.41,9381.67
8450,-0.45,0.22,-0.19,-21.81,-51.93,4.11,-17.78,15.22,4.7,241.25,25.49,10013.33
8451,0.26,-0.45,0.48,-41.15,30.37,-30.04,8.96,-0.41,17.78,240.98,23.71,10016.67
8452,-0.11,0.15,-0.11,4.11,-3.78,-3.29,-7.82,18.93,-2.7,241.18,18.53,10023.33
8453,0.28,-0.24,0.54,-26.33,44.85,-26.33,22.63,3.29,10.37,493.27,9.86,6783.33
8454,-0.43,0.43,-0.13,-7.0,-37.45,7.82,-4.11,18.93,-2.7,493.54,6.45,6790.0
8455,-0.28,0.09,-0.02,18.6,-51.93,15.22,-22.3,12.67,-1.56,493.44,-2.07,6786.67
8456,-0.37,0.22,-0.22,-7.33,-51.93,18.93,-26.0,12.67,-1.56,241.08,10.0,10020.0
8457,0.33,-0.56,0.37,-26.67,0.74,-37.45,-2.96,-10.37,8.96,240.85,-0.33,10010.0
8458,0.26,-0.37,0.56,-15.22,18.93,-41.15,15.22,-4.11,7.82,240.95,8.19,9996.67
8459,0.41,-0.67,0.45,10.7,41.15,-44.85,5.26,-15.22,11.52,487.2,6.49,7038.33
8460,-0.23,0.15,-0.0,37.45,-11.52,26.0,-35.97,1.56,2.15,685.45,20.23,5785.0
8461,-0.15,0.07,-0.3,0.41,-29.71,26.0,-54.15,-4.7,-0.41,932.67,25.41,2791.67
8462,0.03,0.3,-0.12,11.52,-66.74,33.41,-44.19,6.41,-4.11,686.42,27.12,5760.0
8463,0.26,0.3,-0.15,41.15,-37.11,18.93,-33.41,16.37,-11.52,488.34,16.78,7006.67
8464,0.11,0.52,-0.15,41.15,-22.63,15.22,-18.93,15.22,-11.52,241.08,18.52,10000.0
8465,-0.11,0.22,-0.04,30.04,-15.22,-14.41,-26.33,11.52,-4.11,241.15,20.3,9993.33
8466,0.19,-0.22,0.26,-52.26,15.22,-44.85,0.41,-18.93,18.93,240.92,28.93,10003.33
8467,0.45,-0.86,0.89,-60.49,49.37,-67.89,20.89,-38.26,38.26,408.42,27.19,9968.33
8468,0.43,-0.62,0.91,-60.49,56.78,-45.67,32.0,-34.56,30.86,660.71,13.34,6731.67
8469,-0.17,-0.21,0.5,-15.22,-3.3,-15.22,5.26,-4.11,7.82,660.94,4.7,6725.0
8470,-0.02,-0.1,0.39,-40.82,-3.3,-33.41,5.26,3.29,11.52,493.27,-9.0,6763.33
8471,-0.52,0.67,-0.48,-14.07,-37.45,15.22,-32.59,22.63,-7.82,468.97,-1.89,7663.33
8472,-0.03,0.22,-0.04,-22.3,22.63,-11.52,-5.85,2.15,7.82,468.7,10.22,7663.33
8473,-0.67,0.56,-0.37,11.52,-37.45,33.41,-22.63,21.48,-12.67,468.9,18.75,7663.33
8474,-0.78,0.37,0.03,11.52,-63.37,33.41,-33.41,11.52,-5.26,439.13,23.71,8746.67
8475,-0.56,0.15,0.26,0.41,-41.15,26.0,-35.97,8.96,5.85,439.26,23.71,8746.67
8476,-0.23,-0.07,0.15,15.22,-29.71,51.93,-39.67,1.56,3.29,439.23,30.63,8756.67
8477,0.3,-0.48,0.41,-26.0,52.59,7.0,-2.15,-7.82,15.22,482.27,20.3,7215.0
8478,-0.19,0.37,-0.45,-6.67,-3.78,37.45,-18.93,11.52,-5.26,482.47,15.11,7225.0
8479,-0.52,0.59,-0.34,-21.48,-15.22,11.52,-44.85,15.22,-12.67,673.97,15.11,6218.33
8480,-0.89,1.15,-0.93,12.34,-71.6,38.26,-71.6,34.56,-32.0,432.85,15.11,9016.67
8481,-1.04,1.0,-0.6,19.75,-97.52,56.45,-75.3,27.15,-34.56,611.57,18.52,8506.67
8482,-0.15,0.48,-0.23,-14.07,-52.26,11.52,-18.93,15.22,-11.52,419.84,15.0,9513.33
8483,0.52,-0.22,0.33,-47.89,-32.92,-29.71,5.26,-7.82,15.22,419.71,27.12,9516.67
8484,0.52,-0.22,0.33,-47.89,-32.92,-29.71,8.96,-0.41,17.78,240.98,23.71,10016.67
8485,-0.04,0.08,-0.15,0.74,-66.74,41.15,-17.78,15.22,4.7,241.25,20.3,10003.33
8486,-0.86,0.63,-0.38,41.97,-112.01,100.56,-64.19,30.86,-25.74,241.32,13.56,9990.0
8487,-0.86,0.63,-0.38,41.97,-112.01,100.56,-67.89,23.45,-28.3,241.28,20.49,9990.0
8488,-0.49,0.07,0.33,7.82,-70.78,18.26,-44.85,0.41,-17.78,241.05,18.93,9996.67
8489,-0.34,0.22,-0.0,0.41,-44.85,0.08,-33.41,-2.15,-6.67,241.08,11.96,10003.33
8490,0.33,-0.52,0.15,-26.33,37.45,-48.56,-12.93,-21.48,12.67,487.1,6.74,7045.0
8491,-0.22,0.37,-0.71,7.82,10.7,33.74,-35.97,1.56,2.15,487.33,8.3,7041.67
8492,-0.22,0.37,-0.71,7.82,10.7,33.74,-25.19,11.52,-5.26,487.57,20.23,7035.0
8493,-0.71,0.86,-1.12,52.75,-41.97,93.82,-49.37,30.86,-20.89,486.33,10.0,7076.67
8494,0.0,0.19,-0.63,22.3,-22.63,11.52,-26.33,7.82,-10.37,486.1,-0.33,7086.67
8495,0.0,0.19,-0.63,22.3,-22.63,11.52,-26.33,7.82,-10.37,486.1,-0.33,7086.67
8496,0.41,-0.33,0.04,-48.56,0.41,-48.56,0.41,-1.56,-2.15,241.02,13.37,10003.33
8497,0.48,-0.26,0.3,-41.15,0.41,-18.93,-3.29,-5.26,4.11,240.95,25.41,9996.67
8498,1.0,-1.12,1.15,-60.49,56.78,-49.37,20.89,-25.74,19.75,444.38,23.71,8541.67
8499,0.41,-0.34,0.74,-7.82,4.11,-0.74,-2.15,-16.37,7.82,444.68,25.45,8541.67
8500,0.11,-0.19,0.74,-7.82,18.93,-18.93,1.56,-16.37,7.82,678.75,15.22,6000.0
8501,0.26,-0.04,0.44,-22.3,-18.11,-29.71,7.82,-22.63,8.96,474.95,3.18,7451.67
8502,0.37,0.18,0.04,-4.11,7.82,-29.71,4.11,-11.52,5.26,474.92,-10.67,7461.67
8503,0.6,-0.04,-0.22,-11.52,-7.0,-41.15,0.41,-1.56,-2.15,240.82,1.26,9996.67
8504,0.6,-0.04,-0.22,-11.52,-7.0,-41.15,-5.85,4.7,-3.29,422.91,18.52,9378.33
8505,1.01,-0.71,0.45,-82.38,27.15,-86.08,24.6,-22.04,13.49,422.75,15.11,9368.33
8506,0.75,-0.56,0.63,-112.01,41.97,-60.15,28.3,-28.3,14.63,602.85,4.78,8833.33
8507,0.22,-0.19,0.19,-52.59,8.15,-11.52,-6.67,-17.78,6.41,420.88,-10.67,9465.0
8508,-0.0,0.08,-0.3,18.26,-40.49,22.63,-29.71,5.26,-4.11,421.12,-0.33,9468.33
8509,-0.6,0.49,-0.71,63.53,-100.56,53.08,-52.75,28.3,-14.63,241.35,6.6,10006.67
8510,-0.37,0.22,-0.22,-7.33,-51.93,18.93,-15.22,7.82,1.0,241.15,16.82,10006.67
8511,-0.26,-0.08,0.3,-41.15,-3.3,-11.52,7.82,-15.22,11.52,240.92,6.49,10016.67
8512,0.67,-0.56,0.78,-49.38,41.97,-38.26,27.15,-41.97,28.3,240.62,8.19,10020.0
8513,0.15,-0.11,0.52,3.29,-18.11,6.67,4.11,-22.63,8.96,240.88,13.41,10013.33
8514,0.3,-0.0,0.55,3.29,-18.11,-11.52,4.11,-26.33,15.22,474.88,15.22,7458.33
8515,0.07,-0.3,0.67,-7.82,-10.7,-41.15,1.56,-16.37,7.82,474.85,18.7,7455.0
8516,0.3,-0.48,0.48,-4.11,0.74,-66.74,-2.15,-5.26,4.11,474.82,4.85,7455.0
8517,-0.34,-0.15,-0.0,4.11,-59.34,-21.81,-32.59,25.19,-18.93,413.58,20.3,9746.67
8518,-0.45,0.22,-0.19,-21.81,-51.93,4.11,-22.63,26.33,-15.22,413.65,18.52,9756.67
8519,-0.56,0.59,-0.41,-25.52,-37.45,29.71,-22.63,26.33,-15.22,641.5,23.89,7423.33
8520,0.08,0.26,-0.07,-59.34,22.63,-15.22,7.82,-0.41,1.56,468.73,6.63,7670.0
8521,-0.37,0.78,-0.74,0.74,-11.52,41.15,-26.33,18.93,-17.78,662.63,4.93,6580.0
8522,0.3,0.0,-0.26,-22.3,7.82,-29.71,0.41,-1.56,-2.15,434.52,9.89,8906.67
8523,0.34,-0.41,-0.03,-33.74,0.41,-18.93,4.11,5.85,0.41,434.48,23.64,8913.33
8524,0.48,-0.48,0.34,-11.52,4.11,-44.85,4.11,5.85,0.41,240.78,15.0,9993.33
8525,0.52,-0.45,0.48,-29.71,4.11,-33.41,1.56,5.85,0.41,422.98,18.52,9375.0
8526,0.74,-0.22,0.3,-18.26,-3.29,-44.19,-2.15,-1.56,-2.15,423.01,4.78,9365.0
8527,1.38,-0.74,0.67,-63.53,12.34,-70.93,28.3,-28.3,14.63,422.85,1.37,9365.0
8528,1.15,-0.97,0.86,-74.97,19.75,-60.15,28.3,-30.86,25.74,240.78,-0.37,9983.33
8529,0.45,-0.19,0.22,-15.56,0.41,-0.74,-12.93,-14.08,16.37,240.92,1.44,10000.0
8530,0.0,-0.15,0.19,-15.56,15.22,-0.74,-19.19,-10.37,26.33,240.95,16.96,9996.67
8531,-0.3,0.45,-0.45,55.3,-26.0,37.11,-54.15,2.7,7.0,241.05,3.26,10010.0
8532,0.22,-0.59,0.41,10.37,0.74,-33.74,-12.93,-14.08,16.37,240.92,1.44,10010.0
8533,0.33,-0.52,0.37,-15.22,22.96,-37.45,-10.37,-10.37,8.96,482.17,-10.67,7225.0
8534,0.89,-0.89,0.71,-56.45,67.89,-86.08,30.86,-23.45,28.3,725.79,4.78,4343.33
8535,0.82,-0.45,0.45,-70.93,75.3,-74.64,30.86,-23.45,28.3,725.79,4.78,4336.67
8536,0.22,-0.08,0.04,-37.11,-7.0,-44.19,-6.67,-14.08,16.37,484.63,3.18,7121.67
8537,-0.52,0.7,-0.48,4.11,-37.45,15.22,-59.34,1.56,-14.08,240.98,-5.3,10003.33
8538,-1.0,0.93,-0.86,74.97,-86.08,56.45,-112.01,24.6,-34.56,495.95,11.96,6750.0
8539,-0.11,0.41,-0.48,41.15,-40.82,11.52,-74.48,14.08,-26.33,495.72,25.67,6760.0
8540,-0.22,0.19,-0.08,22.96,-66.74,11.52,-48.56,10.37,-18.93,674.58,30.63,6253.33
8541,-0.04,0.08,-0.15,0.74,-66.74,41.15,-18.93,10.37,-8.96,419.71,30.63,9496.67
8542,-0.26,-0.15,0.04,-10.7,-59.34,51.93,-21.48,0.41,-1.56,630.37,25.45,7785.0
8543,0.3,-0.52,0.23,-51.93,0.74,-7.48,-1.0,-11.52,21.48,451.45,27.23,8291.67
8544,0.33,-0.45,0.26,-41.15,0.74,-29.71,-8.41,-7.82,15.22,451.52,13.37,8305.0
8545,0.15,-0.15,0.15,-4.11,8.15,-22.3,-2.15,-4.11,8.96,240.95,3.04,10006.67
8546,-0.26,0.37,-0.37,29.71,-26.0,18.93,-22.63,7.82,-14.08,241.12,4.78,9993.33
8547,0.3,0.04,0.18,-4.11,7.82,-11.52,1.56,-12.67,1.56,240.85,16.89,10000.0
8548,0.11,0.34,-0.3,15.22,-40.82,4.11,-28.89,14.08,-15.22,241.02,20.3,10006.67
8549,0.52,-0.19,0.37,7.0,-6.67,-37.11,-2.15,-5.26,4.11,474.82,4.85,7471.67
8550,0.3,-0.48,0.48,-4.11,0.74,-66.74,4.11,-11.52,5.26,474.92,-1.89,7458.33
8551,0.22,-0.15,0.33,-15.22,15.22,-59.34,7.82,-22.63,8.96,474.95,11.96,7465.0
8552,0.48,-0.33,0.22,-40.82,0.41,-59.34,4.11,-22.63,8.96,240.88,22.19,10020.0
8553,0.15,0.41,-0.56,-21.48,-40.82,-2.96,-37.11,-5.85,-4.11,488.34,28.93,7020.0
8554,-0.0,0.26,-0.23,-14.07,-66.74,15.22,-37.11,-5.85,-4.11,488.34,28.93,7006.67
8555,-0.23,0.04,-0.04,-25.52,-59.34,26.0,-33.41,-2.15,-10.37,679.02,27.23,6035.0
8556,-0.41,0.33,-0.11,0.08,-44.85,40.49,-44.85,0.41,-17.78,431.67,20.49,9041.67
8557,-0.41,0.33,-0.11,0.08,-44.85,40.49,-70.78,4.11,-25.19,431.73,18.75,9058.33
8558,-0.19,0.56,-0.3,11.52,-52.26,29.71,-67.08,11.52,-22.63,241.08,18.75,10023.33
8559,0.48,-0.26,0.19,-29.71,-32.92,-41.15,-10.7,-0.41,0.41,240.95,23.71,10013.33
8560,1.08,-1.04,0.6,-82.38,19.75,-89.78,38.26,-13.49,19.75,240.58,23.71,10003.33
8561,0.89,-1.3,0.82,-67.89,27.15,-101.23,30.86,-17.19,27.15,240.65,28.89,10000.0
8562,0.26,-0.56,0.41,-52.26,7.82,-48.56,-25.52,-5.26,4.11,421.73,25.49,9420.0
8563,0.26,-0.56,0.41,-52.26,7.82,-48.56,-18.11,-4.11,7.82,421.8,20.3,9430.0
8564,0.15,-0.19,0.22,-78.19,15.22,-22.63,-10.7,-0.41,0.41,421.73,18.53,9433.33
8565,0.52,-0.78,0.82,-123.45,49.37,-49.37,45.67,-12.34,23.45,240.65,21.93,10023.33
8566,0.45,-0.45,0.67,-123.45,56.78,-45.67,38.26,-23.45,27.15,240.62,23.64,10020.0
8567,0.71,-0.6,0.49,-93.82,41.97,-71.6,30.86,-27.15,34.56,240.68,25.41,10006.67
8568,0.97,-0.74,0.3,-64.19,27.15,-97.52,20.89,-28.3,30.86,240.62,27.19,10000.0
8569,1.27,-0.85,0.27,-52.75,12.34,-112.01,18.34,-18.34,23.45,240.58,30.67,9990.0
8570,1.27,-0.85,0.27,-52.75,12.34,-112.01,22.04,-22.04,13.49,240.55,15.15,10003.33
8571,0.41,-0.3,0.04,-37.11,-32.92,-55.63,5.26,-5.26,4.11,240.88,15.15,10006.67
8572,-0.26,0.41,-0.52,-3.29,-52.26,-14.41,-15.22,4.11,-7.82,241.18,16.89,10003.33
8573,-0.97,1.08,-1.01,27.15,-71.6,67.89,-56.45,20.89,-17.19,241.32,18.7,9990.0
8574,-0.89,1.12,-0.86,34.56,-71.6,82.38,-86.08,17.19,-27.15,241.18,11.96,9990.0
8575,-0.48,0.59,-0.34,0.74,-37.45,41.15,-55.63,8.96,-11.52,240.95,8.45,10000.0
8576,-0.0,0.14,0.26,-47.89,-3.3,-29.71,-14.41,-7.82,-2.15,240.82,6.63,10010.0
8577,0.22,-0.04,0.08,-44.19,8.15,-55.3,15.22,-4.11,7.82,240.95,8.19,10003.33
8578,0.33,-0.37,0.3,-29.71,30.37,-44.52,11.52,-11.52,5.26,465.45,6.49,7791.67
8579,0.07,-0.18,-0.11,29.71,-18.26,4.11,-18.93,15.22,-11.52,681.75,6.49,5871.67
8580,0.63,-0.59,0.15,2.96,15.56,-41.15,7.82,-0.41,1.56,681.48,9.89,5888.33
8581,0.59,-0.59,0.26,2.96,15.56,-41.15,1.56,3.29,11.52,457.05,13.37,8096.67
8582,0.93,-1.23,0.93,-41.97,56.78,-101.23,35.71,-16.04,30.86,240.72,27.12,10006.67
8583,0.56,-1.12,1.15,-34.56,71.6,-71.6,28.3,-27.15,34.56,240.68,25.41,9996.67
8584,0.75,-0.97,0.86,-49.04,34.56,-82.38,28.3,-27.15,34.56,240.68,25.41,10006.67
8585,0.78,-0.86,0.82,-49.04,64.19,-60.15,24.6,-34.56,32.0,465.18,23.71,7805.0
8586,0.89,-0.82,0.78,-86.08,64.19,-63.86,22.04,-24.6,24.6,465.15,27.19,7815.0
8587,0.07,-0.26,0.56,-44.85,18.93,-4.44,-12.93,-11.52,5.26,465.25,13.48,7818.33
8588,-0.07,-0.0,0.41,-70.78,-3.3,-0.74,-9.22,-4.11,7.82,240.75,15.19,10026.67
8589,-0.48,0.67,-0.26,0.08,-37.45,44.19,-33.41,16.37,-7.82,241.02,3.07,10010.0
8590,0.15,-0.15,0.19,-26.67,15.22,-26.67,1.56,3.29,11.52,438.03,10.04,8788.33
8591,0.45,-0.26,0.15,2.96,11.52,-41.15,-5.85,-7.82,15.22,660.18,13.56,6663.33
8592,0.41,-0.41,0.15,-7.82,11.52,-29.71,1.56,-11.52,21.48,660.25,20.49,6670.0
8593,0.45,-0.3,0.22,-7.82,41.15,-7.48,11.52,-7.82,14.08,647.31,23.75,7170.0
8594,0.22,-0.41,0.19,33.48,14.41,63.37,-11.52,11.52,-5.26,682.69,18.64,5961.67
8595,0.41,-0.74,0.34,33.48,-0.08,63.37,-18.93,15.22,-11.52,682.62,11.71,5971.67
8596,-0.19,0.04,-0.59,67.63,-56.45,123.45,-75.3,27.15,-34.56,712.41,11.71,4846.67
8597,0.07,0.19,-0.45,33.74,-40.82,70.78,-44.85,18.93,-18.93,454.88,13.3,8190.0
8598,0.63,-0.11,0.04,-14.89,-7.0,-0.08,-10.7,-0.41,0.41,454.68,20.23,8183.33
8599,1.12,-0.56,0.63,-63.53,27.15,-70.93,41.97,-19.75,20.89,240.68,8.19,10013.33
8600,0.48,-0.04,0.26,-18.26,11.52,-44.19,7.82,-0.41,1.56,240.88,-2.15,10000.0
8601,0.19,0.07,0.3,-29.71,26.33,-29.71,4.11,-7.82,-1.0,240.92,-12.48,9993.33
8602,-0.08,0.26,-0.11,29.71,-22.3,18.93,-48.56,11.52,-21.48,241.02,-3.7,9993.33
8603,-0.0,0.08,-0.3,18.26,-40.49,22.63,-70.78,4.11,-25.19,240.95,1.67,10000.0
8604,-0.23,0.34,-0.78,89.12,-89.12,56.78,-97.52,19.75,-38.26,241.15,1.67,9993.33
8605,0.07,-0.15,-0.37,89.19,-70.93,79.0,-71.6,16.04,-30.86,498.55,5.04,6663.33
8606,0.52,-0.41,0.15,18.34,-22.3,48.56,-15.22,-3.29,-11.52,747.15,-3.74,3618.33
8607,0.3,-0.15,-0.04,7.56,-7.82,70.78,-41.15,0.41,-18.93,960.95,8.3,1791.67
8608,-0.0,0.45,-0.56,-18.11,-26.0,44.85,-55.63,1.56,-18.93,950.9,11.67,2125.0
8609,-0.52,0.71,-1.04,38.26,-74.64,60.49,-89.78,28.3,-34.56,702.37,15.08,5166.67
8610,-0.0,-0.15,-0.22,-21.81,-47.89,0.41,-43.37,15.22,-15.22,488.27,18.56,6993.33
8611,0.22,-0.52,0.37,-67.08,0.74,-30.04,-2.15,-1.56,-2.15,240.82,3.04,9993.33
8612,0.52,-0.78,0.82,-123.45,49.37,-49.37,24.6,-32.0,20.89,240.58,11.67,10000.0
8613,-0.15,-0.04,0.26,-78.19,-3.3,-15.22,0.41,-11.52,5.26,413.45,13.41,9756.67
8614,-0.37,0.22,-0.22,-7.33,-51.93,18.93,-30.04,15.22,-11.52,629.75,13.41,7840.0
8615,-0.48,0.19,-0.19,29.71,-51.93,22.63,-22.63,26.33,-15.22,629.78,15.11,7830.0
8616,-0.33,0.3,-0.45,44.52,-26.0,48.56,-44.85,18.93,-18.93,457.12,6.63,8093.33
8617,0.15,-0.11,-0.15,3.29,7.82,-11.52,-18.11,-4.11,7.82,240.85,22.15,10003.33
8618,0.34,-0.41,-0.03,-33.74,0.41,-18.93,-25.52,-15.22,11.52,240.82,20.45,10006.67
8619,1.12,-1.04,0.49,-64.19,30.86,-89.78,27.15,-30.86,41.97,484.46,28.93,7118.33
8620,0.93,-1.23,0.82,-93.82,38.26,-67.56,24.6,-30.86,41.97,484.46,28.93,7118.33
8621,0.89,-0.82,0.6,-82.38,45.67,-78.34,32.0,-19.75,38.26,658.32,18.7,6826.67
8622,0.15,-0.04,0.08,-41.15,15.22,-18.93,5.26,-7.82,15.22,414.77,18.7,9698.33
8623,0.11,0.37,-0.15,-29.71,22.63,-29.71,7.82,-7.82,15.22,414.77,18.7,9718.33
8624,0.41,0.22,-0.0,-4.11,7.82,-11.52,-2.15,-18.93,18.93,240.92,28.93,10003.33
8625,0.93,-0.82,0.86,-49.04,34.56,-82.38,20.89,-38.26,38.26,240.65,23.71,10000.0
8626,0.59,-0.63,0.48,-4.11,-14.07,-48.56,-2.15,-26.33,15.22,240.82,25.45,9983.33
8627,0.3,-0.48,0.34,-29.71,0.74,-66.74,0.41,-16.37,7.82,433.66,15.22,8948.33
8628,-0.41,0.3,-0.26,-10.37,-51.93,-10.37,-37.11,4.11,-7.82,433.86,5.0,8955.0
8629,0.22,-0.04,0.04,-37.11,-18.11,-26.0,-14.07,-5.26,4.11,648.81,3.26,7083.33
8630,-0.19,0.48,-0.48,-3.29,-52.26,15.22,-40.82,15.22,-11.52,456.2,4.85,8131.67
8631,-0.04,0.6,-0.74,11.52,-26.33,41.15,-30.04,25.19,-18.93,456.23,6.44,8131.67
8632,-0.04,0.6,-0.52,18.93,-26.33,41.15,-26.33,18.93,-17.78,241.08,-9.08,10016.67
8633,0.07,0.19,-0.45,33.74,-40.82,70.78,-26.33,18.93,-17.78,424.07,-10.67,9343.33
8634,-0.08,0.08,-0.19,18.93,-66.74,44.85,-37.11,8.96,-10.37,424.03,-12.26,9343.33
8635,-0.34,-0.18,-0.11,-18.11,-59.34,37.45,-43.37,5.26,-4.11,634.6,-1.93,7625.0
8636,-0.37,-0.11,-0.04,-21.81,-59.34,0.41,-43.37,5.26,-4.11,451.62,-0.33,8301.67
8637,-0.22,0.0,-0.3,-7.0,-33.41,26.34,-32.59,15.22,-11.52,645.35,9.89,7218.33
8638,-0.04,0.19,-0.63,22.63,-40.82,4.11,-30.04,22.63,-7.82,434.82,15.08,8920.0
8639,0.34,-0.41,-0.03,-33.74,0.41,-18.93,0.41,-4.11,8.96,625.27,22.01,7951.67
8640,0.37,-0.3,-0.03,-41.15,0.41,-30.37,0.41,-4.11,8.96,659.42,18.75,6701.67
8641,0.37,-0.26,0.3,-44.85,15.22,-18.93,4.11,-4.11,-1.0,915.62,5.08,3416.67
8642,-0.15,0.6,-0.52,15.22,-11.52,41.15,-26.33,22.63,-17.78,725.17,-1.85,4368.33
8643,0.52,-0.18,-0.03,-7.82,7.82,-29.71,7.82,3.29,1.56,497.12,3.11,6715.0
8644,0.37,-0.33,0.08,-7.82,30.04,-18.93,1.56,3.29,11.52,240.92,16.78,10006.67
8645,0.37,-0.33,0.08,-7.82,30.04,-18.93,8.96,-0.41,17.78,240.98,23.71,10010.0
8646,0.45,-0.26,0.33,-0.41,30.04,10.7,1.56,-11.52,21.48,240.95,27.23,10003.33
8647,0.37,0.07,0.15,-14.89,7.82,-0.08,7.82,-15.22,11.52,453.77,13.52,8211.67
8648,0.37,0.07,0.15,-14.89,7.82,-0.08,7.82,-15.22,11.52,453.77,13.52,8218.33
8649,0.04,0.15,0.07,-51.93,22.63,-3.78,5.26,-5.26,4.11,453.9,-0.33,8215.0
8650,-0.41,0.74,-0.67,7.48,-11.52,55.63,-47.41,14.08,-16.37,241.15,6.63,10006.67
8651,-0.37,0.85,-0.67,0.08,-11.52,44.19,-54.82,17.78,-22.63,468.93,5.08,7670.0
8652,-0.89,1.3,-0.93,52.75,-71.6,89.12,-79.0,38.26,-38.26,469.03,5.08,7673.33
8653,-0.48,0.63,-0.26,-18.11,-37.45,44.19,-26.33,18.93,-17.78,468.93,-3.7,7673.33
8654,-0.6,0.44,0.14,-18.11,-63.37,44.19,-26.33,18.93,-17.78,241.08,-9.08,10013.33
8655,0.22,-0.11,0.37,-59.34,-18.11,-15.22,-2.15,-1.56,-2.15,240.82,3.04,10003.33
8656,0.52,-0.22,0.33,-47.89,-32.92,-29.71,-5.85,2.15,7.82,240.85,20.3,10003.33
8657,0.93,-0.71,0.63,-63.53,27.15,-70.93,20.89,-28.3,30.86,240.62,28.93,10000.0
8658,0.34,-0.33,0.22,-18.6,-6.67,-37.11,0.41,-18.93,18.93,430.26,16.82,9086.67
8659,0.15,-0.59,0.45,-4.11,0.74,-48.56,0.41,-16.37,7.82,430.12,15.08,9100.0
8660,-0.0,-0.37,-0.11,18.93,-47.89,4.11,-18.93,10.37,-8.96,430.29,20.3,9090.0
8661,0.56,-0.78,0.15,-7.82,-14.07,-41.15,4.11,-1.56,14.08,449.05,30.63,8381.67
8662,-0.15,0.0,-0.44,11.52,-66.74,15.22,-22.63,18.93,-1.56,449.31,18.52,8368.33
8663,-0.33,0.34,-0.59,11.52,-52.26,15.22,-30.04,22.63,-7.82,449.38,4.67,8368.33
8664,-0.52,0.15,-0.26,-18.11,-44.85,37.45,-22.63,26.33,-15.22,241.05,4.67,9996.67
8665,0.19,-0.63,0.34,-37.45,7.82,-18.93,1.56,5.85,0.41,240.78,16.78,10003.33
8666,0.74,-1.41,1.27,-71.6,64.19,-79.0,25.74,-24.6,23.45,240.55,25.41,10013.33
8667,0.56,-1.12,1.15,-34.56,71.6,-71.6,18.34,-28.3,30.86,426.91,11.67,9218.33
8668,0.19,-0.56,0.45,-0.41,30.37,10.7,1.56,-11.52,21.48,427.25,6.49,9211.67
8669,0.17,-0.43,0.39,-0.41,8.15,10.7,15.22,-0.41,17.78,679.64,-3.89,5975.0
8670,-0.1,0.21,-0.24,7.82,-26.0,33.74,-4.11,18.93,-2.7,493.54,6.45,6760.0
8671,-0.1,0.21,-0.24,7.82,-26.0,33.74,-33.74,15.22,-12.67,493.41,4.89,6760.0
8672,0.11,0.23,-0.48,-6.67,-40.82,22.96,-37.45,15.22,-12.67,241.05,16.97,9986.67
8673,0.04,0.26,-0.48,18.93,-40.82,52.59,-44.85,7.82,-15.22,476.02,18.67,7410.0
8674,-0.11,0.74,-0.63,29.71,-26.33,41.15,-44.85,7.82,-15.22,476.02,18.67,7416.67
8675,-0.33,0.52,-0.45,18.26,-18.93,51.93,-54.82,-3.29,-11.52,475.99,16.97,7433.33
8676,-0.48,0.3,-0.26,-7.33,-44.85,26.0,-51.11,-3.29,-11.52,240.98,22.19,10020.0
8677,-0.6,0.07,0.15,-25.52,-70.78,26.0,-39.67,-5.85,-0.41,241.02,15.22,10026.67
8678,-1.04,1.0,-0.6,19.75,-97.52,56.45,-56.45,20.89,-17.19,241.32,13.52,10016.67
8679,-0.75,1.04,-0.49,56.78,-67.89,56.45,-70.93,22.04,-13.49,241.28,8.3,10013.33
8680,-0.26,0.45,0.03,15.56,-22.63,-14.41,-33.41,12.67,5.85,492.35,20.16,6875.0
8681,-0.15,0.04,0.11,30.37,-37.11,15.22,-33.41,12.67,5.85,492.35,20.16,6868.33
8682,-0.08,-0.03,-0.19,-6.67,-55.3,15.22,-33.41,12.67,2.15,739.64,23.64,3868.33
8683,-0.0,0.19,-0.52,-6.67,-40.49,26.67,-26.0,12.67,-5.26,662.23,11.78,6701.67
8684,0.52,-0.15,-0.18,-37.11,-6.67,-55.63,0.74,-2.97,7.82,661.96,15.19,6711.67
8685,0.82,-0.86,0.56,-82.38,34.56,-89.78,45.67,-12.34,23.45,414.47,13.41,9715.0
8686,0.89,-1.19,0.9,-67.89,56.78,-79.0,38.26,-16.04,30.86,240.58,13.41,10023.33
8687,0.71,-1.38,1.23,-97.52,64.19,-56.78,34.56,-23.45,28.3,431.23,10.0,9061.67
8688,0.97,-1.15,0.93,-67.89,67.89,-67.56,30.86,-27.15,35.71,675.01,13.52,6183.33
8689,0.33,-0.45,0.41,-41.15,-14.41,-18.93,7.82,-15.22,12.67,854.07,25.45,5666.67
8690,-0.26,0.33,-0.0,11.52,-67.08,29.71,-22.63,11.52,-4.11,663.62,18.52,6618.33
8691,-0.26,0.37,0.22,18.93,-78.19,47.89,-28.89,11.52,-4.11,419.91,16.78,9506.67
8692,-0.37,0.3,0.18,26.33,-48.56,33.41,-32.59,12.67,-7.82,493.4,6.44,6840.0
8693,0.26,-0.41,0.7,-0.41,33.74,-15.22,-8.41,-10.37,18.93,493.27,18.56,6846.67
8694,0.04,-0.71,0.82,-11.52,41.15,-44.85,1.56,-6.67,11.52,493.2,16.78,6826.67
8695,0.07,-0.67,0.71,-26.33,11.52,-44.85,-20.67,-4.11,7.82,240.85,22.15,10000.0
8696,0.22,-0.56,0.26,-22.63,-25.52,-67.08,-20.67,-4.11,7.82,240.85,22.15,10006.67
8697,0.22,-0.56,0.26,-22.63,-25.52,-67.08,-30.63,-5.26,4.11,240.78,23.93,10020.0
8698,0.37,-0.44,0.0,-7.82,0.41,-41.15,-1.0,-1.56,14.08,240.92,25.49,10010.0
8699,0.0,-0.33,0.22,-0.41,15.22,-11.52,1.56,-8.96,10.37,240.82,22.01,10006.67
8700,-0.48,0.63,-0.56,18.93,-11.52,41.15,-44.85,4.11,-8.96,421.96,16.82,9416.67
8701,-0.33,0.56,-0.19,41.15,-7.82,15.22,-63.04,-2.15,-7.82,421.86,8.3,9430.0
8702,-0.52,1.04,-0.53,86.41,-38.26,41.97,-100.56,18.34,-23.45,422.06,-1.93,9436.67
8703,0.11,0.3,-0.11,70.78,-18.93,-10.7,-44.19,6.41,-0.41,240.98,1.48,10016.67
8704,0.0,0.52,-0.48,59.34,-22.63,3.78,-33.41,16.37,-7.82,241.02,3.07,10016.67
8705,0.41,-0.3,0.0,2.96,0.41,-52.59,11.52,7.0,4.11,240.85,15.0,10000.0
8706,-0.48,0.22,-0.11,55.63,-15.22,3.78,-22.63,26.33,-15.22,445.8,16.78,8503.33
8707,-0.18,-0.48,0.59,21.81,18.93,-37.45,7.82,-0.41,1.56,445.63,13.37,8506.67
8708,-0.22,-0.45,0.56,-4.11,18.93,-15.22,0.41,-11.52,5.26,445.6,11.67,8513.33
8709,-0.03,-0.3,0.19,-26.34,15.22,10.7,-21.81,-18.93,1.56,240.78,4.93,10010.0
8710,-0.45,0.19,-0.11,-10.7,-44.85,51.93,-44.85,4.11,-8.96,241.02,15.27,10006.67
8711,-1.12,0.93,-0.67,34.56,-97.52,86.08,-71.6,34.56,-32.0,413.85,20.49,9756.67
8712,-0.63,0.48,-0.08,-14.07,-63.37,15.22,-15.22,22.63,-8.96,413.72,25.45,9763.33
8713,-0.52,0.7,-0.48,4.11,-37.45,15.22,-44.85,18.93,-18.93,413.58,23.89,9746.67
8714,0.11,0.37,-0.15,-29.71,22.63,-29.71,-14.41,-7.82,-2.15,240.82,6.63,9993.33
8715,0.11,0.37,-0.15,-29.71,22.63,-29.71,-24.37,-11.52,5.26,240.88,-5.3,9986.67
8716,0.11,0.37,-0.15,-29.71,22.63,-29.71,-24.37,-11.52,5.26,240.88,-5.3,9986.67
8717,-0.45,0.74,-0.34,4.11,-15.22,29.71,-51.11,15.22,-11.52,480.95,8.45,7240.0
8718,-0.37,0.3,-0.08,18.6,-22.63,18.26,-48.56,17.78,-22.63,480.82,22.15,7256.67
8719,-0.37,0.3,-0.08,18.6,-22.63,18.26,-26.33,25.19,-18.93,480.88,16.78,7266.67
8720,-0.22,0.45,-0.41,18.6,-18.93,0.08,-40.82,15.22,-11.52,240.95,4.85,10020.0
8721,-0.6,1.01,-1.12,52.75,-60.15,82.38,-78.34,25.74,-19.75,241.18,-8.86,10016.67
8722,-0.19,0.34,-0.45,-18.11,-26.0,37.45,-47.89,-1.0,-2.97,421.02,-8.86,9471.67
8723,-0.26,0.26,-0.52,-3.3,-26.0,67.08,-59.34,1.56,-14.08,420.98,-1.89,9465.0
8724,0.34,0.0,0.07,-26.34,7.82,14.41,-21.81,-18.93,1.56,420.78,8.34,9455.0
8725,0.67,-0.07,0.15,10.7,-7.0,18.11,-21.81,-18.93,1.56,240.78,4.93,10000.0
8726,1.04,-0.63,0.85,-49.38,27.15,-34.56,24.6,-32.0,20.89,467.51,-3.85,7711.67
8727,0.41,-0.11,0.48,-4.11,11.52,-7.82,-12.93,-11.52,5.26,467.75,-3.85,7711.67
8728,-0.33,0.63,-0.26,29.71,-7.82,33.41,-39.67,4.11,-7.82,467.95,13.41,7705.0
8729,-0.11,0.41,-0.04,55.63,14.41,26.0,-29.71,5.26,-4.11,425.32,25.45,9288.33
8730,-0.19,0.56,-0.37,33.41,21.81,22.3,-29.71,5.26,-4.11,646.1,23.75,7205.0
8731,0.11,-0.15,0.33,-0.41,55.96,-18.93,0.74,-2.97,11.52,851.94,6.49,5666.67
8732,-0.3,0.3,-0.45,33.74,-14.89,41.15,-29.71,5.26,-4.11,667.94,11.71,6388.33
8733,-0.3,0.3,-0.45,33.74,-14.89,41.15,-29.71,5.26,-4.11,667.94,11.71,6388.33
8734,-0.78,0.75,-0.89,41.97,-74.97,67.89,-74.64,14.63,-16.04,462.03,13.52,7923.33
8735,-0.37,0.26,-0.48,7.82,-4.11,7.82,-54.15,-4.7,3.29,708.05,8.3,4951.67
8736,0.04,-0.26,0.08,-40.82,18.93,-33.41,-19.19,-15.22,11.52,487.0,13.48,7041.67
8737,0.11,-0.23,0.22,-33.41,18.93,-18.93,-30.63,-12.67,0.41,487.13,27.19,7058.33
8738,-0.48,0.59,-0.34,0.74,-37.45,41.15,-65.6,7.82,-15.22,241.25,27.19,10030.0
8739,-0.97,1.04,-0.93,49.37,-71.6,112.01,-82.38,24.6,-24.6,241.58,22.01,10020.0
8740,-0.85,1.27,-1.34,67.56,-45.67,112.01,-82.38,24.6,-24.6,241.42,15.27,10003.33
8741,-0.71,1.19,-0.97,89.78,-41.97,86.08,-64.19,30.86,-25.74,241.32,13.56,9996.67
8742,0.0,0.52,-0.48,59.34,-22.63,3.78,-41.15,7.82,-15.22,241.08,3.23,10013.33
8743,0.18,0.11,-0.3,59.34,-37.11,-7.0,-29.71,5.26,-4.11,241.12,-3.74,10026.67
8744,0.18,0.11,-0.3,59.34,-37.11,-7.0,-37.11,8.96,-10.37,241.05,-10.67,10023.33
8745,-0.08,0.26,-0.11,29.71,-22.3,18.93,-43.37,12.67,-0.41,241.08,4.85,10013.33
8746,-0.37,0.44,0.11,11.52,-33.74,29.71,-28.89,11.52,-4.11,419.91,16.78,9506.67
8747,-0.3,0.26,-0.08,0.08,-51.93,33.41,-51.11,4.11,-7.82,419.84,22.15,9506.67
8748,-0.56,0.45,-0.6,60.15,-100.56,89.78,-67.89,23.45,-28.3,420.04,16.97,9496.67
8749,-0.34,0.45,-0.63,89.78,-70.93,75.3,-64.19,30.86,-25.74,241.32,13.56,9990.0
8750,-0.56,0.71,-0.82,79.0,-56.45,97.52,-52.75,28.3,-14.63,241.35,6.6,9980.0
8751,-0.74,1.15,-0.9,89.78,-41.97,97.52,-60.15,20.89,-17.19,476.32,8.3,7403.33
8752,-0.89,1.23,-1.27,67.56,-45.67,123.45,-67.56,24.6,-23.45,669.96,10.0,6326.67
8753,-0.18,0.56,-0.78,37.11,-26.33,41.15,-26.33,7.82,-14.08,669.82,8.19,6340.0
8754,-0.04,0.37,-0.48,48.56,-22.63,15.22,-18.93,15.22,-11.52,434.85,6.49,8916.67
8755,-0.19,0.26,-0.22,33.74,-48.56,-10.7,-18.93,15.22,-11.52,241.15,-2.15,10010.0
8756,-1.04,0.82,-0.45,49.38,-93.82,45.67,-45.67,30.86,-24.6,241.35,15.11,10006.67
8757,-0.41,0.3,-0.08,4.11,-78.19,18.93,-22.63,7.82,-14.08,241.12,4.78,10010.0
8758,0.33,-0.37,0.59,-15.22,4.11,-15.22,11.52,-11.52,5.26,425.16,13.41,9291.67
8759,1.23,-0.89,0.97,-49.04,49.38,-60.15,32.0,-20.89,17.19,607.05,13.41,8663.33
8760,0.52,-0.22,0.3,-40.82,30.04,-37.11,-20.67,-1.56,-3.29,607.15,22.19,8670.0
8761,0.26,0.0,0.07,-29.71,7.82,-29.71,-20.67,-1.56,-3.29,422.91,23.89,9391.67
8762,-0.48,0.63,-0.56,18.93,-11.52,41.15,-41.15,7.82,-15.22,241.02,23.89,10026.67
8763,-0.52,0.71,-0.63,44.52,-11.52,59.34,-41.15,7.82,-15.22,241.02,23.89,10023.33
8764,-1.04,1.12,-1.04,52.75,-41.97,86.08,-97.52,19.75,-38.26,466.7,25.67,7760.0
8765,-0.26,0.48,-0.52,22.3,-11.52,15.22,-70.78,7.82,-15.22,710.24,25.67,4875.0
8766,-0.3,0.34,-0.52,11.52,-11.52,26.67,-59.34,5.26,-4.11,710.28,18.7,4868.33
8767,0.5,-0.31,-0.21,-37.45,15.22,-14.86,-14.07,-10.37,26.33,739.75,15.33,3818.33
8768,-0.28,0.32,-0.74,-7.0,-15.22,56.0,-44.52,12.67,-0.41,496.17,1.48,6693.33
8769,-0.14,0.24,-0.37,15.22,-11.52,30.07,-30.04,11.52,-4.11,496.24,16.93,6713.33
8770,-0.82,0.97,-0.56,71.6,-67.89,86.08,-75.3,27.15,-34.56,241.22,13.56,10016.67
8771,-0.48,0.41,0.14,48.56,-33.74,33.41,-41.15,7.82,-15.22,241.02,23.89,10030.0
8772,-0.15,0.03,0.37,-22.3,-3.3,-11.52,-10.7,-0.41,0.41,414.61,8.45,9725.0
8773,0.08,0.03,0.33,7.33,26.33,-26.0,0.74,-2.97,11.52,414.64,1.48,9725.0
8774,0.19,0.07,0.3,-29.71,26.33,-29.71,-9.22,-6.67,18.93,414.71,3.26,9715.0
8775,-0.37,0.44,0.11,11.52,-33.74,29.71,-54.15,2.7,7.0,241.05,3.26,10020.0
8776,-0.3,0.26,-0.08,0.08,-51.93,33.41,-35.97,8.96,5.85,241.15,11.78,10026.67
8777,-0.56,0.45,-0.6,60.15,-100.56,89.78,-70.93,22.04,-13.49,241.25,-1.93,10026.67
8778,0.22,-0.14,-0.52,37.11,-55.3,18.93,-26.0,12.67,-1.56,241.08,10.0,10026.67
8779,0.71,-0.55,-0.22,-4.11,-21.48,-41.15,-6.67,-6.67,18.93,240.88,15.19,10010.0
8780,1.08,-1.11,0.49,-38.26,19.75,-123.45,30.86,-27.15,34.56,240.68,25.41,10000.0
8781,0.56,-0.78,0.15,-7.82,-14.07,-41.15,4.11,-11.52,21.48,240.95,22.01,9980.0
8782,-0.08,-0.03,-0.3,22.63,-22.3,11.52,-33.41,1.56,2.15,461.86,16.82,7903.33
8783,-0.49,0.78,-0.78,79.0,-45.34,67.89,-82.38,24.6,-24.6,462.03,13.56,7903.33
8784,-0.15,0.37,-0.08,44.85,-4.11,7.82,-63.04,5.26,-4.11,693.39,13.56,5451.67
8785,-0.15,0.37,-0.04,30.04,-15.22,7.82,-52.26,15.22,-11.52,472.61,6.63,7541.67
8786,-0.22,0.52,-0.37,7.82,-7.82,4.11,-40.82,12.67,-0.41,693.46,8.19,5465.0
8787,-0.37,0.71,-0.52,-18.11,-0.41,11.52,-43.37,15.22,-11.52,688.69,-2.15,5631.67
8788,-0.37,0.71,-0.52,-18.11,-0.41,11.52,-54.15,5.26,-4.11,688.66,-3.74,5628.33
8789,-0.63,0.48,-0.19,4.11,-7.82,15.22,-43.37,15.22,-11.52,672.63,1.44,6211.67
8790,-1.0,1.04,-0.9,64.19,-41.97,67.89,-89.78,28.3,-30.86,445.9,10.22,8500.0
8791,-0.63,0.45,-0.3,18.93,-7.82,41.15,-54.82,15.22,-11.52,445.8,23.93,8500.0
8792,-0.26,0.26,-0.52,-3.3,-26.0,67.08,-47.41,11.52,-5.26,240.98,25.67,9993.33
8793,0.26,-0.59,0.3,-63.37,0.74,7.0,-1.0,-11.52,21.48,240.82,28.93,10006.67
8794,0.52,-0.74,0.12,-33.74,-14.07,-18.93,5.26,-15.22,11.52,240.78,13.41,10016.67
8795,0.67,-0.97,0.67,-56.78,34.56,-71.6,32.0,-30.86,24.6,240.65,9.89,10036.67
8796,0.15,-0.11,-0.15,3.29,7.82,-11.52,-2.96,-10.37,8.96,241.05,9.89,10040.0
8797,-0.63,0.48,-0.23,26.33,-37.45,59.34,-29.71,5.26,-4.11,420.01,23.64,9526.67
8798,-0.22,0.41,-0.3,0.74,-52.26,41.15,-39.67,-5.85,-0.41,419.97,21.93,9510.0
8799,0.11,-0.15,0.41,-22.3,-18.11,-11.52,5.26,-15.22,11.52,419.61,23.64,9510.0
8800,0.9,-0.74,0.49,-45.34,27.15,-82.38,28.3,-34.56,30.86,240.58,21.93,10020.0
8801,0.0,-0.22,0.11,-11.52,-18.11,-37.45,-6.67,-14.08,15.22,240.78,11.71,10023.33
8802,-0.19,0.26,-0.22,33.74,-48.56,-10.7,-51.6,-4.7,3.29,240.98,10.0,10010.0
8803,-0.34,0.15,0.22,30.04,-11.52,11.52,-54.15,2.7,7.0,241.08,13.48,10000.0
8804,-0.15,0.37,-0.04,37.45,14.41,26.0,-43.37,12.67,-0.41,468.97,20.45,7666.67
8805,0.11,-0.22,0.52,-33.41,30.04,-30.37,-5.85,3.29,18.93,720.0,22.08,4541.67
8806,0.08,-0.3,0.41,-59.34,0.41,-30.37,-5.85,3.29,18.93,720.0,22.08,4555.0
8807,0.22,-0.74,0.56,-51.93,-14.07,-18.93,1.56,-0.41,25.19,492.21,23.64,6888.33
8808,0.59,-0.67,0.37,-26.34,-14.07,10.7,8.96,-0.41,17.78,240.98,23.71,10013.33
8809,0.07,0.19,-0.45,33.74,-40.82,70.78,-11.52,11.52,-5.26,241.15,25.45,10000.0
8810,-0.04,0.6,-0.52,18.93,-26.33,41.15,-15.22,4.11,-7.82,241.12,32.37,9993.33
8811,-0.37,0.67,-0.6,-18.11,-11.52,37.45,-15.22,4.11,-7.82,241.12,32.37,9986.67
8812,0.15,-0.19,0.22,-78.19,15.22,-22.63,5.26,-5.26,4.11,240.82,30.63,9980.0
8813,0.63,-1.04,1.08,-97.52,71.6,-53.08,32.0,-20.89,17.19,240.62,13.37,9993.33
8814,0.0,-0.67,0.71,-52.26,41.15,-22.63,-24.37,-8.96,-5.85,466.3,15.15,7750.0
8815,0.04,-0.71,0.74,-26.33,41.15,-44.85,-24.37,-8.96,-5.85,466.3,15.15,7753.33
8816,-0.48,0.22,-0.19,18.6,-15.22,3.78,-54.82,17.78,-22.63,466.46,18.56,7756.67
8817,0.45,-0.26,0.15,-15.22,0.41,-41.15,-8.41,2.15,7.82,240.85,18.56,10016.67
8818,0.07,0.3,-0.56,18.93,-40.82,41.15,-54.82,15.22,-11.52,241.05,11.82,10020.0
8819,0.59,-0.63,0.37,-26.0,15.56,-7.48,-24.37,-11.52,5.26,240.88,8.41,10016.67
8820,0.63,-0.59,0.48,-0.41,15.56,10.7,-24.37,-18.93,1.56,240.78,4.93,10000.0
8821,1.19,-0.89,0.97,-49.04,49.38,-60.15,28.3,-38.26,22.04,240.68,-3.85,10000.0
8822,1.38,-0.74,0.67,-63.53,12.34,-70.93,28.3,-38.26,22.04,240.68,-3.85,9993.33
8823,0.78,-0.48,0.08,-40.49,-21.48,-18.26,4.11,-7.82,-1.0,240.92,-12.48,9996.67
8824,0.04,0.15,-0.56,8.15,-40.82,52.59,-48.56,11.52,-21.48,454.91,-0.44,8163.33
8825,-0.86,0.67,-0.93,41.97,-86.08,97.52,-79.0,38.26,-38.26,627.68,16.82,7913.33
8826,-1.19,0.89,-0.82,27.15,-97.52,71.6,-75.3,27.15,-34.56,627.71,30.67,7920.0
8827,-1.34,0.78,-0.56,12.34,-123.45,45.67,-53.08,34.56,-30.86,413.88,22.04,9763.33
8828,-1.27,0.82,-0.41,19.75,-123.45,60.15,-45.67,30.86,-24.6,241.35,15.11,10023.33
8829,-1.04,1.0,-0.6,19.75,-97.52,56.45,-60.15,32.0,-20.89,241.28,-0.33,10016.67
8830,-0.34,0.33,0.07,0.41,-15.22,22.3,-35.97,8.96,5.85,241.15,11.78,10006.67
8831,-0.11,0.15,-0.11,4.11,-3.78,-3.29,-54.15,2.7,7.0,241.05,3.26,9996.67
8832,-0.15,0.22,-0.19,29.71,-3.78,14.89,-39.67,1.56,3.29,241.12,18.7,9996.67
8833,-0.26,0.48,-0.45,3.78,-26.0,18.6,-33.41,-2.15,-6.67,241.08,3.18,9996.67
8834,0.04,0.22,-0.0,-52.59,22.63,-0.74,7.82,-18.93,2.7,420.95,4.78,9455.0
8835,0.04,0.22,-0.0,-52.59,22.63,-0.74,11.52,-11.52,5.26,420.98,-2.15,9471.67
8836,0.11,-0.11,0.15,-52.59,15.22,-4.44,7.82,-5.26,4.11,420.88,13.37,9471.67
8837,-0.33,0.41,-0.52,7.48,-18.93,51.93,-18.93,10.37,-8.96,241.08,27.23,10013.33
8838,0.41,-0.33,0.22,-26.34,0.41,10.7,7.82,-5.26,4.11,240.82,30.63,10000.0
8839,0.04,0.45,-0.23,55.96,-22.63,44.85,-41.15,7.82,-15.22,241.02,23.89,9993.33
8840,0.26,0.19,-0.04,66.74,-37.11,22.63,-55.63,8.96,-11.52,240.95,8.45,10000.0
8841,-0.6,0.71,-0.38,82.38,-82.38,63.86,-112.01,20.89,-34.56,241.25,10.22,10010.0
8842,-0.23,-0.07,0.07,0.08,-59.34,29.71,-65.6,7.82,-15.22,241.05,16.96,10010.0
8843,-0.37,0.26,-0.04,-25.52,-44.85,22.3,-51.11,6.67,-18.93,241.12,32.41,10010.0
8844,-0.3,0.34,-0.45,-18.11,-18.93,33.74,-21.48,10.37,-8.96,241.08,27.23,9996.67
8845,-0.07,0.56,-0.63,-6.67,-26.33,22.96,-18.93,7.82,2.15,241.22,27.23,10006.67
8846,0.0,0.23,-0.48,4.44,-40.82,15.56,-44.85,11.52,-5.26,241.12,18.75,10006.67
8847,0.56,-0.56,0.45,-29.71,15.56,-44.52,-18.11,-4.11,7.82,240.85,22.15,10023.33
8848,-0.15,0.22,-0.19,29.71,-3.78,14.89,-37.45,15.22,-12.67,447.98,15.41,8436.67
8849,-0.15,0.22,-0.19,33.41,-3.78,14.89,-7.82,18.93,-2.7,678.28,10.04,6013.33
8850,0.0,0.34,-0.63,37.11,-40.82,-7.33,-15.22,17.78,-6.41,678.22,11.82,6010.0
8851,0.11,-0.07,-0.41,22.63,-55.3,-32.92,-18.93,10.37,-8.96,471.25,20.3,7596.67
8852,0.18,-0.07,-0.44,33.41,-55.3,-18.11,-18.93,10.37,-8.96,436.9,16.89,8846.67
8853,-0.34,0.27,-0.78,63.86,-89.12,64.19,-67.89,23.45,-28.3,437.1,10.15,8836.67
8854,-0.15,-0.03,-0.3,44.52,-40.49,48.56,-44.85,14.08,-16.37,436.8,8.41,8833.33
8855,0.37,-0.41,0.15,-14.89,-6.67,-0.08,-21.81,-8.96,-5.85,442.32,25.67,8625.0
8856,0.71,-0.93,0.82,-74.97,34.56,-60.15,24.6,-24.6,24.6,442.25,32.41,8638.33
8857,0.56,-0.7,0.26,-51.93,-14.07,-7.48,-24.37,-11.52,5.26,442.45,25.67,8638.33
8858,0.59,-0.67,0.37,-26.34,-14.07,10.7,-20.67,-4.11,7.82,240.85,22.15,10013.33
8859,0.63,-0.7,0.41,-0.41,-14.07,-11.52,-18.11,-4.11,7.82,240.85,22.15,10003.33
8860,0.45,-0.37,0.26,-0.41,0.41,-11.52,7.82,-7.82,15.22,240.95,30.63,10013.33
8861,0.45,-0.41,0.04,-7.82,11.52,-29.71,4.11,-11.52,22.63,484.73,34.15,7138.33
8862,0.07,0.15,-0.67,37.11,-29.71,52.59,-18.93,0.41,-0.41,707.99,20.44,4968.33
8863,0.22,0.08,-0.3,59.34,-26.0,26.67,-22.63,11.52,-4.11,707.95,6.59,4955.0
8864,-0.08,0.26,-0.08,66.74,-22.3,26.67,-22.63,4.11,-7.82,698.21,-8.86,5288.33
8865,0.11,0.03,0.48,-4.11,26.33,-26.0,-2.15,-5.26,4.11,701.75,-10.67,5163.33
8866,0.3,-0.45,0.82,-49.38,56.78,-52.75,28.3,-32.0,20.89,701.58,-14.08,5173.33
8867,0.53,-0.67,0.56,-56.78,41.97,-64.19,28.3,-28.3,14.63,467.58,-15.89,7728.33
8868,0.49,-0.67,0.56,-19.75,41.97,-64.19,38.26,-27.15,18.34,446.79,-15.89,8478.33
8869,0.0,-0.22,0.11,-11.52,-18.11,-37.45,-14.41,-7.82,-2.15,638.49,1.37,7471.67
8870,-0.22,-0.0,0.22,-29.71,-3.3,-26.0,-20.67,-4.11,7.82,638.52,3.18,7455.0
8871,-0.34,0.3,-0.3,4.11,-51.93,4.44,-77.04,7.82,-15.22,432.58,11.96,8993.33
8872,-0.11,0.48,-0.48,4.11,-26.0,0.74,-47.41,11.52,-5.26,241.12,5.04,9986.67
8873,-0.75,0.82,-0.82,37.93,-86.08,45.67,-67.89,23.45,-28.3,452.79,20.49,8240.0
8874,-1.12,0.97,-0.75,12.34,-97.52,41.97,-41.97,19.75,-20.89,452.89,28.97,8246.67
8875,-1.27,0.82,-0.41,19.75,-123.45,60.15,-60.15,13.49,-19.75,452.79,20.44,8266.67
8876,-0.78,0.37,0.03,11.52,-63.37,33.41,-33.41,-2.15,-6.67,241.08,3.18,10030.0
8877,-0.78,0.37,0.03,11.52,-63.37,33.41,-59.34,1.56,-14.08,240.98,-5.3,10033.33
8878,-0.7,0.45,-0.37,18.93,-37.45,44.85,-41.15,7.82,-15.22,241.08,3.23,10023.33
8879,-0.86,0.67,-0.93,41.97,-86.08,97.52,-64.19,30.86,-25.74,241.18,20.49,10003.33
8880,-0.15,-0.11,-0.33,22.63,-33.41,41.15,-7.82,18.93,-2.7,241.05,25.45,9990.0
8881,0.19,-0.67,0.37,-0.41,0.74,-11.52,8.96,2.15,6.67,240.72,30.63,9996.67
8882,0.78,-0.93,0.97,-23.45,34.56,-64.19,25.74,-17.19,27.15,240.65,28.89,10016.67
8883,0.08,-0.15,0.37,-4.11,-18.11,-7.82,-8.41,2.15,7.82,413.45,32.41,9773.33
8884,0.52,-0.19,0.41,-4.11,-32.92,-7.82,1.56,3.29,11.52,413.52,30.63,9773.33
8885,0.26,-0.45,0.48,-41.15,-25.52,-15.22,11.52,7.0,4.11,413.45,28.86,9763.33
8886,0.97,-1.23,1.08,-60.49,27.15,-71.6,38.26,-23.45,27.15,240.62,23.64,10006.67
8887,0.74,-1.41,1.27,-71.6,64.19,-79.0,28.3,-24.6,23.45,240.55,25.41,10000.0
8888,0.22,-0.56,0.45,-11.52,37.45,-18.93,-16.63,-15.22,11.52,240.92,23.71,10010.0
8889,0.22,-0.45,0.52,-11.52,67.08,3.3,-9.22,-4.11,7.82,240.95,25.41,10023.33
8890,-0.33,0.34,-0.41,22.63,10.7,63.37,-26.0,12.67,-1.56,415.87,21.93,9686.67
8891,-0.15,0.0,-0.26,22.63,-3.78,63.37,-15.22,22.63,-8.96,415.7,13.3,9686.67
8892,-0.63,0.86,-1.12,41.97,-60.15,93.82,-45.67,30.86,-24.6,616.19,9.89,8346.67
8893,-0.78,0.75,-0.86,27.15,-86.08,67.89,-75.3,27.15,-34.56,441.47,6.63,8693.33
8894,-0.63,0.52,-0.3,4.11,-37.45,15.22,-41.15,7.82,-15.22,441.27,16.97,8693.33
8895,-0.89,0.3,-0.0,41.15,-33.74,18.93,-44.85,18.93,-18.93,445.73,22.15,8526.67
8896,-0.89,0.3,-0.0,41.15,-33.74,18.93,-18.93,15.22,-11.52,657.34,30.63,6763.33
8897,-1.23,0.86,-0.71,64.19,-67.89,71.6,-75.3,27.15,-34.56,657.47,25.67,6763.33
8898,-0.86,0.67,-0.93,41.97,-86.08,97.52,-75.3,27.15,-34.56,635.71,11.96,7596.67
8899,0.04,0.15,-0.56,8.15,-40.82,52.59,-44.85,18.93,-18.93,423.97,5.04,9353.33
8900,0.52,-0.3,0.04,-40.49,-6.67,-18.26,4.11,5.85,0.41,423.77,11.78,9333.33
8901,0.89,-0.86,0.75,-74.64,34.56,-100.56,34.56,-20.89,17.19,240.62,9.97,10003.33
8902,0.07,-0.3,0.52,-33.41,-10.7,-41.15,7.82,-5.26,4.11,240.88,9.97,10006.67
8903,0.15,-0.74,0.78,-18.93,-18.11,-52.59,5.26,-7.82,15.22,438.13,3.23,8805.0
8904,0.37,-0.45,0.67,-7.82,-25.52,-22.96,1.56,-11.52,21.48,438.06,15.27,8801.67
8905,0.78,-1.19,1.0,-23.45,56.78,-71.6,42.78,-38.26,30.86,691.54,15.3,5583.33
8906,0.75,-1.15,0.97,-49.38,56.78,-49.37,52.75,-34.56,23.45,494.36,20.27,6788.33
8907,0.11,-0.63,0.59,-4.11,41.15,-22.63,15.22,-14.08,7.82,494.56,10.04,6798.33
8908,-0.19,0.33,-0.15,29.71,-15.22,26.0,-44.19,6.41,-0.41,240.98,1.48,10016.67
8909,-0.15,0.3,-0.04,55.63,14.41,3.78,-44.19,6.41,-0.41,458.47,-3.48,8061.67
8910,0.04,-0.19,0.3,10.37,44.85,-22.96,-9.22,-14.08,15.22,626.04,10.22,8010.0
8911,0.15,-0.59,0.52,-4.11,30.37,-48.56,1.56,-4.11,7.82,626.07,11.82,8003.33
8912,-0.56,0.19,-0.15,15.22,-51.93,7.82,-25.19,11.52,-5.26,408.85,13.37,9975.0
8913,-0.45,0.22,-0.19,-21.81,-51.93,4.11,-25.19,21.48,-12.67,241.22,1.26,10020.0
8914,-0.26,-0.08,0.3,-41.15,-3.3,-11.52,5.26,-5.26,4.11,241.05,-2.15,10030.0
8915,0.04,-0.22,0.26,-30.04,8.15,-22.63,-24.37,-8.96,-5.85,240.92,-3.7,10010.0
8916,-0.3,-0.03,-0.26,40.82,-22.3,33.74,-48.56,0.41,-14.08,485.83,-5.3,7090.0
8917,-0.63,0.53,-0.97,63.86,-56.45,86.41,-75.3,16.04,-27.15,486.03,11.96,7076.67
8918,-0.41,0.23,-0.48,7.48,-7.82,70.78,-28.89,2.97,-7.82,712.76,3.18,4791.67
8919,-0.67,0.45,-0.37,-18.11,-37.45,44.85,-28.89,14.08,-15.22,467.95,4.78,7718.33
8920,-0.45,0.19,-0.19,-7.33,-51.93,22.63,-54.82,17.78,-22.63,467.85,-3.7,7715.0
8921,-0.75,0.75,-0.93,52.75,-74.97,45.67,-101.23,34.56,-32.0,483.53,6.63,7173.33
8922,-0.51,0.57,-1.06,74.93,-37.93,75.3,-90.12,30.86,-25.74,737.09,20.3,3896.67
8923,-0.69,0.87,-0.99,56.75,-23.45,86.08,-60.49,30.86,-15.78,986.94,20.3,816.67
8924,-0.69,0.94,-0.88,41.93,-34.56,86.08,-30.86,30.86,-15.78,744.65,20.3,3660.0
8925,-0.22,0.45,-0.08,0.41,10.7,22.3,-17.78,14.08,-6.41,490.83,18.75,6930.0
8926,-0.22,0.56,-0.34,18.6,10.7,22.3,-25.19,21.48,-12.67,241.05,13.37,10016.67
8927,-0.22,0.56,-0.34,18.6,10.7,22.3,-25.19,21.48,-12.67,241.05,13.37,10016.67
8928,0.0,0.74,-0.52,29.71,-26.33,29.71,-18.93,15.22,-11.52,241.15,-2.15,10010.0
8929,0.3,0.04,0.18,-4.11,7.82,-11.52,11.52,-11.52,5.26,240.98,-5.55,10000.0
8930,0.37,-0.11,0.48,32.92,11.52,-7.82,7.82,-18.93,2.7,240.95,1.37,9996.67
8931,-0.26,0.41,0.11,78.19,-4.11,18.93,-15.22,4.11,-7.82,241.18,11.71,9993.33
8932,0.11,0.3,-0.11,70.78,-18.93,-10.7,-21.48,0.41,-1.56,241.12,23.75,10003.33
8933,0.11,0.11,-0.26,44.85,-37.11,-21.81,-21.48,0.41,-1.56,241.12,23.75,10000.0
8934,0.48,-0.67,0.19,-37.45,-14.07,-55.96,5.26,-15.22,11.52,240.85,27.15,10003.33
8935,0.48,-0.67,0.19,-37.45,-14.07,-55.96,15.22,-4.11,7.82,240.88,28.86,10003.33
8936,0.67,-0.97,0.67,-56.78,34.56,-71.6,38.26,-16.04,30.86,240.72,27.12,10000.0
8937,0.15,-0.11,-0.15,3.29,7.82,-11.52,7.82,-7.82,15.22,240.95,30.63,10003.33
8938,-0.11,0.04,0.04,-26.34,22.63,14.41,4.11,-15.22,12.67,420.98,20.3,9458.33
8939,0.15,-0.22,-0.11,-37.45,44.85,7.0,1.56,-22.63,8.96,667.17,16.82,6500.0
8940,0.71,-1.12,0.82,-71.6,101.23,-75.3,32.0,-30.86,24.6,884.42,8.34,4541.67
8941,0.71,-1.12,0.82,-71.6,101.23,-75.3,25.74,-34.56,30.86,704.36,16.97,5096.67
8942,0.11,-0.3,0.26,-37.45,44.85,-15.22,8.96,-7.82,14.08,632.96,16.97,7721.67
8943,0.0,0.07,-0.0,-63.37,22.63,10.7,5.26,-15.22,11.52,415.5,8.19,9680.0
8944,-0.11,0.04,0.04,-26.34,22.63,14.41,15.22,-4.11,7.82,415.53,9.89,9680.0
8945,-0.18,-0.04,0.44,-33.74,-3.3,2.96,7.82,-0.41,1.56,240.88,1.26,10020.0
8946,-0.82,0.33,0.07,11.52,-33.74,33.41,-44.85,18.93,-18.93,466.53,16.78,7770.0
8947,-0.63,0.04,0.18,-25.52,-41.15,26.0,-48.56,11.52,-21.48,466.56,3.04,7753.33
8948,0.22,-0.48,0.52,-41.15,4.11,-15.22,-18.11,-15.22,-4.7,466.4,-0.37,7756.67
8949,1.15,-0.97,0.86,-74.97,19.75,-60.15,30.86,-30.86,25.74,240.78,-0.37,10010.0
8950,0.97,-0.67,0.74,-37.93,27.15,-52.75,30.86,-30.86,25.74,240.78,-0.37,10020.0
8951,0.93,-0.71,0.63,-63.53,27.15,-70.93,24.6,-34.56,32.0,240.72,11.67,10006.67
8952,0.53,-0.63,0.71,-37.93,41.97,-52.75,32.0,-30.86,24.6,240.65,9.89,10016.67
8953,0.23,0.07,-0.0,-4.11,7.82,-11.52,8.96,-7.82,14.08,240.88,20.23,10016.67
8954,0.23,0.07,-0.0,-4.11,7.82,-11.52,18.93,3.29,10.37,240.92,21.93,10026.67
8955,-0.04,0.71,-0.67,18.93,-15.22,11.52,-26.0,12.67,-1.56,461.9,18.53,7930.0
8956,0.15,0.3,-0.48,18.93,-29.71,0.74,-44.19,6.41,-0.41,461.8,10.0,7930.0
8957,0.11,0.26,-0.63,37.11,-29.71,-10.7,-47.89,-1.0,-2.97,631.55,10.0,7798.33
8958,0.41,-0.37,0.04,-22.96,-6.67,-33.74,-12.93,-11.52,5.26,637.43,-0.33,7590.0
8959,0.11,-0.19,0.26,-41.15,-18.11,-22.96,-24.37,-8.96,-5.85,637.4,6.63,7586.67
8960,-0.74,0.37,0.03,-25.52,-63.37,33.41,-65.6,7.82,-15.22,467.81,-5.3,7711.67
8961,-0.37,0.3,-0.04,-14.07,-78.19,15.22,-63.04,-2.15,-7.82,240.92,6.74,10016.67
8962,-0.22,0.45,-0.37,-21.48,-52.26,-2.96,-40.82,5.26,-4.11,240.98,1.37,10020.0
8963,0.48,-0.33,0.22,-40.82,0.41,-59.34,-3.29,-7.82,15.22,240.88,15.08,10023.33
8964,-0.11,0.04,-0.19,4.11,-33.41,-25.52,-26.33,11.52,-4.11,430.49,6.44,9093.33
8965,0.59,-0.63,0.48,-4.11,-14.07,-48.56,4.11,-15.22,12.67,430.32,3.04,9083.33
8966,-0.04,0.19,0.03,22.63,-66.74,22.3,-44.85,0.41,-17.78,430.39,-3.7,9076.67
8967,0.56,-0.19,0.44,-22.3,-32.92,-11.52,-18.11,-15.22,-4.7,240.85,-7.11,9993.33
8968,-0.0,0.15,-0.11,11.52,-66.74,18.93,-70.78,4.11,-25.19,240.95,1.67,10010.0
8969,-0.08,0.11,-0.26,4.11,-66.74,4.44,-44.85,0.41,-17.78,452.56,10.15,8263.33
8970,-0.26,-0.15,-0.04,18.6,-59.34,-7.0,-44.85,0.41,-17.78,452.56,10.15,8273.33
8971,0.04,-0.74,0.6,-52.26,-18.11,-44.85,1.56,-22.63,8.96,663.02,11.71,6551.67
8972,0.63,-1.15,1.01,-97.52,41.97,-75.3,28.3,-38.26,22.04,451.32,-5.55,8301.67
8973,0.08,-0.26,0.15,-63.37,15.22,7.0,1.56,-22.63,8.96,451.52,11.71,8301.67
8974,0.34,0.0,0.07,-26.34,7.82,14.41,4.11,-12.67,1.56,240.85,16.89,10016.67
8975,-0.26,0.41,-0.34,18.93,-52.26,44.85,-37.11,4.11,-7.82,240.98,18.7,10016.67
8976,0.48,-0.22,0.3,-29.71,-32.92,-26.0,-6.67,-4.11,7.82,240.75,15.19,10013.33
8977,0.22,-0.48,0.37,-66.74,-25.52,-33.41,-2.96,-10.37,8.96,240.85,-0.33,10020.0
8978,0.3,-0.45,0.52,-66.74,4.11,-18.93,15.22,-4.11,7.82,459.33,11.6,8020.0
8979,0.26,-0.48,0.37,-48.56,4.11,-30.37,7.82,-7.82,15.22,667.66,11.6,6388.33
8980,0.26,-0.48,0.37,-48.56,4.11,-30.37,4.11,-11.52,21.48,667.6,23.64,6375.0
8981,0.89,-1.3,0.82,-67.89,27.15,-101.23,20.89,-38.26,38.26,448.91,21.93,8381.67
8982,0.26,-0.56,0.41,-52.26,7.82,-48.56,1.56,-18.93,17.78,240.85,18.53,10000.0
8983,-0.26,0.3,-0.41,7.82,-18.93,11.52,-35.97,1.56,2.15,241.05,8.3,9993.33
8984,-0.21,0.39,-0.66,-21.81,-15.22,26.37,-37.11,8.96,5.85,496.24,8.41,6686.67
8985,-0.17,-0.01,-0.59,3.78,-11.52,56.0,-44.52,1.56,7.0,740.98,-0.11,3776.67
8986,-0.17,0.1,-0.51,14.56,-11.52,56.0,-33.74,0.41,3.29,976.06,10.11,1200.0
8987,-0.71,0.97,-1.04,63.53,-41.97,93.82,-79.0,16.04,-27.15,721.04,6.74,4510.0
8988,-0.67,1.04,-0.97,49.04,-60.15,56.78,-89.78,17.19,-27.15,476.19,6.74,7426.67
8989,-0.52,0.67,-0.82,34.56,-74.64,19.75,-86.08,17.19,-27.15,241.18,11.96,10006.67
8990,-0.04,-0.29,-0.04,15.22,-47.89,-32.92,-39.67,4.11,-7.82,240.98,18.7,9993.33
8991,0.15,-0.59,0.45,-4.11,0.74,-48.56,-4.7,-8.96,11.52,240.88,32.41,9986.67
8992,-0.07,-0.41,0.63,-15.22,18.93,-22.96,-1.0,-1.56,14.08,459.3,28.89,7990.0
8993,-0.11,-0.26,0.63,-15.22,18.93,-0.74,1.56,-4.11,25.19,691.0,23.71,5535.0
8994,-0.11,-0.26,0.63,-15.22,18.93,-0.74,4.11,-1.56,14.08,690.86,23.71,5541.67
8995,0.45,-0.64,0.82,-49.04,49.37,-60.15,23.45,-28.3,30.86,472.18,22.01,7535.0
8996,0.11,-0.22,0.11,-14.89,8.15,-0.08,0.41,-16.37,7.82,240.78,28.93,10006.67
8997,-0.15,0.34,-0.63,8.15,-14.89,22.96,-48.56,0.41,-1.56,483.4,23.75,7173.33
8998,-0.63,0.79,-1.23,56.78,-49.04,93.82,-86.08,20.89,-17.19,483.8,23.75,7193.33
8999,-1.0,0.97,-1.01,79.0,-30.86,67.89,-89.78,32.0,-20.89,688.52,22.01,5680.0
9000,-0.89,0.64,-0.82,79.0,-56.45,97.52,-67.56,35.71,-27.15,629.15,13.48,7846.67
9001,-0.89,0.64,-0.82,79.0,-56.45,97.52,-49.37,41.97,-28.3,803.63,13.48,7500.0
9002,-0.15,-0.11,-0.33,22.63,-33.41,41.15,-18.93,15.22,-11.52,598.72,-2.04,9010.0
9003,0.22,-0.56,0.45,-11.52,37.45,-18.93,5.26,-7.82,15.22,415.6,11.67,9676.67
9004,0.26,-0.41,0.45,-0.74,37.45,-30.37,1.56,-15.22,12.67,240.98,16.89,10023.33
9005,-0.3,0.26,-0.19,55.63,-3.78,22.3,-51.11,7.82,-7.82,495.95,34.15,6763.33
9006,-1.0,0.93,-0.86,74.97,-86.08,56.45,-97.52,23.45,-38.26,496.02,27.41,6776.67
9007,-0.26,0.19,-0.11,41.15,-66.74,15.22,-74.48,4.11,-18.93,495.75,27.41,6770.0
9008,-0.04,0.15,-0.15,29.71,-66.74,22.63,-48.56,-3.29,-11.52,240.98,10.15,10013.33
9009,0.67,-0.63,0.45,10.37,-14.07,-33.74,7.82,-15.22,11.52,240.85,15.11,9993.33
9010,0.67,-0.63,0.45,10.37,-14.07,-33.74,15.22,-4.11,7.82,240.88,11.6,9986.67
9011,1.23,-1.0,0.78,-30.86,30.86,-82.38,41.97,-16.04,30.86,484.43,28.86,7118.33
9012,1.15,-0.56,0.52,-45.34,38.26,-70.93,34.56,-27.15,34.56,484.4,27.15,7118.33
9013,0.52,-0.22,0.0,-26.0,4.44,-55.3,7.82,-11.52,21.48,484.66,23.75,7115.0
9014,0.22,-0.04,0.08,-44.19,8.15,-55.3,4.11,-8.96,10.37,433.7,8.3,8948.33
9015,-0.04,0.15,-0.33,15.22,-40.49,-6.67,-18.93,10.37,-8.96,433.96,-3.74,8948.33
9016,-0.34,0.3,-0.3,4.11,-51.93,4.44,-18.93,10.37,-8.96,433.96,-3.74,8965.0
9017,-0.26,-0.04,0.04,18.6,-29.71,15.22,-15.22,4.11,-7.82,241.18,-5.55,10000.0
9018,-0.56,0.15,0.26,0.41,-41.15,26.0,-18.93,15.22,-11.52,241.15,-2.15,10013.33
9019,-0.37,0.41,-0.0,26.0,-15.22,40.49,-22.63,7.82,-14.08,409.62,-3.7,9916.67
9020,-0.86,1.26,-0.86,45.34,-71.6,70.93,-63.86,24.6,-23.45,409.76,-1.89,9920.0
9021,-0.3,0.89,-0.67,4.11,-11.52,11.52,-39.67,-5.85,-0.41,409.52,6.74,9913.33
9022,-0.3,0.89,-0.67,4.11,-11.52,11.52,-65.6,-2.15,-7.82,240.92,6.74,10003.33
9023,0.19,-0.08,0.11,-15.22,15.22,-41.15,-28.07,-12.67,0.41,240.68,20.45,10020.0
9024,0.22,-0.37,0.37,-0.74,7.82,-30.37,-25.52,-5.26,4.11,472.35,18.75,7561.67
9025,0.26,-0.45,0.45,-26.33,7.82,-48.56,0.41,-8.96,11.52,472.45,27.23,7561.67
9026,-0.3,0.45,-0.41,7.82,-18.93,33.74,-48.56,4.11,-7.82,472.65,20.49,7561.67
9027,-0.63,0.86,-1.12,41.97,-60.15,93.82,-86.08,17.19,-27.15,241.18,11.96,10030.0
9028,-0.19,-0.07,-0.37,-3.3,-33.41,63.37,-65.6,5.26,-4.11,241.02,10.22,10016.67
9029,-0.11,0.0,-0.3,-18.11,-33.41,33.74,-43.37,12.67,-0.41,241.28,15.19,10000.0
9030,-0.08,0.08,-0.26,-7.33,-33.41,11.52,-32.59,22.63,-7.82,241.32,16.78,9983.33
9031,-0.15,0.41,-0.41,-7.33,-26.0,15.22,-22.63,26.33,-15.22,241.25,15.0,9983.33
9032,-0.19,0.48,-0.48,18.26,-26.0,33.41,-18.93,15.22,-11.52,241.08,18.52,9983.33
9033,0.11,-0.11,0.15,-52.59,15.22,-4.44,5.26,-15.22,11.52,240.85,27.15,10000.0
9034,0.15,-0.04,0.08,-41.15,15.22,-18.93,5.26,-15.22,11.52,240.85,27.15,10010.0
9035,0.89,-0.78,0.82,-74.97,34.56,-60.15,32.0,-30.86,24.6,240.65,9.89,10016.67
9036,1.12,-0.56,0.63,-63.53,27.15,-70.93,38.26,-27.15,18.34,442.28,15.11,8631.67
9037,0.71,-0.04,0.11,-29.71,-7.0,-29.71,-6.67,-17.78,6.41,442.45,3.18,8625.0
9038,0.0,0.63,-0.56,-21.48,-26.33,-6.67,-37.11,8.96,-10.37,442.62,6.59,8635.0
9039,-0.67,1.34,-1.12,12.34,-45.67,34.56,-63.86,24.6,-23.45,241.25,6.59,10016.67
9040,-0.22,0.41,-0.37,-32.92,-18.93,4.11,-18.93,15.22,-11.52,241.08,18.52,10016.67
9041,0.41,-0.33,0.04,-48.56,0.41,-48.56,15.22,-4.11,7.82,240.88,28.86,10006.67
9042,0.89,-1.3,0.82,-67.89,27.15,-101.23,35.71,-13.49,19.75,240.58,27.12,10006.67
9043,0.52,-0.7,0.23,-11.52,-14.07,-78.19,5.26,-5.26,4.11,430.16,16.78,9093.33
9044,-0.26,-0.11,0.15,11.52,-59.34,-7.33,-51.11,6.67,-18.93,430.46,18.56,9100.0
9045,-0.26,-0.11,0.15,11.52,-59.34,-7.33,-51.11,-3.29,-11.52,430.49,15.08,9100.0
9046,-0.41,0.15,-0.08,15.22,-44.85,29.71,-77.04,0.41,-18.93,454.95,23.71,8183.33
9047,0.45,-0.41,0.04,-7.82,11.52,-29.71,-24.37,-15.22,11.52,698.43,25.45,5298.33
9048,0.04,0.41,-0.45,48.56,-11.52,26.67,-41.15,11.52,-5.26,698.73,23.75,5285.0
9049,-0.04,0.33,-0.04,41.15,-37.45,15.22,-29.71,8.96,5.85,484.86,13.52,7131.67
9050,-0.82,0.97,-0.56,71.6,-67.89,86.08,-82.38,24.6,-24.6,241.22,5.04,10003.33
9051,-0.26,0.37,-0.45,18.93,-52.26,29.71,-59.34,1.56,-14.08,240.98,-5.3,10023.33
9052,-0.18,0.45,-0.85,26.33,-26.33,41.15,-48.56,11.52,-21.48,241.02,-3.7,10010.0
9053,-0.04,0.19,-0.63,22.63,-40.82,4.11,-22.63,7.82,-14.08,241.12,4.78,10016.67
9054,-0.6,0.78,-0.75,75.3,-56.45,60.49,-49.37,23.45,-27.15,241.32,22.04,10010.0
9055,-0.26,0.22,-0.04,52.26,-22.3,7.82,-25.19,-7.0,-4.11,408.85,34.15,9968.33
9056,-0.41,0.48,-0.26,55.96,-7.82,44.85,-21.48,0.41,-1.56,408.88,27.23,9968.33
9057,0.23,-0.04,0.11,10.7,7.82,18.11,8.96,-7.82,14.08,408.65,23.71,9961.67
9058,-0.26,0.41,-0.34,18.93,-52.26,44.85,-26.0,12.67,-1.56,241.08,10.0,10003.33
9059,0.26,-0.45,0.48,-41.15,-25.52,-15.22,-9.22,-6.67,18.93,240.88,15.19,10013.33
9060,0.07,-0.63,0.67,-52.26,11.52,-22.63,-19.19,-7.82,15.22,444.71,13.48,8555.0
9061,0.78,-1.41,1.34,-71.6,93.82,-79.0,25.74,-17.19,27.15,662.04,20.45,6596.67
9062,0.78,-1.41,1.34,-71.6,93.82,-79.0,35.71,-13.49,19.75,661.97,18.67,6586.67
9063,0.93,-1.26,1.04,-86.08,56.78,-89.78,35.71,-23.45,27.15,458.11,18.67,8041.67
9064,0.52,-0.45,0.48,-29.71,4.11,-33.41,-20.67,-11.52,4.11,240.75,18.67,9993.33
9065,0.34,-0.15,0.37,7.33,11.52,-26.0,-20.67,-11.52,4.11,446.82,4.93,8448.33
9066,-0.26,0.22,-0.04,52.26,-22.3,7.82,-44.85,18.93,-18.93,447.06,-3.7,8455.0
9067,-0.33,0.37,-0.34,15.22,-26.0,4.11,-22.63,26.33,-15.22,447.12,-9.08,8475.0
9068,-0.11,0.15,-0.11,4.11,-3.78,-3.29,-26.33,18.93,-17.78,241.08,-9.08,10010.0
9069,0.52,-0.19,0.41,-15.22,30.04,-18.93,-2.15,-4.11,8.96,416.76,3.04,9631.67
9070,1.23,-0.86,1.08,-23.45,49.38,-41.97,28.3,-30.86,25.74,416.6,-0.37,9621.67
9071,0.89,-0.33,0.33,21.48,-21.48,-4.11,5.26,-7.82,15.22,612.65,-0.37,8461.67
9072,0.82,-0.41,0.08,14.07,-21.48,-33.74,7.82,-15.22,11.52,436.73,-3.85,8846.67
9073,0.18,-0.07,-0.44,33.41,-55.3,-18.11,-22.63,11.52,-5.26,436.9,-0.44,8846.67
9074,0.48,-0.67,0.19,-37.45,-14.07,-55.96,-5.85,-7.82,15.22,240.88,15.08,10026.67
9075,-0.3,-0.07,0.11,-14.41,-59.34,14.89,-43.37,12.67,-0.41,241.08,4.85,10013.33
9076,-0.41,0.33,-0.11,0.08,-44.85,40.49,-39.67,1.56,3.29,409.62,10.22,9926.67
9077,-1.01,1.11,-0.53,52.75,-97.52,89.12,-63.86,24.6,-23.45,409.76,-1.89,9926.67
9078,-0.75,0.86,-0.78,60.15,-86.08,100.56,-45.67,30.86,-24.6,409.72,13.56,9923.33
9079,-0.3,0.26,-0.19,0.74,-51.93,41.15,-25.19,11.52,-5.26,240.95,16.82,10006.67
9080,-0.3,0.26,-0.19,0.74,-51.93,41.15,-47.41,4.11,-8.96,240.88,22.19,9990.0
9081,-0.04,0.07,0.33,-59.34,-3.3,-15.22,-28.07,-15.22,11.52,240.82,20.45,10006.67
9082,-0.04,0.07,0.33,-59.34,-3.3,-15.22,-21.81,-11.52,5.26,240.88,8.41,10003.33
9083,0.6,-0.75,0.78,-86.08,49.37,-86.08,24.6,-24.6,24.6,240.68,15.15,10013.33
9084,0.22,-0.15,0.19,-40.82,15.22,-59.34,5.26,-5.26,4.11,240.88,9.97,9996.67
9085,-0.26,0.3,-0.41,7.82,-18.93,11.52,-21.48,10.37,-8.96,241.08,27.23,10010.0
9086,-0.63,0.86,-1.12,41.97,-60.15,93.82,-56.45,20.89,-17.19,241.32,13.52,10013.33
9087,0.07,0.19,-0.45,33.74,-40.82,70.78,-33.41,-2.15,-6.67,241.08,3.18,10016.67
9088,-0.08,0.08,-0.19,18.93,-66.74,44.85,-37.11,8.96,-10.37,241.05,-10.67,10006.67
9089,-0.41,0.3,-0.08,4.11,-78.19,18.93,-26.33,18.93,-17.78,241.08,-9.08,10006.67
9090,-1.19,0.89,-0.82,27.15,-97.52,71.6,-79.0,38.26,-38.26,241.18,-0.3,10006.67
9091,-0.52,0.15,-0.26,-18.11,-44.85,37.45,-48.56,11.52,-21.48,241.02,-3.7,10003.33
9092,-0.37,0.26,-0.52,-3.3,-18.93,63.37,-59.34,1.56,-14.08,240.98,-5.3,9986.67
9093,0.3,-0.41,-0.03,-51.93,0.41,-18.93,-2.96,-10.37,8.96,470.09,-0.33,7615.0
9094,-0.15,0.52,-0.78,-6.67,-26.33,11.52,-44.19,6.41,-0.41,470.22,1.48,7621.67
9095,0.07,0.26,-0.59,4.11,-40.82,-10.7,-29.71,5.26,-4.11,470.29,-0.33,7621.67
9096,-0.15,0.41,-0.41,-7.33,-26.0,15.22,-39.67,1.56,3.29,241.12,1.44,10000.0
9097,-0.37,0.22,-0.22,-7.33,-51.93,18.93,-21.48,7.82,2.15,241.22,9.97,9993.33
9098,-0.52,0.56,-0.34,-32.92,-37.45,11.52,-35.97,8.96,5.85,241.15,11.78,10003.33
9099,-1.12,0.97,-0.75,12.34,-97.52,41.97,-52.75,28.3,-14.63,241.35,6.6,9996.67
9100,-0.97,1.08,-1.01,27.15,-71.6,67.89,-52.75,28.3,-14.63,241.35,6.6,9996.67
9101,-0.63,0.34,-0.15,-6.67,-52.26,15.22,-15.22,18.93,4.7,492.41,18.45,6868.33
9102,0.08,-0.44,0.45,-26.0,0.41,-41.15,1.56,-0.41,25.19,492.21,23.64,6868.33
9103,0.22,-0.52,0.82,-3.78,4.11,-67.08,-16.63,-6.67,26.33,492.15,25.34,6871.67
9104,0.3,-0.3,0.63,21.81,18.93,-55.63,-12.93,-17.78,22.63,474.95,13.48,7455.0
9105,0.48,-0.04,0.41,7.33,11.52,-44.19,-2.96,-14.08,15.22,474.88,8.3,7465.0
9106,0.86,-0.82,0.86,-74.97,34.56,-78.34,38.26,-30.86,24.6,474.72,-3.74,7461.67
9107,0.56,-0.7,0.26,-51.93,-14.07,-7.48,7.82,-0.41,1.56,423.87,-3.74,9336.67
9108,0.52,-0.74,0.12,-33.74,-14.07,-18.93,-2.15,-1.56,-2.15,423.8,1.44,9330.0
9109,0.15,0.04,-0.33,48.56,-37.11,15.22,-54.82,17.78,-22.63,423.9,10.22,9333.33
9110,0.67,-0.3,0.0,18.11,-3.29,-67.08,-20.67,-1.56,-3.29,240.72,22.15,10013.33
9111,-0.04,0.37,-0.48,48.56,-22.63,15.22,-44.85,18.93,-18.93,240.98,10.04,10013.33
9112,0.26,-0.07,-0.18,-33.74,7.82,-15.22,1.56,3.29,11.52,460.66,4.67,7971.67
9113,0.3,-0.04,-0.04,-51.93,7.82,-3.78,-2.15,-4.11,8.96,662.26,8.18,6583.33
9114,0.78,-0.49,0.56,-100.56,41.97,-74.64,24.6,-34.56,32.0,662.03,16.82,6593.33
9115,0.26,-0.04,0.3,-47.89,-18.11,-29.71,7.82,-15.22,11.52,442.48,23.75,8645.0
9116,-0.48,0.59,-0.34,0.74,-37.45,41.15,-33.41,1.56,2.15,241.05,8.3,10013.33
9117,-0.41,0.15,-0.08,15.22,-44.85,29.71,-35.97,11.52,-5.26,241.02,11.78,10010.0
9118,-0.33,0.0,-0.26,44.85,-33.41,11.52,-65.6,11.52,-15.22,495.75,18.7,6750.0
9119,0.19,-0.85,0.56,-15.22,-6.67,-48.56,-28.07,1.0,-7.0,667.37,27.23,6548.33
9120,0.34,-0.63,0.19,-11.52,-14.07,-48.56,-28.07,-8.96,0.41,667.4,23.75,6545.0
9121,0.41,-0.33,0.04,-48.56,0.41,-48.56,-16.63,-15.22,11.52,412.56,8.3,9791.67
9122,0.48,-0.3,-0.22,-22.63,30.04,-48.56,-19.19,-25.19,18.93,487.03,10.0,7041.67
9123,-0.0,0.11,-0.52,18.6,-3.78,11.52,-43.37,5.26,-4.11,487.27,1.37,7045.0
9124,0.67,-0.59,0.04,-15.22,15.56,-29.71,-8.41,-5.26,4.11,669.23,16.82,6423.33
9125,0.22,-0.03,-0.3,15.22,-55.3,-6.67,-25.19,21.48,-12.67,423.25,15.11,9395.0
9126,-0.15,0.11,-0.22,-10.37,-66.74,-10.37,-21.48,10.37,-8.96,423.28,28.97,9391.67
9127,-0.89,0.75,-0.86,38.26,-86.08,60.49,-45.67,30.86,-24.6,241.35,15.11,10010.0
9128,-0.33,0.34,-0.59,11.52,-52.26,15.22,-26.33,14.08,-15.22,241.02,18.52,9990.0
9129,0.37,-0.44,0.0,-7.82,0.41,-41.15,0.41,-1.56,-2.15,240.82,1.26,9996.67
9130,0.52,-0.7,0.23,-11.52,-14.07,-78.19,0.41,-1.56,-2.15,240.82,1.26,10013.33
9131,0.3,-0.48,0.34,-29.71,0.74,-66.74,0.41,-11.52,5.26,240.85,-0.44,10013.33
9132,-0.26,0.41,-0.52,4.44,-26.0,15.56,-22.63,11.52,-5.26,415.67,11.6,9670.0
9133,0.04,0.15,-0.07,-51.93,22.63,-3.78,11.52,-7.82,14.08,415.47,21.93,9653.33
9134,-0.52,0.52,-0.26,-10.7,-37.45,55.63,-37.45,15.22,-12.67,415.63,18.67,9656.67
9135,-0.07,-0.0,0.41,-70.78,-3.3,-0.74,-18.11,-4.11,7.82,240.85,22.15,10000.0
9136,-0.48,0.67,-0.26,0.08,-37.45,44.19,-63.04,5.26,-4.11,241.02,10.22,10006.67
9137,0.04,0.22,-0.0,-52.59,22.63,-0.74,-10.37,-14.08,16.37,240.92,1.44,10020.0
9138,-0.22,0.41,-0.52,7.48,-26.0,55.63,-29.71,5.26,-4.11,240.98,3.18,10003.33
9139,-0.19,0.34,-0.45,-18.11,-26.0,37.45,-29.71,5.26,-4.11,240.98,3.18,10000.0
9140,0.15,0.26,-0.37,18.93,-40.82,41.15,-35.97,8.96,5.85,241.02,18.7,10003.33
9141,0.11,0.52,-0.15,41.15,-22.63,15.22,-54.15,2.7,7.0,241.05,3.26,10020.0
9142,0.78,-0.19,0.41,7.33,-3.29,-26.0,-19.19,-10.37,26.33,240.95,16.96,10033.33
9143,0.15,0.15,-0.11,26.67,-37.11,-10.37,-54.15,2.7,7.0,450.35,4.85,8353.33
9144,0.22,-0.03,-0.3,15.22,-55.3,-6.67,-54.15,2.7,7.0,450.35,4.85,8356.67
9145,-0.0,-0.26,-0.11,3.78,-47.89,4.11,-47.89,-1.0,-2.97,640.93,-0.33,7388.33
9146,0.33,-0.45,0.26,-41.15,0.74,-29.71,-10.37,-11.52,5.26,624.28,-1.93,8013.33
9147,0.11,-0.19,0.08,-51.93,15.22,-7.48,4.11,-12.67,1.56,624.35,13.52,8000.0
9148,-0.19,0.41,-0.56,18.93,-26.0,30.37,-37.11,4.11,-7.82,433.86,5.0,8971.67
9149,-0.15,0.0,-0.33,7.48,-33.41,41.15,-37.11,1.56,3.29,241.12,18.7,10020.0
9150,-0.0,-0.07,0.04,29.71,-29.71,15.22,-37.11,1.56,3.29,241.12,16.96,10016.67
9151,-0.3,0.11,0.26,11.52,-41.15,26.0,-18.93,7.82,2.15,241.22,25.49,10013.33
9152,-0.6,0.71,-0.38,82.38,-82.38,63.86,-41.97,19.75,-20.89,241.38,27.23,10006.67
9153,-0.6,0.52,-0.52,56.45,-100.56,52.75,-45.67,30.86,-24.6,241.35,15.11,10010.0
9154,0.18,-0.07,-0.44,33.41,-55.3,-18.11,-26.33,4.11,-7.82,241.05,16.82,10010.0
9155,0.74,-0.41,0.11,-0.41,-21.48,-48.56,-5.85,-7.82,15.22,240.88,15.08,10023.33
9156,1.12,-1.0,0.71,-56.78,19.75,-71.6,28.3,-27.15,34.56,240.68,25.41,10020.0
9157,0.56,-0.59,0.45,-30.04,-14.07,-26.33,1.56,3.29,11.52,240.92,16.78,10010.0
9158,0.3,-0.85,0.52,-67.08,-6.67,-33.74,1.56,-4.11,7.82,240.82,13.3,10006.67
9159,0.48,-0.67,0.19,-37.45,-14.07,-55.96,1.56,-4.11,7.82,240.82,13.3,10006.67
9160,0.78,-0.93,0.64,-93.82,34.56,-75.3,32.0,-30.86,24.6,240.65,9.89,10006.67
9161,0.19,-0.15,0.22,-41.15,-18.11,-26.67,7.82,-0.41,1.56,240.88,1.26,10003.33
9162,0.04,-0.37,0.59,-44.85,-10.7,-26.67,0.41,-11.52,5.26,418.83,-3.7,9548.33
9163,-0.19,-0.11,0.11,26.0,-59.34,7.48,-30.04,15.22,-11.52,635.13,-3.7,7631.67
9164,0.67,-0.63,0.45,10.37,-14.07,-33.74,-3.29,-15.22,11.52,634.9,10.15,7631.67
9165,0.22,-0.07,-0.26,55.3,-37.11,48.56,-30.04,4.11,-4.11,701.96,3.18,5173.33
9166,0.09,-0.1,-0.32,51.89,-11.52,74.48,-18.93,0.41,2.15,739.39,20.26,3823.33
9167,0.05,-0.14,-0.43,26.3,-11.52,56.3,-21.48,10.37,-5.26,921.55,20.26,3191.67
9168,-0.02,0.34,-0.58,26.3,-15.22,44.85,-21.48,21.48,-12.67,676.74,21.85,6111.67
9169,0.23,0.07,-0.0,-4.11,7.82,-11.52,1.56,5.85,0.41,629.05,4.78,7836.67
9170,0.04,-0.08,0.3,10.37,44.85,-0.74,11.52,7.0,4.11,446.92,1.26,8475.0
9171,0.34,-0.78,1.0,-23.45,79.0,-41.97,35.71,-16.04,30.86,446.79,13.37,8465.0
9172,0.0,-0.22,0.3,-0.41,44.85,10.7,-20.67,-4.11,7.82,454.75,25.41,8173.33
9173,-0.52,0.71,-0.63,44.52,-11.52,59.34,-65.6,5.26,-4.11,454.91,13.48,8160.0
9174,-0.78,1.34,-1.27,52.75,-45.67,82.38,-82.38,24.6,-24.6,455.11,8.3,8176.67
9175,-0.63,1.08,-1.04,49.04,-60.15,45.34,-82.38,24.6,-24.6,241.22,5.04,10003.33
9176,-0.11,0.04,-0.19,4.11,-33.41,-25.52,-47.41,11.52,-5.26,241.12,18.75,10000.0
9177,0.3,-0.48,0.34,-29.71,0.74,-66.74,-28.07,-15.22,11.52,240.82,20.45,9983.33
9178,0.33,-0.56,0.26,-26.0,0.74,-29.71,1.56,-11.52,21.48,240.82,28.93,9983.33
9179,-0.3,0.26,-0.19,0.74,-51.93,41.15,-15.22,7.82,1.0,241.02,23.75,9986.67
9180,-0.93,0.6,-0.52,34.56,-112.01,86.08,-64.19,30.86,-25.74,241.18,20.49,10000.0
9181,-0.63,0.48,-0.08,-14.07,-63.37,15.22,-47.41,11.52,-5.26,241.12,5.04,10003.33
9182,-0.07,0.11,0.11,-55.3,-3.3,-44.19,-24.37,-11.52,5.26,240.88,-5.3,10006.67
9183,0.78,-0.45,0.34,-70.93,41.97,-100.56,32.0,-23.45,28.3,240.75,-0.33,10013.33
9184,0.78,-0.45,0.34,-70.93,41.97,-100.56,32.0,-23.45,28.3,240.75,13.37,10023.33
9185,1.01,-0.67,0.23,-52.75,27.15,-112.01,28.3,-19.75,38.26,449.05,27.12,8395.0
9186,0.15,-0.11,0.0,-37.11,-18.11,-55.63,-2.15,-11.52,22.63,449.28,30.63,8391.67
9187,0.19,-0.52,0.23,-48.56,-25.52,-44.85,-2.15,-18.93,18.93,659.81,25.45,6676.67
9188,0.04,-0.63,0.67,-52.26,11.52,-22.63,-4.7,-16.37,7.82,451.42,27.23,8305.0
9189,0.74,-1.3,1.34,-71.6,93.82,-56.78,15.78,-35.71,27.15,451.15,22.01,8298.33
9190,0.37,-0.52,0.89,10.7,70.78,-22.63,-19.19,-15.22,11.52,240.72,13.48,10016.67
9191,-0.04,0.0,0.18,41.15,-0.08,0.41,-65.6,-2.15,-7.82,411.55,1.37,9846.67
9192,-0.04,0.0,0.18,41.15,-0.08,0.41,-55.63,8.96,-11.52,411.58,3.07,9850.0
9193,0.56,-0.56,0.45,-29.71,15.56,-44.52,-18.11,-1.56,-3.29,411.35,16.78,9843.33
9194,0.93,-1.15,1.04,-86.08,56.78,-67.56,28.3,-17.19,27.15,240.65,28.89,10023.33
9195,0.37,-0.37,0.11,-51.93,0.41,-7.48,-28.07,-5.26,4.11,454.68,27.19,8183.33
9196,0.19,-0.63,0.34,-37.45,7.82,-18.93,-24.37,-11.52,5.26,454.78,11.67,8183.33
9197,0.22,-0.56,0.45,-11.52,37.45,-18.93,-18.11,-15.22,-4.7,454.75,-3.85,8163.33
9198,0.3,-0.48,0.48,-11.52,48.56,-48.56,-6.67,-17.78,6.41,461.7,-5.55,7913.33
9199,0.52,-0.19,0.37,-0.41,41.15,-18.93,-10.37,-21.48,12.67,461.63,11.71,7916.67
9200,0.52,-0.3,0.3,-0.41,11.52,-41.15,-14.07,-17.78,22.63,461.66,27.23,7926.67
9201,0.3,-0.48,0.52,-15.22,-25.52,-37.45,-25.52,-15.22,11.52,240.82,25.67,10023.33
9202,-0.41,0.19,-0.15,-7.0,-44.85,-14.41,-63.04,5.26,-4.11,241.02,10.22,10020.0
9203,-0.22,0.45,-0.37,-21.48,-52.26,-2.96,-65.6,7.82,-15.22,423.08,11.96,9391.67
9204,-0.15,0.48,-0.23,-14.07,-52.26,11.52,-65.6,7.82,-15.22,423.25,18.7,9388.33
9205,0.56,-0.19,0.44,-22.3,-32.92,-11.52,-24.37,-8.96,-5.85,423.11,16.89,9388.33
9206,-0.15,0.48,0.07,18.93,-52.26,47.89,-41.15,4.11,-15.22,490.96,8.41,6930.0
9207,0.0,0.63,-0.26,11.52,-26.33,29.71,-18.93,11.52,-11.52,491.06,6.63,6916.67
9208,-0.93,1.12,-0.75,19.75,-71.6,56.45,-45.67,27.15,-24.6,702.77,23.89,5163.33
9209,-0.82,1.0,-0.64,49.38,-67.89,41.97,-75.3,27.15,-34.56,452.92,23.89,8246.67
9210,-0.89,0.93,-0.71,64.19,-67.89,71.6,-75.3,27.15,-34.56,452.72,13.56,8243.33
9211,-0.52,0.78,-0.78,89.78,-56.45,75.3,-89.78,28.3,-30.86,241.15,-1.89,10000.0
9212,0.07,0.23,-0.52,18.93,-40.82,30.37,-43.37,12.67,-0.41,241.08,4.85,10010.0
9213,0.78,-0.44,-0.03,-11.52,-21.48,-51.93,-19.19,-7.82,15.22,240.82,16.96,10016.67
9214,1.04,-0.63,0.38,-70.93,27.15,-100.56,15.78,-20.89,34.56,240.72,16.96,10006.67
9215,0.22,-0.08,0.15,-29.71,-18.11,-41.15,-30.63,-5.26,4.11,240.78,10.22,10000.0
9216,-0.48,0.59,-0.34,0.74,-37.45,41.15,-65.6,5.26,-4.11,241.22,6.74,10013.33
9217,-0.75,0.78,-0.75,60.15,-86.08,89.78,-86.08,17.19,-27.15,241.38,4.93,10010.0
9218,-0.67,0.86,-1.15,67.56,-60.15,101.23,-86.08,17.19,-27.15,241.38,4.93,10020.0
9219,-0.52,0.78,-0.78,89.78,-56.45,75.3,-67.89,23.45,-28.3,241.28,3.23,10013.33
9220,-0.82,0.97,-0.56,71.6,-67.89,86.08,-82.38,24.6,-24.6,241.22,5.04,10033.33
9221,-0.6,0.71,-0.38,82.38,-82.38,63.86,-56.45,20.89,-17.19,241.32,13.52,10030.0
9222,-0.82,0.71,-0.34,52.75,-112.01,78.34,-74.64,14.63,-16.04,439.33,16.93,8773.33
9223,-0.26,0.33,-0.0,11.52,-51.93,18.93,-33.41,-2.15,-6.67,652.05,16.93,6968.33
9224,-0.26,0.33,-0.0,11.52,-51.93,18.93,-47.89,-1.0,-2.97,651.98,1.48,6971.67
9225,0.33,-0.45,0.41,-41.15,0.74,-29.71,-10.37,-14.08,16.37,453.77,3.26,8228.33
9226,-0.11,0.15,-0.33,18.26,-33.41,29.71,-33.41,8.96,5.85,241.15,11.78,10026.67
9227,0.22,-0.48,0.34,-26.67,7.82,-30.37,4.11,-11.52,21.48,240.95,22.01,10006.67
9228,0.45,-0.26,0.15,-15.22,0.41,-41.15,11.52,-7.82,14.08,240.88,20.23,9993.33
9229,0.97,-1.19,1.08,-60.15,56.78,-89.78,30.86,-27.15,34.56,240.68,25.41,9996.67
9230,0.59,-0.63,0.37,-26.0,15.56,-7.48,7.82,-7.82,15.22,240.95,30.63,10016.67
9231,0.37,-0.85,0.56,-37.45,22.96,3.3,-2.15,-18.93,18.93,240.92,28.93,10033.33
9232,-0.04,-0.15,-0.0,18.93,-29.71,37.45,-51.11,-3.29,-11.52,240.98,22.19,10023.33
9233,-0.15,0.26,-0.08,4.11,-15.22,7.82,-54.82,7.82,-15.22,240.95,8.34,10023.33
9234,-0.45,0.86,-0.71,74.97,-56.45,45.67,-75.3,27.15,-34.56,241.22,-3.7,10006.67
9235,-0.45,0.86,-0.71,74.97,-56.45,45.67,-45.67,30.86,-24.6,241.35,-2.15,10013.33
9236,0.03,0.0,0.15,55.63,-0.08,15.22,-18.93,7.82,2.15,241.08,-3.74,10016.67
9237,-0.34,0.15,0.22,30.04,-11.52,11.52,-18.93,7.82,2.15,241.08,13.52,10033.33
9238,0.04,-0.63,0.67,-52.26,11.52,-22.63,0.41,-18.93,18.93,240.78,15.22,10026.67
9239,-0.3,-0.11,-0.07,-7.33,-59.34,15.22,-48.56,-3.29,-11.52,240.98,22.19,10013.33
9240,-0.3,-0.11,-0.07,-7.33,-59.34,15.22,-48.56,-3.29,-11.52,452.49,22.19,8253.33
9241,-0.08,0.11,-0.26,4.11,-66.74,4.44,-48.56,-3.29,-11.52,452.49,22.19,8266.67
9242,-0.21,0.08,-0.32,0.71,-41.15,30.37,-15.22,0.41,-1.56,706.11,30.49,4996.67
9243,0.13,-0.14,-0.43,15.52,-29.71,56.3,-29.71,1.56,2.15,494.54,15.04,6743.33
9244,-0.06,-0.29,-0.13,30.0,7.33,67.08,-29.71,8.96,5.85,494.51,4.81,6746.67
9245,-0.23,-0.07,0.15,15.22,-29.71,51.93,-51.6,2.7,7.0,240.92,-10.45,10010.0
9246,-0.41,0.26,-0.0,15.22,-15.22,51.93,-40.82,12.67,-0.41,240.95,-8.86,10013.33
9247,-0.78,0.71,-0.78,49.37,-86.08,112.01,-78.34,25.74,-19.75,241.18,-8.86,9993.33
9248,-0.22,0.34,-0.59,8.15,-26.0,52.59,-40.82,12.67,-0.41,241.08,4.85,10010.0
9249,-0.08,0.26,-0.22,30.37,-22.3,26.67,-37.11,1.56,3.29,241.12,18.7,10016.67
9250,-0.19,0.67,-0.3,15.56,-7.82,-2.96,-18.93,7.82,2.15,241.22,27.23,10030.0
9251,-0.45,0.86,-0.71,74.97,-56.45,45.67,-56.45,20.89,-17.19,241.32,13.52,10023.33
9252,-0.15,0.41,-0.41,-7.33,-26.0,15.22,-35.97,1.56,2.15,241.05,8.3,10030.0
9253,0.33,-0.45,0.45,-26.67,30.37,-15.22,-19.19,-17.78,22.63,240.85,13.48,10020.0
9254,0.86,-0.82,0.89,-86.08,64.19,-63.86,25.74,-27.15,34.56,240.68,22.01,10020.0
9255,0.56,-0.37,0.59,-3.78,33.74,-33.41,-9.22,-6.67,18.93,240.88,11.78,10016.67
9256,0.78,-0.19,0.41,7.33,-3.29,-26.0,-2.96,-10.37,8.96,240.85,-3.74,10013.33
9257,-0.11,0.33,0.03,41.15,-48.56,18.93,-59.34,1.56,-14.08,240.98,-5.3,10013.33
9258,-0.04,0.15,-0.15,29.71,-66.74,22.63,-48.56,11.52,-21.48,241.02,-3.7,9996.67
9259,-0.75,0.82,-0.82,37.93,-86.08,45.67,-79.0,38.26,-38.26,241.38,10.04,9996.67
9260,0.18,0.34,-0.34,29.71,-40.82,18.93,-30.04,25.19,-18.93,241.18,16.78,9996.67
9261,-0.19,0.48,-0.26,4.11,-52.26,15.22,-40.82,15.22,-11.52,241.15,15.19,9996.67
9262,0.3,-0.48,0.52,-15.22,-25.52,-37.45,-14.07,-15.22,11.52,418.7,10.22,9541.67
9263,-0.56,0.04,0.18,0.41,-70.78,3.78,-37.11,-5.85,-0.41,597.76,8.45,9035.0
9264,-0.34,0.22,-0.0,0.41,-44.85,0.08,-22.63,-7.0,-4.11,798.08,16.97,7708.33
9265,-0.45,0.59,-0.19,-25.52,-37.45,26.0,-15.22,4.11,-7.82,620.13,21.93,8166.67
9266,-0.52,0.56,-0.34,-32.92,-37.45,11.52,-41.15,7.82,-15.22,441.27,16.97,8673.33
9267,-0.52,0.56,-0.34,-32.92,-37.45,11.52,-67.08,11.52,-22.63,240.92,15.41,10016.67
9268,-0.63,0.52,-0.3,4.11,-37.45,15.22,-70.78,4.11,-25.19,240.95,1.67,10010.0
9269,-0.3,0.3,-0.41,18.93,-26.0,41.15,-70.78,4.11,-25.19,443.53,-5.3,8586.67
9270,-0.52,0.11,-0.22,55.96,-51.93,44.85,-59.34,1.56,-14.08,676.23,3.18,6076.67
9271,-0.15,0.0,-0.44,48.56,-66.74,15.22,-63.04,7.82,-15.22,676.13,18.7,6093.33
9272,0.37,-0.33,-0.11,18.11,-32.92,-67.08,-14.07,-7.82,15.22,681.74,30.63,5885.0
9273,0.97,-0.74,0.3,-64.19,27.15,-97.52,27.15,-24.6,24.6,628.95,16.78,7843.33
9274,0.41,-0.33,0.04,-37.45,-6.67,-52.26,-10.37,-14.08,16.37,838.48,4.67,6166.67
9275,-0.22,0.41,-0.37,-21.81,-26.0,0.41,-37.11,8.96,-10.37,630.55,4.67,7788.33
9276,-0.82,0.82,-0.78,23.45,-86.08,30.86,-89.78,28.3,-30.86,450.65,10.04,8336.67
9277,-0.37,0.3,-0.08,-7.0,-15.22,7.82,-54.82,17.78,-22.63,445.01,18.67,8545.0
9278,-0.45,0.22,-0.15,7.82,-15.22,37.45,-77.04,10.37,-26.33,444.75,13.71,8545.0
9279,-0.11,0.0,-0.26,22.63,-3.78,63.37,-54.82,17.78,-22.63,627.8,6.74,7871.67
9280,0.04,0.15,-0.56,26.33,-29.71,52.59,-52.26,7.82,-15.22,646.12,11.96,7205.0
9281,0.11,0.23,-0.48,11.52,-29.71,22.96,-40.82,5.26,-4.11,646.15,5.0,7211.67
9282,0.41,0.11,-0.04,-37.11,18.93,-47.89,-16.63,-17.78,22.63,463.03,5.0,7875.0
9283,0.37,0.07,-0.18,-37.11,7.82,-59.34,-19.19,-17.78,22.63,240.85,-0.22,10003.33
9284,0.64,-0.56,0.45,-45.34,41.97,-82.38,25.74,-27.15,34.56,240.68,11.71,10013.33
9285,0.6,-0.63,0.52,-56.78,41.97,-67.89,28.3,-27.15,34.56,240.68,25.41,10026.67
9286,0.38,-0.41,0.63,-74.97,56.78,-56.45,30.86,-17.19,27.15,240.65,28.89,10016.67
9287,0.78,-0.49,0.56,-100.56,41.97,-74.64,30.86,-17.19,27.15,240.65,25.49,10010.0
9288,0.19,-0.08,0.15,-55.3,-18.11,-44.19,4.11,5.85,0.41,240.78,13.37,10010.0
9289,-0.15,0.11,-0.22,-6.67,-66.74,-10.37,-15.22,22.63,-8.96,471.28,1.26,7600.0
9290,-0.34,-0.15,-0.0,7.82,-59.34,-21.81,-15.22,22.63,-8.96,471.28,4.67,7586.67
9291,-0.11,0.04,-0.19,7.82,-33.41,-25.52,-15.22,22.63,-8.96,471.48,15.0,7573.33
9292,0.19,-0.22,0.26,-52.26,15.22,-44.85,11.52,7.0,4.11,241.05,25.34,9983.33
9293,0.34,0.0,-0.11,-48.56,7.82,-44.85,1.56,5.85,0.41,240.98,27.12,9990.0
9294,1.01,-0.71,0.45,-82.38,27.15,-86.08,28.3,-14.63,16.04,240.52,28.89,9996.67
9295,0.9,-0.74,0.49,-45.34,27.15,-82.38,28.3,-14.63,16.04,446.59,15.15,8461.67
9296,0.53,-0.63,0.71,-37.93,41.97,-52.75,38.26,-13.49,19.75,446.66,13.37,8458.33
9297,-0.18,0.15,0.07,21.48,22.63,6.67,0.74,-2.97,11.52,634.15,6.63,7621.67
9298,-0.67,0.59,-0.37,29.71,-37.45,33.41,-55.63,8.96,-11.52,428.21,15.41,9170.0
9299,-1.08,1.08,-0.67,45.34,-97.52,74.64,-86.08,17.19,-27.15,607.2,15.41,8673.33
9300,-1.27,0.82,-0.41,19.75,-123.45,60.15,-71.6,16.04,-30.86,420.01,23.89,9516.67
9301,-1.08,0.97,-0.41,27.15,-97.52,74.64,-41.97,16.04,-20.89,669.85,23.89,6426.67
9302,-1.08,0.97,-0.41,27.15,-97.52,74.64,-41.97,16.04,-20.89,491.1,27.41,6926.67
9303,-0.89,1.23,-0.67,52.75,-71.6,89.12,-56.45,17.19,-17.19,491.03,11.96,6916.67
9304,-0.22,0.52,-0.45,29.71,-52.26,18.26,-39.67,-5.85,-0.41,429.55,16.93,9125.0
9305,0.39,-0.06,0.02,2.96,7.82,-30.37,-5.52,-14.08,15.22,681.67,1.33,5891.67
9306,0.5,-0.28,0.39,14.41,11.52,-44.85,8.96,-15.22,11.52,681.74,16.78,5898.33
9307,0.31,-0.47,0.72,-15.22,18.93,-22.63,11.52,-5.26,4.11,665.02,13.37,6565.0
9308,-0.13,-0.1,-0.02,26.3,-4.11,41.15,-15.22,10.37,-8.96,666.42,28.78,6531.67
9309,0.2,-0.48,0.21,-44.56,26.33,-3.78,11.52,-5.26,4.11,666.22,11.52,6521.67
9310,0.13,-0.14,0.06,-44.56,33.74,-0.08,8.96,-7.82,15.22,714.25,4.59,4688.33
9311,0.26,-0.11,0.11,-41.15,8.15,-26.0,5.26,-7.82,15.22,460.76,-2.15,7958.33
9312,-0.19,0.48,-0.48,18.26,-26.0,33.41,-21.48,7.82,2.15,460.96,15.11,7958.33
9313,-0.1,0.35,-0.28,44.19,-26.0,29.71,-7.82,11.52,-5.26,493.51,13.37,6766.67
9314,0.17,0.16,0.13,-15.22,22.63,-18.93,8.96,-7.82,15.22,493.31,4.85,6760.0
9315,0.28,-0.24,0.35,-29.71,8.15,-44.52,8.96,-7.82,15.22,682.65,-9.0,5846.67
9316,-0.22,0.56,-0.52,15.22,-26.0,4.11,-25.19,0.41,-0.41,430.52,6.59,9093.33
9317,-0.22,0.56,-0.52,15.22,-26.0,4.11,-18.93,-3.29,-10.37,430.49,4.78,9100.0
9318,0.19,-0.08,0.11,-15.22,15.22,-41.15,1.56,-12.67,1.56,240.85,16.89,10023.33
9319,0.3,-0.3,0.48,-3.78,18.93,-55.63,-12.93,-11.52,5.26,240.82,11.67,10010.0
9320,-0.04,0.07,0.26,67.08,-11.52,-10.7,-39.67,4.11,-7.82,241.02,28.93,10020.0
9321,-0.52,1.04,-0.53,86.41,-38.26,41.97,-56.45,20.89,-17.19,241.35,23.75,10023.33
9322,-0.63,1.23,-0.9,56.78,-41.97,56.45,-45.67,30.86,-24.6,469.2,20.49,7690.0
9323,-0.74,1.45,-1.27,45.34,-45.67,70.93,-49.37,41.97,-28.3,469.17,6.63,7680.0
9324,-0.67,1.12,-1.12,56.45,-60.15,63.53,-53.08,34.56,-30.86,658.47,-0.3,6753.33
9325,-0.78,0.93,-0.71,56.45,-86.08,63.53,-45.67,30.86,-24.6,430.69,1.26,9086.67
9326,-0.37,0.26,-0.04,-14.41,-51.93,18.6,-18.93,0.41,-1.56,430.46,9.89,9090.0
9327,0.26,-0.08,0.48,-33.74,-18.11,2.96,4.11,-18.93,17.78,240.85,18.53,10006.67
9328,0.37,0.15,0.07,-15.56,7.82,2.96,0.41,-26.33,15.22,409.32,16.97,9923.33
9329,-0.07,0.78,-0.52,55.3,-26.33,59.34,-26.33,-7.0,-4.11,644.6,16.97,7333.33
9330,-0.82,1.52,-1.27,89.12,-45.67,100.56,-63.86,13.49,-19.75,832.06,13.71,6500.0
9331,-0.3,0.48,-0.41,44.19,-18.93,29.71,-37.11,-2.15,-6.67,663.35,4.93,6586.67
9332,-0.11,0.04,-0.33,33.41,-33.41,29.71,-33.41,-2.15,-6.67,428.35,10.15,9183.33
9333,-0.11,0.04,-0.33,33.41,-33.41,29.71,-44.85,0.41,-17.78,241.05,10.15,10023.33
9334,-0.19,0.48,-0.59,18.93,-26.0,41.15,-48.56,-3.29,-11.52,240.98,22.19,10013.33
9335,0.37,0.18,-0.11,-29.71,7.82,-29.71,-28.07,-22.63,7.82,240.72,16.97,9996.67
9336,0.52,-0.3,0.04,-40.49,-6.67,-18.26,1.56,-18.93,17.78,240.85,18.53,9990.0
9337,0.07,0.3,-0.56,18.93,-40.82,41.15,-17.78,7.82,1.0,241.15,16.82,10010.0
9338,-0.45,0.67,-1.0,78.34,-74.64,89.78,-64.19,30.86,-25.74,241.32,13.56,10026.67
9339,-0.15,0.56,-0.56,29.71,-26.0,18.93,-44.85,14.08,-16.37,433.86,5.04,8985.0
9340,0.33,-0.45,0.26,-41.15,0.74,-29.71,-21.81,-8.96,-5.85,433.63,-5.3,8985.0
9341,0.15,-0.04,0.08,-41.15,15.22,-18.93,-10.37,-11.52,5.26,433.66,-12.26,8971.67
9342,0.45,-0.19,0.22,-15.56,0.41,-0.74,-12.93,-14.08,16.37,240.92,1.44,10026.67
9343,0.37,0.18,0.07,-4.11,30.04,2.96,-16.63,-6.67,18.93,482.21,4.85,7221.67
9344,0.56,-0.22,0.26,-4.11,15.56,-7.82,1.56,-0.41,17.78,482.31,13.37,7225.0
9345,-0.37,0.26,-0.22,4.11,-29.71,18.93,-44.85,15.22,-12.67,673.97,15.11,6211.67
9346,-0.37,0.22,-0.22,-7.33,-51.93,18.93,-44.85,4.11,-8.96,432.61,23.75,9010.0
9347,-0.07,-0.37,0.41,-78.19,-10.7,-18.93,-25.52,-12.67,0.41,432.28,28.93,9006.67
9348,0.11,-0.11,0.15,-52.59,15.22,-4.44,-3.29,-5.26,4.11,240.75,15.08,10016.67
9349,-0.3,0.56,-0.52,18.26,-18.93,40.49,-40.82,15.22,-11.52,428.21,11.82,9176.67
9350,-0.33,0.96,-0.74,29.71,-11.52,29.71,-37.11,8.96,-10.37,428.31,-3.7,9180.0
9351,0.08,0.29,-0.07,-41.15,22.63,-15.22,-12.93,-21.48,12.67,428.08,4.93,9183.33
9352,-0.15,-0.0,0.3,-51.93,26.33,-29.71,-2.15,-21.48,5.26,493.14,-0.44,6850.0
9353,-0.45,0.11,-0.15,7.48,-22.3,41.15,-28.89,-5.85,-7.82,716.43,1.37,4680.0
9354,-0.89,0.64,-0.82,67.56,-56.45,97.52,-49.37,13.49,-27.15,716.69,6.59,4676.67
9355,-0.56,0.53,-0.97,63.86,-74.64,86.41,-60.15,13.49,-19.75,673.67,6.59,6176.67
9356,-0.3,0.34,-0.45,-7.0,-26.0,30.04,-39.67,1.56,3.29,670.16,8.18,6301.67
9357,0.31,-0.46,0.16,-70.78,4.44,-37.41,-20.33,-10.37,26.33,925.08,3.07,2991.67
9358,0.16,-0.2,-0.07,-67.08,18.93,-0.37,-9.55,-0.41,18.93,715.82,3.07,4651.67
9359,-0.14,0.06,-0.51,-10.7,-29.71,18.96,-55.96,15.22,-11.52,496.14,8.45,6686.67
9360,-0.26,0.41,-0.52,4.44,-26.0,15.56,-48.56,11.52,-21.48,241.02,-3.7,9990.0
9361,-0.08,0.08,-0.37,4.44,-40.49,15.56,-59.34,1.56,-14.08,240.98,-5.3,10006.67
9362,-0.0,0.08,-0.41,18.93,-40.49,30.37,-33.41,-2.15,-6.67,241.08,3.18,10023.33
9363,0.22,-0.14,-0.52,37.11,-55.3,18.93,-39.67,-5.85,-0.41,429.55,16.93,9145.0
9364,0.56,-0.67,0.15,-22.96,-14.07,-41.15,-2.15,-16.37,7.82,429.32,30.63,9135.0
9365,0.41,-0.33,0.04,-48.56,0.41,-48.56,-5.85,-5.26,4.11,429.28,16.78,9138.33
9366,0.15,-0.19,0.22,-78.19,15.22,-22.63,-5.85,4.7,-3.29,240.72,18.56,10026.67
9367,0.19,-0.11,0.33,-52.26,44.85,-22.63,1.56,5.85,0.41,240.78,16.78,10033.33
9368,0.04,-0.26,0.67,-52.26,41.15,-4.44,5.26,5.85,0.41,480.68,27.12,7270.0
9369,0.15,-0.52,0.93,-26.33,63.37,-8.15,5.26,3.29,11.52,480.82,27.12,7256.67
9370,-0.26,0.0,0.22,4.11,-7.48,14.89,-28.89,22.63,-7.82,481.02,16.78,7253.33
9371,0.15,-0.48,0.52,-4.11,30.37,-26.33,-5.85,-0.41,18.93,427.28,3.04,9211.67
9372,-0.56,0.19,-0.15,15.22,-51.93,7.82,-52.26,15.22,-11.52,427.35,-3.7,9218.33
9373,-0.52,0.11,-0.22,29.71,-51.93,44.85,-48.56,4.11,-7.82,650.47,-5.3,7048.33
9374,-0.26,-0.15,-0.37,18.6,-29.71,37.45,-51.11,-3.29,-11.52,710.36,6.74,4881.67
9375,0.03,-0.11,-0.26,55.63,-0.08,37.45,-21.48,0.41,-1.56,710.49,8.3,4868.33
9376,0.59,-0.41,0.22,-3.78,33.74,-33.41,8.96,-7.82,14.08,487.17,20.23,7028.33
9377,-0.15,0.3,-0.08,15.56,-48.56,0.74,-37.45,15.22,-12.67,241.05,16.97,9993.33
9378,-0.37,0.3,-0.04,-14.07,-78.19,15.22,-55.63,8.96,-11.52,240.95,8.45,10013.33
9379,-1.08,1.08,-0.67,45.34,-97.52,74.64,-82.38,24.6,-24.6,241.22,5.04,10026.67
9380,-0.22,0.52,-0.45,29.71,-52.26,18.26,-26.0,12.67,-1.56,241.08,10.0,10033.33
9381,0.45,-0.22,-0.29,2.96,30.04,-30.37,8.96,-7.82,14.08,487.17,20.23,7061.67
9382,0.48,-0.3,-0.22,-22.63,30.04,-48.56,-20.67,-11.52,4.11,667.98,20.23,6471.67
9383,0.48,-0.3,-0.22,-22.63,30.04,-48.56,-28.07,-15.22,11.52,876.31,20.23,4833.33
9384,0.6,-0.15,-0.29,-18.93,-7.0,-70.78,-18.11,-4.11,7.82,630.06,21.93,7795.0
9385,0.86,-0.78,0.34,-27.15,27.15,-93.82,28.3,-27.15,34.56,448.95,23.64,8375.0
9386,0.64,-0.56,0.6,-19.75,41.97,-82.38,32.0,-34.56,30.86,474.65,11.71,7458.33
9387,-0.26,-0.04,0.48,10.7,26.33,-26.0,-2.15,-25.19,11.52,727.14,1.37,4288.33
9388,-0.26,-0.04,0.48,10.7,26.33,-26.0,0.41,-17.78,15.22,913.53,-10.67,3500.0
9389,-0.29,-0.11,0.41,-26.34,26.33,-11.52,-3.29,-10.37,18.93,679.57,3.04,6051.67
9390,-0.11,0.04,0.04,-26.34,22.63,14.41,-25.52,-7.82,15.22,641.11,11.67,7385.0
9391,-0.3,0.34,-0.45,-7.0,-26.0,30.04,-63.04,5.26,-4.11,454.91,13.48,8176.67
9392,-0.82,0.78,-0.71,45.67,-86.08,74.97,-112.01,20.89,-34.56,454.98,6.74,8163.33
9393,-0.64,0.45,-0.56,45.67,-100.56,74.97,-82.38,24.6,-24.6,241.22,5.04,9990.0
9394,-0.08,0.04,-0.3,18.93,-66.74,29.71,-47.41,4.11,-8.96,429.55,16.97,9115.0
9395,0.15,0.04,-0.33,48.56,-37.11,15.22,-21.48,0.41,-1.56,429.65,23.71,9115.0
9396,0.74,-0.22,0.26,25.52,-3.29,-37.45,-2.15,-16.37,7.82,429.32,28.89,9128.33
9397,0.59,-0.34,0.7,21.81,33.74,-15.22,7.82,-5.26,4.11,240.82,28.89,10010.0
9398,0.3,-0.37,0.59,-15.22,4.11,-15.22,4.11,5.85,0.41,240.78,16.78,10023.33
9399,-0.45,0.37,-0.15,18.6,-15.22,26.0,-44.85,18.93,-18.93,240.98,10.04,10010.0
9400,-0.67,0.59,-0.37,29.71,-37.45,33.41,-48.56,11.52,-21.48,241.02,-3.7,10016.67
9401,-0.3,0.45,-0.45,55.3,-26.0,37.11,-70.78,4.11,-25.19,240.95,1.67,10003.33
9402,0.26,-0.48,0.37,10.37,30.37,-11.52,-18.11,-15.22,-4.7,465.32,4.93,7801.67
9403,0.48,-0.71,0.6,-0.74,52.59,-18.93,-21.81,-11.52,5.26,465.22,6.74,7805.0
9404,0.07,-0.6,0.71,-26.33,70.78,-22.63,-21.81,-11.52,5.26,690.76,13.48,5558.33
9405,-0.18,-0.37,0.59,-15.22,48.56,-15.22,-25.52,-5.26,4.11,466.2,16.96,7766.67
9406,-0.82,0.33,0.07,11.52,-33.74,33.41,-74.48,10.37,-26.33,466.4,23.93,7753.33
9407,-0.15,0.03,0.37,-22.3,-3.3,-11.52,-28.07,-5.26,4.11,240.78,10.22,10000.0
9408,0.26,-0.04,0.3,-47.89,-18.11,-29.71,-28.07,-7.82,15.22,240.92,10.22,10003.33
9409,0.67,-0.52,0.6,-63.53,41.97,-70.93,24.6,-27.15,35.71,240.82,1.44,9993.33
9410,0.93,-0.71,0.63,-63.53,27.15,-70.93,27.15,-27.15,35.71,240.82,15.15,10000.0
9411,0.53,-0.63,0.71,-37.93,41.97,-52.75,27.15,-27.15,35.71,240.82,15.15,9996.67
9412,0.0,-0.22,0.37,7.33,11.52,-26.0,4.11,-4.11,25.19,426.08,30.67,9253.33
9413,-0.4,-0.15,0.44,32.92,26.33,-7.82,1.56,-1.56,14.08,425.95,30.67,9260.0
9414,-0.52,0.15,-0.08,66.74,-22.3,22.63,-21.48,10.37,-8.96,426.12,15.15,9253.33
9415,-0.48,0.19,-0.19,29.71,-51.93,22.63,-28.89,14.08,-15.22,413.62,16.89,9753.33
9416,-0.97,0.63,-0.63,37.93,-112.01,49.37,-63.86,24.6,-23.45,413.85,3.18,9743.33
9417,-0.67,0.04,-0.0,-32.92,-70.78,11.52,-40.82,12.67,-0.41,413.68,18.7,9756.67
9418,-0.6,0.07,0.15,-32.92,-41.15,26.0,-33.41,8.96,5.85,459.53,15.19,8006.67
9419,-0.11,-0.37,0.59,-41.15,18.93,-0.74,4.11,-1.56,14.08,459.3,28.89,8006.67
9420,-0.07,-0.3,0.7,-15.22,48.56,-0.74,11.52,2.15,6.67,459.23,27.12,8006.67
9421,0.19,-0.56,0.45,-0.41,30.37,10.7,-6.67,-4.11,7.82,240.75,15.19,10003.33
9422,0.41,-0.78,0.67,-11.52,52.59,3.3,-6.67,-6.67,18.93,240.88,15.19,10013.33
9423,-0.3,-0.11,-0.0,7.82,-29.71,37.45,-33.41,8.96,5.85,241.15,11.78,10003.33
9424,0.07,-0.56,0.78,-26.33,41.15,-22.63,4.11,-1.56,14.08,240.92,25.49,10016.67
9425,0.07,-0.56,0.78,-26.33,41.15,-22.63,7.82,-5.26,4.11,240.88,9.97,10000.0
9426,1.0,-1.04,1.26,-34.56,86.41,-49.37,34.56,-20.89,17.19,240.62,13.37,10013.33
9427,0.48,-0.11,0.33,10.37,30.04,-0.74,-14.41,-7.82,-2.15,240.82,6.63,10003.33
9428,0.52,-0.15,-0.04,10.37,30.04,-0.74,-20.67,-11.52,4.11,487.03,18.67,7051.67
9429,0.52,-0.15,-0.04,10.37,30.04,-0.74,-20.67,-11.52,4.11,487.03,18.67,7051.67
9430,1.26,-0.89,0.71,-23.45,49.38,-41.97,28.3,-24.6,23.45,486.83,25.41,7058.33
9431,0.82,-0.15,0.52,32.92,-3.29,-7.82,11.52,2.15,6.67,240.85,23.71,10010.0
9432,0.37,-0.11,0.48,32.92,11.52,-7.82,7.82,-5.26,4.11,240.88,9.97,10013.33
9433,0.08,0.03,0.33,7.33,26.33,-26.0,11.52,-11.52,5.26,240.98,-5.55,10010.0
9434,0.27,-0.45,0.67,-37.93,56.78,-52.75,34.56,-34.56,15.78,240.75,-15.89,10010.0
9435,0.38,-0.41,0.63,-74.97,56.78,-56.45,28.3,-38.26,22.04,240.68,-3.85,10010.0
9436,0.34,-0.49,0.71,-86.41,56.78,-41.97,28.3,-38.26,22.04,240.68,-3.85,10006.67
9437,0.75,-0.56,0.63,-112.01,41.97,-60.15,24.6,-32.0,20.89,240.58,11.67,10016.67
9438,0.37,-0.04,-0.07,-51.93,18.93,-33.41,-21.81,-5.26,4.11,483.17,9.97,7170.0
9439,0.0,0.56,-0.67,-6.67,-15.22,-6.67,-44.85,17.78,-6.41,483.4,20.3,7180.0
9440,-0.56,0.86,-1.15,41.97,-49.04,64.19,-67.89,27.15,-18.34,483.7,22.04,7183.33
9441,-0.45,0.53,-0.97,41.97,-74.64,93.82,-56.45,20.89,-17.19,241.32,13.52,10026.67
9442,-0.38,0.19,-0.82,53.08,-89.12,86.41,-63.86,24.6,-23.45,241.25,6.59,10016.67
9443,0.18,-0.11,-0.33,4.44,-55.3,15.56,-37.11,8.96,-10.37,442.62,6.59,8635.0
9444,-0.15,0.11,-0.22,-10.37,-66.74,-10.37,-18.93,15.22,-11.52,442.72,15.11,8638.33
9445,-0.21,0.08,-0.32,0.71,-41.15,30.37,-7.82,11.52,-5.26,696.27,28.78,5371.67
9446,-0.39,-0.18,-0.09,15.19,-33.74,18.93,-14.08,15.22,4.7,691.85,20.3,5538.33
9447,0.09,-0.62,0.35,6.96,26.33,-7.82,2.7,-4.11,25.19,691.65,25.49,5518.33
9448,0.56,-1.23,1.08,-34.56,41.97,-93.82,25.74,-19.75,38.26,437.9,22.15,8785.0
9449,0.78,-0.93,0.97,-23.45,34.56,-64.19,28.3,-27.15,34.56,240.68,30.63,10000.0
9450,1.19,-1.0,0.89,-49.04,19.75,-82.38,38.26,-23.45,27.15,240.62,28.86,10000.0
9451,0.78,-0.19,0.41,7.33,-3.29,-26.0,-18.11,-11.52,4.11,240.75,23.89,9993.33
9452,0.34,-0.15,0.37,7.33,11.52,-26.0,-14.41,-7.82,-2.15,240.82,6.63,9980.0
9453,-0.22,0.15,-0.11,55.96,-22.3,44.85,-44.85,0.41,-17.78,241.05,10.15,10000.0
9454,-0.3,0.3,-0.41,18.93,-26.0,41.15,-15.22,4.11,-7.82,241.18,11.71,10016.67
9455,-0.3,0.3,-0.41,18.93,-26.0,41.15,-11.52,11.52,-5.26,241.15,25.45,10036.67
9456,-0.33,0.37,-0.34,15.22,-26.0,4.11,-15.22,22.63,-8.96,241.12,11.6,10023.33
9457,0.11,-0.56,0.41,-30.04,0.74,-26.33,4.11,3.29,11.52,240.92,16.78,10020.0
9458,-0.37,-0.11,-0.04,-21.81,-59.34,0.41,-30.04,22.63,-7.82,241.12,6.44,10006.67
9459,-0.37,-0.11,-0.04,-21.81,-59.34,0.41,-40.82,12.67,-0.41,241.08,4.85,10006.67
9460,-0.15,0.11,-0.22,-10.37,-66.74,-10.37,-37.11,8.96,-10.37,442.62,6.59,8625.0
9461,0.71,-0.44,0.0,-26.0,-21.48,-66.74,-2.96,-10.37,8.96,442.42,16.93,8638.33
9462,0.74,-0.52,-0.07,-22.3,-21.48,-29.71,11.52,-11.52,5.26,442.48,32.37,8645.0
9463,0.0,0.12,-0.7,26.33,-40.82,41.15,-11.52,11.52,-5.26,415.73,27.15,9686.67
9464,0.07,0.19,-0.67,26.33,-40.82,70.78,-18.93,10.37,-8.96,630.91,28.93,7798.33
9465,-0.26,0.41,-0.56,11.52,-52.26,44.85,-15.22,17.78,-6.41,630.95,22.01,7805.0
9466,-0.04,0.15,-0.37,22.3,-66.74,22.63,-15.22,17.78,-6.41,652.18,9.97,6971.67
9467,-0.78,0.89,-0.89,63.53,-86.08,63.86,-41.97,38.26,-22.04,437.2,-2.15,8856.67
9468,-0.11,0.15,-0.33,18.26,-33.41,29.71,-18.93,15.22,-11.52,627.58,-2.15,7885.0
9469,-0.3,0.45,-0.26,0.08,-18.93,40.49,-18.93,11.52,-11.52,681.48,6.63,5968.33
9470,0.19,-0.56,0.56,-70.78,7.82,-8.15,7.82,-11.52,15.22,681.35,18.75,5965.0
9471,0.19,-0.56,0.56,-70.78,7.82,-8.15,1.56,-5.26,14.08,490.63,23.93,6916.67
9472,0.15,-0.59,0.3,-63.37,7.82,3.3,-5.85,2.15,7.82,434.55,27.19,8916.67
9473,-0.37,0.26,-0.52,-3.3,-18.93,63.37,-54.82,17.78,-22.63,434.62,20.45,8906.67
9474,-0.15,0.49,-0.71,8.15,-26.33,52.59,-54.82,7.82,-15.22,434.65,16.97,8910.0
9475,0.37,-0.37,0.11,-51.93,0.41,-7.48,-30.63,-12.67,0.41,240.68,20.45,9986.67
9476,0.22,-0.48,0.37,-66.74,-25.52,-33.41,-8.41,-5.26,4.11,240.75,15.08,10000.0
9477,0.26,-0.45,0.48,-41.15,-25.52,-15.22,-2.15,-1.56,-2.15,240.82,3.04,10013.33
9478,0.19,-0.08,0.33,-29.71,4.11,-11.52,0.41,-0.41,1.56,482.21,-9.08,7228.33
9479,0.41,0.11,0.15,-29.71,30.04,-15.22,0.41,-0.41,1.56,482.21,-9.08,7225.0
9480,-0.03,-0.11,0.15,-29.71,67.08,-22.63,18.6,-4.11,0.41,735.92,1.3,4006.67
9481,-0.33,0.11,-0.3,15.22,-3.78,-3.29,-4.44,4.11,-15.22,684.17,1.3,5881.67
9482,-0.56,-0.07,-0.11,15.22,-29.71,0.41,-26.67,-3.29,-18.93,684.1,6.67,5881.67
9483,-0.97,0.67,-0.45,30.86,-112.01,49.04,-71.6,16.04,-30.86,430.59,13.56,9090.0
9484,-0.9,0.67,-0.49,45.34,-112.01,63.86,-86.08,17.19,-27.15,241.18,11.96,10013.33
9485,0.03,0.19,-0.0,37.11,-66.74,37.11,-39.67,1.56,3.29,416.93,18.7,9631.67
9486,0.33,0.0,-0.22,55.3,-55.3,26.33,-35.97,8.96,5.85,416.96,11.78,9635.0
9487,0.26,0.19,-0.04,66.74,-37.11,22.63,-25.19,18.93,-1.56,417.0,13.37,9631.67
9488,-0.34,0.45,-0.63,100.56,-70.93,75.3,-45.67,30.86,-24.6,464.44,-0.33,7840.0
9489,-0.41,0.45,-0.6,86.08,-70.93,60.49,-53.08,34.56,-30.86,464.37,-7.26,7836.67
9490,0.22,-0.07,-0.22,40.82,-55.3,33.74,-28.89,11.52,-4.11,640.05,4.85,7458.33
9491,0.82,-0.33,0.37,7.0,-21.48,-18.93,1.56,3.29,11.52,416.73,16.78,9625.0
9492,1.26,-0.86,1.08,-23.45,49.38,-41.97,35.71,-16.04,30.86,600.77,25.41,8916.67
9493,1.04,-1.15,1.19,-34.56,56.78,-71.6,41.97,-19.75,20.89,424.92,9.89,9301.67
9494,0.18,-0.63,0.85,-18.93,11.52,-30.37,-2.96,-10.37,8.96,623.2,9.89,8051.67
9495,-0.19,0.0,-0.0,0.41,-59.34,3.78,-47.89,-1.0,-6.67,686.45,13.37,5760.0
9496,-0.0,0.26,-0.23,-14.07,-66.74,15.22,-54.15,2.7,3.29,686.49,28.89,5760.0
9497,0.78,-0.33,-0.15,-37.11,-21.48,-55.63,-9.22,-6.67,15.22,488.21,28.89,7013.33
9498,0.37,-0.33,0.08,-37.11,-3.29,-55.63,-20.67,-4.11,7.82,466.4,28.89,7763.33
9499,-0.33,0.41,-0.56,4.11,-22.63,3.78,-44.85,18.93,-18.93,694.38,22.15,5420.0
9500,-0.59,0.56,-0.37,-25.52,-7.82,29.71,-54.82,15.22,-11.52,914.19,11.82,3375.0
9501,-0.26,0.63,-0.3,11.52,-7.82,29.71,-43.37,12.67,-0.41,688.68,-1.89,5635.0
9502,-0.11,0.19,-0.15,18.93,-22.3,41.15,-39.67,1.56,3.29,460.86,6.59,7981.67
9503,-0.49,0.78,-0.78,79.0,-45.34,67.89,-74.64,14.63,-16.04,462.03,13.52,7940.0
9504,0.07,0.19,-0.67,26.33,-29.71,11.52,-37.11,4.11,-7.82,461.8,27.23,7940.0
9505,0.07,0.19,-0.67,26.33,-29.71,11.52,-33.41,11.52,-5.26,461.7,27.23,7920.0
9506,0.71,-0.55,-0.22,-4.11,-21.48,-41.15,1.56,-8.96,10.37,429.22,30.63,9128.33
9507,0.18,-0.22,-0.55,26.33,-55.3,41.15,-17.78,7.82,1.0,429.55,25.45,9118.33
9508,0.15,-0.14,-0.48,22.63,-55.3,4.11,-25.19,11.52,-5.26,429.62,11.6,9125.0
9509,-0.04,-0.33,-0.15,-7.0,-47.89,26.34,-15.22,22.63,-8.96,241.12,11.6,9996.67
9510,0.11,-0.56,0.41,-30.04,0.74,-26.33,11.52,7.0,4.11,240.85,15.0,10010.0
9511,0.15,-0.63,0.34,-26.34,0.74,10.7,0.74,-2.97,11.52,240.82,13.41,10006.67
9512,-0.22,0.15,-0.11,55.96,-22.3,44.85,-29.71,5.26,-4.11,241.05,15.19,10006.67
9513,-0.56,0.71,-0.82,79.0,-56.45,97.52,-60.15,13.49,-19.75,241.28,18.7,9993.33
9514,-0.04,0.37,-0.48,48.56,-22.63,15.22,-18.93,-3.29,-10.37,410.87,30.63,9871.67
9515,0.3,0.0,-0.26,-22.3,7.82,-29.71,1.56,-15.22,12.67,410.7,16.93,9871.67
9516,0.91,-0.8,0.35,-86.08,38.26,-97.16,20.89,-27.15,35.71,665.62,11.82,6571.67
9517,0.79,-0.91,0.79,-89.78,75.3,-74.93,24.6,-19.75,38.26,680.11,10.11,5988.33
9518,0.16,-0.58,0.45,-55.96,15.22,-30.0,4.11,-7.82,15.22,680.28,25.56,5995.0
9519,0.33,-0.37,0.59,-15.22,4.11,-15.22,5.26,-5.26,4.11,425.06,28.93,9308.33
9520,0.22,-0.04,0.26,-29.71,-18.11,-26.0,-4.7,-16.37,7.82,240.78,28.93,10016.67
9521,0.52,-0.19,0.22,-18.6,-6.67,-37.11,-19.19,-15.22,11.52,450.01,15.08,8346.67
9522,-0.34,0.33,-0.11,-2.96,-51.93,4.11,-65.6,-2.15,-7.82,450.38,15.08,8343.33
9523,-0.26,-0.11,0.15,11.52,-59.34,-7.33,-55.63,8.96,-11.52,450.41,16.78,8343.33
9524,-0.49,0.07,0.33,7.82,-70.78,18.26,-67.08,11.52,-22.63,241.08,22.15,10013.33
9525,-0.37,0.3,-0.08,26.0,-44.85,18.26,-44.85,18.93,-18.93,240.98,10.04,10000.0
9526,-0.89,1.34,-0.93,70.93,-71.6,89.12,-79.0,38.26,-38.26,241.18,-0.3,10010.0
9527,-0.82,1.41,-1.34,78.34,-45.67,100.56,-53.08,34.56,-30.86,241.28,8.18,10006.67
9528,-0.85,1.27,-1.34,67.56,-45.67,112.01,-53.08,34.56,-30.86,434.98,16.82,8926.67
9529,-0.55,0.56,-0.63,33.74,-11.52,70.78,-18.93,15.22,-11.52,434.78,27.15,8930.0
9530,-0.52,0.6,-0.37,26.33,-11.52,59.34,-15.22,18.93,-8.96,684.53,18.67,5846.67
9531,0.23,-0.04,0.26,-22.3,7.82,-11.52,8.96,-1.56,6.67,490.56,22.15,6926.67
9532,0.11,0.26,-0.26,11.52,-40.82,18.93,-17.78,14.08,-6.41,686.65,8.41,5746.67
9533,0.52,-0.3,0.15,-41.15,-6.67,-26.0,8.96,2.15,6.67,436.67,13.37,8830.0
9534,0.26,-0.11,0.11,-41.15,8.15,-26.0,8.96,2.15,6.67,436.67,13.37,8840.0
9535,0.78,-0.49,0.56,-100.56,41.97,-74.64,28.3,-17.19,27.15,240.65,30.63,10006.67
9536,1.04,-0.63,0.38,-70.93,27.15,-100.56,28.3,-17.19,27.15,240.65,30.63,10010.0
9537,1.34,-0.78,0.52,-45.34,12.34,-82.38,28.3,-19.75,38.26,240.78,30.63,10016.67
9538,1.08,-0.6,0.49,-45.34,27.15,-82.38,35.71,-16.04,30.86,240.72,27.12,10026.67
9539,0.3,-0.0,0.41,-29.71,4.11,-11.52,5.26,3.29,11.52,480.82,27.12,7273.33
9540,-0.56,0.52,0.07,-14.07,-41.15,29.71,-18.93,26.33,-15.22,480.95,15.0,7273.33
9541,-0.6,0.44,0.14,-25.52,-41.15,44.19,-18.93,26.33,-15.22,480.95,15.0,7263.33
9542,0.04,-0.37,0.59,-44.85,-10.7,-26.67,4.11,-4.11,7.82,418.8,10.04,9555.0
9543,0.11,-0.3,0.19,-37.45,15.22,-15.22,-18.11,-11.52,4.11,418.73,15.41,9538.33
9544,-0.19,0.15,-0.11,44.85,-15.22,15.22,-44.85,4.11,-8.96,419.0,12.01,9545.0
9545,-0.82,0.97,-0.56,71.6,-67.89,86.08,-93.82,27.15,-35.71,241.18,12.01,10000.0
9546,-1.01,0.82,-0.19,71.6,-64.19,60.15,-71.6,24.6,-32.0,493.54,6.63,6836.67
9547,-1.08,0.97,-0.49,34.56,-67.89,56.45,-79.0,28.3,-38.26,493.47,-0.3,6843.33
9548,-0.97,1.19,-0.9,52.75,-41.97,56.45,-79.0,28.3,-38.26,493.47,-0.3,6853.33
9549,0.0,0.74,-0.52,29.71,-26.33,29.71,-54.82,15.22,-11.52,241.05,11.82,10033.33
9550,0.07,0.59,-0.23,66.74,-22.63,33.41,-51.11,4.11,-7.82,241.08,25.67,10026.67
9551,0.78,-0.19,0.41,25.52,7.82,-26.0,-2.15,-18.93,18.93,463.1,34.15,7895.0
9552,0.56,-0.37,0.59,14.41,44.85,-33.41,-2.15,-16.37,7.82,462.97,34.15,7885.0
9553,0.97,-1.08,1.12,-67.89,67.89,-89.78,42.78,-25.74,19.75,701.61,25.67,5170.0
9554,0.22,-0.45,0.48,-37.45,37.45,-18.93,23.45,1.0,2.97,479.73,18.75,7291.67
9555,0.37,-0.33,0.04,-33.74,0.41,-41.15,23.45,-8.96,10.37,479.76,15.27,7291.67
9556,0.52,-0.18,-0.03,-7.82,7.82,-29.71,5.26,-11.52,11.52,497.15,8.34,6708.33
9557,0.97,-0.67,0.64,-56.45,64.19,-86.08,24.6,-27.15,24.6,738.21,1.41,3920.0
9558,0.11,-0.11,0.41,-40.82,18.93,-29.71,4.11,-7.82,5.26,738.47,6.63,3920.0
9559,-0.45,0.26,-0.19,-10.37,-29.71,4.11,-22.63,4.11,-7.82,482.44,22.04,7215.0
9560,-0.56,0.19,-0.15,15.22,-51.93,7.82,-15.22,4.11,-7.82,241.12,32.37,10003.33
9561,0.15,-0.48,0.52,-4.11,30.37,-26.33,5.26,-7.82,15.22,240.95,30.63,10000.0
9562,0.15,-0.48,0.52,-4.11,30.37,-26.33,-20.67,-4.11,7.82,240.85,22.15,9990.0
9563,0.37,-0.82,0.67,-15.22,22.96,-55.96,-20.67,-4.11,7.82,240.85,22.15,9993.33
9564,-0.11,0.04,-0.19,4.11,-33.41,-25.52,-37.45,15.22,-12.67,241.05,16.97,10003.33
9565,-0.34,0.22,-0.0,-7.0,-15.22,0.08,-7.82,18.93,-2.7,459.57,21.93,8010.0
9566,-0.86,1.26,-0.86,37.93,-41.97,70.93,-34.56,34.56,-15.78,459.83,18.53,8023.33
9567,-0.89,1.34,-0.93,63.53,-41.97,89.12,-52.75,28.3,-14.63,459.73,10.0,8013.33
9568,-0.6,1.26,-1.27,63.53,-60.15,74.64,-70.93,22.04,-17.19,488.57,11.78,7013.33
9569,-0.15,0.67,-0.52,29.71,-26.0,15.22,-47.89,-4.7,-0.41,722.34,3.26,4458.33
9570,0.52,-0.15,-0.04,-11.52,-6.67,-55.63,-2.96,-14.08,11.52,722.17,15.19,4471.67
9571,0.75,-0.52,0.56,-56.78,41.97,-86.08,32.0,-34.56,30.86,474.65,11.71,7485.0
9572,0.82,-0.97,0.75,-67.89,64.19,-97.52,35.71,-23.45,27.15,458.11,18.67,8068.33
9573,0.11,-0.3,0.26,-37.45,44.85,-15.22,-9.22,-14.08,15.22,458.27,6.74,8048.33
9574,0.19,-0.63,0.41,-37.45,37.45,-18.93,-2.96,-10.37,8.96,458.34,-5.3,8031.67
9575,0.08,-0.26,0.15,-63.37,15.22,7.0,-6.67,-17.78,6.41,240.88,-14.08,10000.0
9576,0.82,-0.89,0.78,-112.01,34.56,-63.86,38.26,-27.15,18.34,240.72,-5.55,10013.33
9577,0.45,-0.3,0.19,-55.63,-6.67,-40.82,15.22,-4.11,7.82,240.95,4.78,10023.33
9578,0.04,0.37,-0.48,15.22,-40.82,4.11,-15.22,22.63,-8.96,241.12,8.19,10016.67
9579,-0.56,0.75,-0.89,60.15,-74.64,37.93,-41.97,38.26,-22.04,241.38,8.19,10016.67
9580,-0.19,0.15,-0.3,3.78,-33.41,14.89,-15.22,22.63,-8.96,241.12,11.6,10006.67
9581,-0.04,-0.33,-0.15,-7.0,-47.89,26.34,-26.0,12.67,-1.56,241.08,10.0,10000.0
9582,-0.34,-0.18,-0.11,-18.11,-59.34,37.45,-26.0,12.67,-1.56,241.08,10.0,9990.0
9583,-0.37,0.22,-0.33,-6.67,-51.93,26.67,-33.41,8.96,5.85,241.15,11.78,10006.67
9584,-0.56,0.56,-0.48,-6.67,-37.45,26.67,-44.85,11.52,-5.26,241.12,18.75,10023.33
9585,0.04,0.18,-0.07,-40.49,44.85,-3.78,-25.52,-4.11,7.82,482.17,11.82,7235.0
9586,-0.37,0.63,-0.71,8.15,21.81,37.45,-74.48,15.22,-12.67,724.66,6.63,4388.33
9587,0.15,-0.22,0.11,-51.93,48.56,-22.63,-28.07,-0.41,17.78,724.59,13.37,4368.33
9588,0.48,-0.33,0.19,-26.34,11.52,-18.93,-24.37,-7.82,15.22,483.3,9.97,7156.67
9589,0.97,-1.12,1.15,-60.49,56.78,-49.37,22.04,-27.15,35.71,240.82,15.15,9990.0
9590,1.0,-1.04,1.26,-34.56,86.41,-49.37,24.6,-24.6,24.6,240.68,15.15,10006.67
9591,0.07,-0.56,0.78,-26.33,41.15,-22.63,-5.85,2.15,7.82,240.85,18.56,10010.0
9592,0.26,-0.41,0.48,-40.82,4.11,-33.41,-5.85,-5.26,4.11,240.75,15.08,10006.67
9593,-0.3,0.37,-0.45,-6.67,-52.26,26.67,-25.19,11.52,-5.26,415.67,11.6,9663.33
9594,0.04,0.15,-0.56,8.15,-40.82,52.59,-25.19,11.52,-5.26,415.67,11.6,9676.67
9595,0.04,0.15,-0.56,8.15,-40.82,52.59,-22.63,21.48,-12.67,415.63,15.08,9683.33
9596,0.18,-0.11,-0.33,4.44,-55.3,15.56,-26.33,14.08,-15.22,241.02,20.3,10020.0
9597,0.74,-0.41,0.15,-44.19,-21.48,-55.3,7.82,-5.26,4.11,240.82,30.63,10000.0
9598,0.15,-0.03,-0.26,0.74,-55.3,-21.48,-18.93,15.22,-11.52,241.08,18.52,10000.0
9599,0.07,0.23,-0.52,4.44,-29.71,-14.07,-44.85,22.63,-8.96,483.4,11.6,7163.33
9600,-0.63,1.01,-1.15,63.86,-49.04,45.34,-101.23,34.56,-32.0,483.53,6.63,7163.33
9601,-0.93,1.15,-1.12,52.75,-60.49,56.45,-93.82,30.86,-25.74,483.6,13.56,7173.33
9602,-0.93,1.23,-1.01,37.93,-71.6,56.45,-67.89,23.45,-28.3,441.54,13.56,8673.33
9603,-1.12,0.97,-0.75,12.34,-97.52,41.97,-41.97,19.75,-20.89,653.15,22.04,6930.0
9604,-1.04,1.0,-0.6,19.75,-97.52,56.45,-71.6,16.04,-30.86,653.01,20.49,6920.0
9605,-1.27,0.82,-0.41,19.75,-123.45,60.15,-75.3,27.15,-34.56,452.72,13.56,8253.33
9606,-0.67,0.41,-0.0,-25.52,-63.37,29.71,-48.56,11.52,-21.48,421.02,-0.3,9461.67
9607,-0.45,0.41,-0.04,4.11,-33.74,15.22,-18.93,15.22,-11.52,421.15,1.26,9451.67
9608,0.15,-0.0,0.37,-41.15,26.33,-15.22,7.82,-15.22,11.52,620.33,1.26,8160.0
9609,0.22,-0.34,0.52,-41.15,18.93,-18.93,7.82,-15.22,11.52,440.33,-2.15,8715.0
9610,0.26,-0.59,0.3,-63.37,0.74,7.0,0.41,-11.52,5.26,440.27,-9.08,8718.33
9611,0.59,-0.67,0.37,-26.34,-14.07,10.7,-2.15,-4.11,8.96,240.95,3.04,10023.33
9612,0.29,-0.07,-0.26,44.52,-55.3,48.56,-43.37,12.67,-0.41,241.08,4.85,10023.33
9613,0.82,-0.41,0.08,14.07,-21.48,-33.74,-16.63,-7.82,15.22,240.82,16.96,10036.67
9614,0.56,-0.67,0.15,-22.96,-14.07,-41.15,-6.67,-4.11,7.82,240.75,15.19,10026.67
9615,0.86,-1.26,0.79,-93.82,27.15,-79.0,28.3,-24.6,23.45,240.55,25.41,10023.33
9616,0.33,-0.93,0.45,-63.37,-6.67,3.3,8.96,-7.82,14.08,240.88,20.23,10006.67
9617,-0.0,-0.4,-0.22,-3.3,-47.89,63.37,-25.19,11.52,-5.26,241.08,9.89,10000.0
9618,-0.49,0.6,-1.04,67.56,-74.64,112.01,-49.37,41.97,-28.3,241.32,1.26,9993.33
9619,-0.22,0.41,-0.52,7.48,-26.0,55.63,-22.63,26.33,-15.22,241.05,4.67,9993.33
9620,0.11,-0.11,0.15,-52.59,15.22,-4.44,4.11,3.29,11.52,240.92,16.78,10003.33
9621,0.63,-1.15,1.01,-97.52,41.97,-75.3,38.26,-16.04,30.86,240.72,27.12,10000.0
9622,0.33,-0.89,0.56,-41.15,-6.67,-55.96,4.11,3.29,11.52,240.92,16.78,10006.67
9623,0.33,-0.89,0.56,-41.15,-6.67,-55.96,1.56,-4.11,7.82,240.82,13.3,10010.0
9624,-0.15,0.08,-0.22,-21.81,-33.41,-3.29,-25.19,11.52,-5.26,241.08,9.89,10003.33
9625,-0.45,0.22,-0.19,-32.92,-44.85,7.82,-25.19,11.52,-5.26,241.08,9.89,10013.33
9626,-0.48,0.63,-0.41,-21.48,-37.45,-2.96,-15.22,22.63,-8.96,414.94,-0.33,9711.67
9627,-0.56,0.56,-0.48,-6.67,-37.45,26.67,-15.22,22.63,-8.96,589.52,1.37,9385.0
9628,-0.41,0.67,-0.74,8.15,-11.52,52.59,-7.82,18.93,-2.7,764.17,10.0,9041.67
9629,-0.33,0.34,-0.41,22.63,10.7,63.37,-15.22,17.78,-6.41,590.28,23.71,9343.33
9630,-0.19,0.26,-0.04,44.85,14.41,37.45,-18.93,10.37,-8.96,415.67,27.19,9673.33
9631,-0.26,0.18,0.37,30.04,18.11,26.0,-18.93,10.37,-8.96,459.47,28.89,8006.67
9632,-0.08,0.33,0.07,15.56,-18.93,15.22,-21.48,10.37,-8.96,459.47,28.89,7993.33
9633,-0.37,0.3,-0.04,-21.48,-48.56,15.22,-25.19,21.48,-12.67,459.43,16.78,7996.67
9634,-0.3,0.48,-0.37,4.11,-52.26,26.67,-32.59,14.08,-15.22,476.02,15.08,7413.33
9635,-0.86,0.78,-0.86,52.75,-86.08,97.52,-56.78,34.56,-30.86,476.29,2.96,7430.0
9636,-0.56,0.64,-0.89,67.56,-74.64,86.41,-49.37,30.86,-24.6,706.52,2.96,5013.33
9637,-0.08,0.08,-0.37,8.15,-40.49,15.56,-18.93,15.22,-11.52,471.32,-9.08,7600.0
9638,0.26,-0.45,0.3,-51.93,0.74,-44.52,5.26,-5.26,4.11,471.05,3.04,7580.0
9639,0.82,-0.86,0.56,-82.38,34.56,-89.78,24.6,-22.04,13.49,240.55,15.15,10006.67
9640,0.89,-1.19,0.9,-67.89,56.78,-79.0,20.89,-18.34,23.45,240.58,30.67,10013.33
9641,0.3,-0.41,0.48,-22.63,33.74,-30.37,4.11,-1.56,14.08,459.3,28.89,8020.0
9642,0.07,-0.19,0.59,-40.82,48.56,-18.93,4.11,-11.52,21.48,459.33,25.41,8020.0
9643,0.0,0.14,0.26,-55.3,26.33,-29.71,4.11,-8.96,10.37,652.08,11.71,6968.33
9644,0.0,0.14,0.26,-47.89,-3.3,-29.71,-25.52,-12.67,0.41,433.73,13.48,8978.33
9645,-0.63,0.48,-0.08,-14.07,-63.37,15.22,-48.56,6.67,-18.93,434.0,18.7,8978.33
9646,-0.58,0.28,0.2,0.41,-63.37,26.0,-37.45,7.82,-15.22,493.54,18.56,6786.67
9647,0.2,-0.32,0.28,-22.63,-18.11,-44.85,15.22,-11.52,5.26,662.99,16.78,6651.67
9648,0.39,-0.06,0.02,2.96,7.82,-30.37,-10.7,-7.82,-2.15,662.89,8.3,6648.33
9649,0.0,0.34,-0.63,33.41,-40.82,-7.33,-59.34,1.56,-14.08,410.7,8.45,9881.67
9650,-0.26,0.48,-0.45,3.78,-26.0,18.6,-65.6,5.26,-4.11,241.02,10.22,10010.0
9651,-0.3,0.34,-0.45,-7.0,-26.0,30.04,-35.97,8.96,5.85,415.73,13.48,9670.0
9652,0.11,-0.3,0.19,-37.45,15.22,-15.22,5.26,-7.82,15.22,415.6,11.67,9673.33
9653,-0.15,-0.11,-0.33,33.41,-33.41,41.15,-15.22,4.11,-7.82,638.86,-2.04,7503.33
9654,0.41,-1.0,0.52,-0.74,-6.67,-41.15,11.52,-11.52,5.26,464.01,-0.33,7830.0
9655,-0.0,-0.18,0.04,55.63,-29.71,15.22,-41.15,7.82,-15.22,464.11,8.45,7820.0
9656,0.26,-0.37,0.56,-15.22,18.93,-41.15,-14.41,-7.82,-2.15,240.82,6.63,9996.67
9657,-0.48,0.37,0.07,41.15,-4.11,15.22,-48.56,11.52,-21.48,445.77,8.41,8503.33
9658,-0.07,-0.34,0.63,-15.22,48.56,-18.93,-2.15,-1.56,-2.15,445.57,15.15,8513.33
9659,-0.37,-0.07,0.18,41.15,-0.08,0.41,-43.37,15.22,-11.52,445.7,16.96,8503.33
9660,-0.04,0.0,0.18,41.15,-0.08,0.41,-39.67,4.11,-7.82,240.98,16.96,10000.0
9661,-0.67,0.71,-0.34,67.89,-82.38,49.04,-86.08,17.19,-27.15,241.18,10.22,9993.33
9662,-0.48,0.41,0.14,48.56,-33.74,33.41,-41.15,7.82,-15.22,241.02,22.15,9990.0
9663,-0.71,0.41,0.18,18.93,-63.37,47.89,-41.15,7.82,-15.22,241.02,23.89,9993.33
9664,-0.18,-0.04,0.44,-33.74,-3.3,2.96,11.52,-11.52,5.26,240.92,15.11,10006.67
9665,-0.45,0.59,-0.19,-25.52,-37.45,26.0,-18.93,-3.29,-10.37,241.15,18.63,10003.33
9666,-0.45,0.59,-0.19,-25.52,-37.45,26.0,-15.22,4.11,-7.82,241.18,11.71,10013.33
9667,-0.56,0.56,-0.15,11.52,-37.45,29.71,-11.52,11.52,-5.26,447.22,11.71,8461.67
9668,-0.29,-0.34,0.52,3.29,18.93,-0.74,33.41,-7.82,6.67,700.73,4.82,5260.0
9669,0.27,-0.71,0.71,-37.93,79.0,-60.15,52.75,-27.15,27.15,700.53,10.0,5263.33
9670,-0.15,-0.23,0.41,-22.3,18.93,-18.93,-3.63,-15.22,4.11,494.59,18.78,6808.33
9671,-0.48,0.59,-0.34,0.74,-37.45,41.15,-52.26,15.22,-11.52,434.75,20.45,8933.33
9672,-0.63,0.48,-0.23,26.33,-37.45,59.34,-54.82,7.82,-15.22,434.65,16.97,8916.67
9673,0.0,-0.22,0.3,-0.41,44.85,10.7,-2.15,-11.52,5.26,434.55,8.19,8920.0
9674,-0.18,-0.37,0.67,21.81,48.56,-15.22,5.26,-15.22,11.52,425.95,11.67,9253.33
9675,-0.6,0.11,0.37,37.45,-11.52,26.0,-18.93,15.22,-11.52,426.18,3.04,9263.33
9676,-0.93,0.63,-0.38,82.38,-82.38,63.86,-60.15,32.0,-20.89,603.06,3.04,8840.0
9677,-0.56,0.45,-0.6,60.15,-100.56,89.78,-63.86,24.6,-23.45,418.0,4.78,9603.33
9678,-0.04,0.0,-0.33,7.48,-40.49,44.85,-39.67,-5.85,-0.41,417.76,13.41,9610.0
9679,-0.34,0.19,-0.11,-10.7,-51.93,55.63,-28.89,4.11,-7.82,241.05,16.82,10040.0
9680,0.04,-0.37,0.59,-44.85,-10.7,-26.67,-5.85,-5.26,4.11,240.75,15.08,10040.0
9681,0.11,-0.71,0.74,-44.85,-18.11,-30.37,-3.29,2.15,7.82,240.85,18.56,10033.33
9682,0.37,-0.96,0.49,-37.45,-6.67,-18.93,0.41,-8.96,11.52,240.88,32.41,10033.33
9683,0.52,-0.74,0.12,-33.74,-14.07,-18.93,4.11,-15.22,12.67,410.7,30.63,9895.0
9684,0.52,-0.63,-0.11,37.19,-37.11,41.15,-18.93,-3.29,-10.37,668.17,27.26,6555.0
9685,0.37,-0.15,-0.26,47.97,-22.63,29.71,-18.93,-3.29,-10.37,668.17,27.26,6555.0
9686,0.37,-0.15,-0.26,47.97,-22.63,29.71,-25.19,2.97,-11.52,498.35,29.04,6680.0
9687,0.37,-0.26,-0.03,-22.96,0.41,-30.37,5.26,-5.26,4.11,240.82,30.63,10010.0
9688,0.78,-0.93,0.64,-93.82,34.56,-75.3,35.71,-13.49,19.75,240.58,27.12,9990.0
9689,0.22,-0.52,0.37,-67.08,0.74,-30.04,0.74,-2.97,11.52,240.82,13.41,9983.33
9690,0.22,-0.52,0.37,-67.08,0.74,-30.04,-6.67,-4.11,7.82,412.6,10.0,9778.33
9691,-0.0,-0.26,-0.11,3.78,-47.89,4.11,-40.82,15.22,-11.52,412.8,-0.33,9791.67
9692,0.59,-0.63,0.3,-41.15,-14.07,-29.71,-3.29,4.7,-3.29,412.56,13.37,9801.67
9693,0.63,-0.67,0.34,-15.22,-14.07,-51.93,-3.29,4.7,-3.29,240.72,18.56,10023.33
9694,0.48,-0.41,0.11,-26.0,11.52,-59.34,-25.52,1.0,2.97,483.07,25.49,7183.33
9695,0.19,-0.3,0.15,-37.45,26.33,-44.85,-21.81,-5.26,4.11,483.17,9.97,7180.0
9696,-0.52,0.48,-0.45,-18.11,-26.34,11.52,-41.15,11.52,-5.26,483.5,9.97,7170.0
9697,-0.67,0.41,-0.0,-25.52,-63.37,29.71,-18.93,15.22,-11.52,241.15,3.04,9996.67
9698,-0.9,0.67,-0.49,45.34,-112.01,63.86,-45.67,30.86,-24.6,241.35,20.3,9996.67
9699,-0.67,0.86,-0.67,45.34,-86.08,60.15,-53.08,34.56,-30.86,241.48,18.52,9990.0
9700,-0.04,0.15,-0.15,18.6,-3.78,11.52,-18.93,15.22,-11.52,241.28,28.86,10003.33
9701,-0.08,0.08,-0.19,18.6,-3.78,33.74,-18.93,15.22,-11.52,464.37,13.41,7836.67
9702,-0.0,-0.07,0.11,55.63,-0.08,37.45,-29.71,5.26,-4.11,464.14,1.48,7850.0
9703,-0.08,0.26,-0.22,41.15,-22.3,26.67,-39.67,1.56,3.29,464.21,3.26,7850.0
9704,0.22,0.14,0.22,-18.26,26.33,-44.19,-9.22,-6.67,18.93,240.88,15.19,10020.0
9705,0.08,0.22,-0.15,-40.49,22.63,-18.26,1.56,3.29,11.52,240.92,16.78,10003.33
9706,-0.07,0.11,-0.04,-14.89,22.63,-0.08,4.11,-4.11,7.82,240.82,13.3,10000.0
9707,-0.63,0.48,-0.23,26.33,-37.45,59.34,-52.26,7.82,-15.22,240.95,8.34,9993.33
9708,-0.07,-0.41,0.63,-7.82,-10.7,-22.96,-28.07,-15.22,11.52,240.82,20.45,9996.67
9709,0.15,-0.63,0.85,-18.93,11.52,-30.37,-24.37,-11.52,5.26,240.88,8.41,9986.67
9710,1.0,-1.19,0.97,-41.97,67.89,-89.78,28.3,-27.15,35.71,484.53,16.89,7115.0
9711,1.05,-1.1,0.72,-71.6,71.6,-74.93,27.15,-27.15,35.71,739.62,13.52,3818.33
9712,0.72,-0.57,-0.03,-26.67,0.74,-37.08,-25.52,-7.82,15.22,739.72,22.3,3838.33
9713,0.68,-0.57,0.08,-44.85,-10.37,-37.08,-21.81,-4.11,7.82,495.94,18.78,6720.0
9714,0.41,-0.33,0.19,-4.11,-6.67,-22.3,-10.7,-0.41,0.41,240.78,20.38,10033.33
9715,0.37,-0.41,0.15,-14.89,-6.67,-0.08,18.93,3.29,10.37,240.78,28.86,10013.33
9716,0.15,-0.63,0.34,-26.34,0.74,10.7,8.96,-0.41,17.78,240.85,30.63,10020.0
9717,0.03,-0.33,-0.18,7.48,-47.89,41.15,-25.19,18.93,-1.56,241.05,20.3,10000.0
9718,0.59,-0.63,0.3,-41.15,-14.07,-29.71,-5.85,-7.82,15.22,240.88,15.08,10020.0
9719,0.22,0.15,-0.15,41.15,-37.11,4.44,-26.33,4.11,-7.82,241.05,15.08,10003.33
9720,0.56,-0.48,0.52,-3.78,4.11,-55.63,-2.15,-18.93,18.93,240.92,27.19,10006.67
9721,-0.26,0.07,0.29,37.45,-41.15,3.78,-39.67,1.56,3.29,241.12,16.96,10006.67
9722,-0.37,0.3,-0.08,26.0,-44.85,18.26,-43.37,12.67,-0.41,241.08,4.85,10020.0
9723,-0.59,0.63,-0.23,37.11,-37.45,47.89,-40.82,5.26,-4.11,240.98,1.37,10026.67
9724,-0.48,0.85,-0.63,55.3,-11.52,47.89,-26.33,4.11,-7.82,241.05,16.82,10010.0
9725,-0.67,0.59,-0.37,29.71,-37.45,33.41,-22.63,-7.0,-4.11,452.59,30.67,8250.0
9726,-0.26,0.52,-0.45,4.11,-52.26,15.22,-18.93,-3.29,-10.37,654.22,35.89,6871.67
9727,0.22,-0.48,0.37,-66.74,-25.52,-33.41,7.82,-18.93,2.7,844.64,28.97,5916.67
9728,0.93,-1.15,1.01,-112.01,27.15,-89.78,52.75,-28.3,14.63,871.78,20.49,4958.33
9729,0.74,-1.3,1.3,-97.52,64.19,-79.0,56.45,-20.89,17.19,670.18,16.97,6340.0
9730,0.44,-0.71,0.67,-26.67,22.96,-41.15,33.41,2.15,6.67,479.8,16.97,7301.67
9731,0.67,-0.52,0.52,10.37,15.56,-11.52,18.93,3.29,10.37,240.92,21.93,10010.0
9732,0.26,0.19,-0.04,66.74,-37.11,22.63,-37.45,15.22,-12.67,241.05,16.97,9996.67
9733,0.18,0.19,-0.0,52.26,-37.11,7.82,-41.15,7.82,-15.22,241.02,23.89,9990.0
9734,-0.04,0.0,0.18,41.15,-0.08,0.41,-51.11,4.11,-7.82,241.08,25.67,9990.0
9735,-0.37,-0.07,0.18,18.93,-0.08,0.41,-28.89,1.56,-4.11,493.44,20.3,6830.0
9736,-0.07,-0.3,0.63,-26.0,70.78,-18.93,-5.85,-6.67,11.52,734.53,6.44,4041.67
9737,0.08,-0.19,0.19,-22.3,33.74,-41.15,0.41,-10.37,1.56,904.21,4.67,3916.67
9738,0.8,-0.69,0.69,-56.45,64.19,-75.3,38.26,-19.75,20.89,904.08,2.93,3850.0
9739,0.91,-1.1,0.88,-41.97,34.56,-101.23,45.67,-19.75,20.89,662.76,13.26,6635.0
9740,0.28,-0.35,0.46,-26.33,15.22,-48.56,18.93,-4.11,7.82,693.5,9.86,5426.67
9741,0.08,-0.26,0.3,-15.22,15.22,-41.15,11.52,-11.52,5.26,441.17,8.19,8673.33
9742,0.04,-0.22,0.26,-41.15,15.22,-18.93,4.11,-22.63,8.96,441.14,6.49,8680.0
9743,0.3,-0.86,0.89,-49.38,49.37,-41.97,27.15,-41.97,28.3,240.62,8.19,10016.67
9744,-0.11,-0.37,0.59,-33.74,-10.7,-0.74,0.41,-26.33,15.22,240.82,25.45,10003.33
9745,-0.11,-0.37,0.59,-33.74,-10.7,-0.74,-2.15,-16.37,7.82,240.78,28.93,9996.67
9746,0.33,-0.41,0.63,-33.74,-25.52,-0.74,1.56,-12.67,1.56,240.85,16.89,10003.33
9747,0.45,-0.19,0.22,-15.56,0.41,-0.74,-2.15,-1.56,-2.15,240.82,3.04,10000.0
9748,0.71,0.07,0.15,21.48,-7.0,6.67,7.82,-0.41,1.56,240.88,1.26,10006.67
9749,0.45,-0.19,0.22,-15.56,0.41,-0.74,1.56,-4.11,7.82,451.45,11.6,8288.33
9750,0.59,-0.67,0.37,-26.34,-14.07,10.7,5.26,-15.22,11.52,451.48,25.45,8305.0
9751,-0.26,-0.15,0.04,-10.7,-59.34,51.93,-25.19,-7.0,-4.11,630.47,25.45,7805.0
9752,-0.08,0.04,-0.3,18.93,-66.74,29.71,-22.63,0.41,-0.41,419.94,30.63,9506.67
9753,0.3,-0.52,0.48,-15.22,4.11,-52.59,7.82,-7.82,15.22,637.2,22.15,7535.0
9754,0.93,-1.23,1.01,-41.97,86.41,-101.23,38.26,-16.04,30.86,458.21,22.15,8048.33
9755,0.26,-0.41,0.52,-0.74,67.08,-30.37,11.52,7.0,4.11,458.34,10.04,8051.67
9756,-0.45,0.37,-0.15,18.6,-15.22,26.0,-33.41,16.37,-7.82,241.02,3.07,10016.67
9757,-1.08,1.08,-0.67,37.93,-75.3,74.64,-63.86,35.71,-27.15,481.12,3.07,7253.33
9758,-0.9,0.78,-0.6,12.34,-89.78,60.15,-74.64,25.74,-23.45,728.41,15.19,4256.67
9759,-0.82,0.82,-0.45,19.75,-89.78,74.64,-56.45,32.0,-24.6,728.51,23.71,4260.0
9760,-0.19,0.0,-0.0,0.41,-59.34,3.78,-35.97,8.96,2.15,488.47,25.49,7006.67
9761,-0.26,-0.11,0.15,11.52,-59.34,-7.33,-25.19,18.93,-1.56,241.18,13.37,10016.67
9762,-0.04,-0.11,0.11,41.15,-29.71,-21.81,-54.82,15.22,-11.52,241.05,11.82,10006.67
9763,-0.04,-0.11,0.11,41.15,-29.71,-21.81,-54.82,17.78,-22.63,240.92,11.82,10016.67
9764,0.37,-0.74,0.74,10.7,11.52,-67.08,-28.07,-12.67,0.41,418.67,17.19,9548.33
9765,0.41,-1.0,0.52,-11.52,-6.67,-41.15,-5.85,-5.26,4.11,418.73,11.82,9561.67
9766,-0.08,-0.03,-0.26,7.82,-33.41,11.52,-22.63,11.52,-5.26,419.07,6.63,9548.33
9767,0.11,0.23,-0.48,-6.67,-40.82,22.96,-18.93,15.22,-11.52,241.15,-2.15,10006.67
9768,0.37,0.04,0.04,-66.74,7.82,-33.41,15.22,-4.11,7.82,240.95,8.19,9993.33
9769,0.45,-0.11,0.33,-29.71,11.52,-29.71,15.22,-4.11,7.82,240.95,8.19,9993.33
9770,0.04,-0.04,0.41,-4.11,26.33,-11.52,11.52,-0.41,17.78,427.28,8.19,9201.67
9771,-0.48,0.41,0.14,48.56,-33.74,33.41,-33.41,8.96,5.85,625.56,8.19,7951.67
9772,0.08,-0.19,0.26,-4.11,-18.11,-22.96,-10.37,-14.08,16.37,795.04,11.6,7833.33
9773,-0.41,0.26,-0.19,4.11,-78.19,3.78,-33.41,-2.15,-6.67,608.91,28.86,8635.0
9774,-0.3,0.48,-0.59,22.3,-52.26,3.78,-15.22,4.11,-7.82,617.83,23.89,8301.67
9775,-0.97,1.3,-1.08,63.53,-71.6,74.64,-45.67,30.86,-24.6,448.28,13.56,8423.33
9776,-0.04,0.82,-0.6,55.3,-26.33,47.89,-18.93,15.22,-11.52,448.08,-3.7,8416.67
9777,0.71,0.07,0.15,21.48,-7.0,6.67,-2.15,-1.56,-2.15,240.82,3.04,10013.33
9778,0.52,-0.19,0.41,-4.11,-32.92,-7.82,5.26,-5.26,4.11,240.88,15.15,10020.0
9779,-0.22,0.56,-0.34,29.71,-52.26,33.41,-21.48,10.37,-8.96,409.59,23.93,9933.33
9780,-1.08,1.08,-0.67,45.34,-97.52,74.64,-38.26,27.15,-18.34,409.92,18.75,9920.0
9781,-0.89,1.34,-0.93,70.93,-71.6,89.12,-45.67,30.86,-24.6,409.86,6.63,9926.67
9782,-0.41,0.33,-0.11,0.08,-44.85,40.49,-15.22,22.63,-8.96,241.12,11.6,10013.33
9783,0.41,-0.22,0.11,-41.15,0.41,-18.93,4.11,-4.11,7.82,240.82,13.3,10026.67
9784,0.41,-0.22,0.11,-41.15,0.41,-18.93,7.82,-15.22,11.52,409.36,18.67,9933.33
9785,0.37,0.18,-0.11,-29.71,7.82,-29.71,-2.15,-16.37,7.82,409.29,20.45,9936.67
9786,0.11,0.37,-0.0,-29.71,22.63,-29.71,1.56,-12.67,1.56,622.21,10.22,8131.67
9787,0.63,-0.67,0.86,-74.64,49.37,-100.56,22.04,-22.04,13.49,453.4,16.96,8211.67
9788,0.33,-0.56,0.41,-26.0,0.74,-29.71,-24.37,-8.96,-5.85,453.6,10.22,8205.0
9789,-0.23,-0.18,0.07,15.22,-59.34,29.71,-54.82,17.78,-22.63,240.92,11.82,10003.33
9790,-0.0,0.11,-0.04,26.33,-66.74,59.34,-44.85,18.93,-18.93,240.98,10.04,10016.67
9791,-0.19,0.22,0.03,48.56,-66.74,29.71,-44.85,22.63,-18.93,495.85,18.52,6766.67
9792,-0.26,0.19,-0.11,41.15,-66.74,15.22,-37.45,18.93,-12.67,495.92,30.63,6763.33
9793,-0.59,0.26,-0.19,4.11,-51.93,11.52,-44.85,17.78,-16.37,495.85,32.41,6750.0
9794,-0.04,-0.3,0.52,-52.26,18.93,-18.93,4.11,1.0,2.97,240.78,30.67,10010.0
9795,0.11,-0.19,0.26,-37.45,44.85,7.0,0.41,-6.41,0.41,240.75,32.41,10006.67
9796,0.19,-0.52,0.41,-37.45,37.45,3.3,-2.15,-16.37,7.82,451.42,27.23,8301.67
9797,-0.19,-0.07,-0.37,-3.3,-33.41,63.37,-51.11,-3.29,-11.52,451.62,20.49,8301.67
9798,0.26,-0.59,0.3,-63.37,0.74,7.0,-20.67,-11.52,4.11,451.38,16.97,8308.33
9799,0.52,-0.33,0.22,-26.34,-6.67,14.41,-18.11,-4.11,7.82,240.85,22.15,10013.33
9800,0.78,-0.52,0.74,-86.41,41.97,-41.97,34.56,-23.45,28.3,240.75,13.37,10013.33
9801,0.37,0.04,0.33,-33.74,7.82,2.96,7.82,-11.52,15.22,490.73,8.41,6923.33
9802,0.19,-0.15,0.41,-44.85,44.85,-4.44,11.52,-15.22,5.26,715.16,4.93,4718.33
9803,-0.19,0.45,-0.19,0.41,10.7,22.3,-15.22,0.41,-7.82,715.36,22.19,4701.67
9804,0.48,-0.26,0.04,-22.63,30.04,-48.56,11.52,-11.52,5.26,465.38,27.15,7788.33
9805,0.67,-0.07,-0.04,-11.52,-7.0,-41.15,15.22,-4.11,7.82,240.88,28.86,9996.67
9806,0.67,-0.07,-0.04,-11.52,-7.0,-41.15,11.52,7.0,4.11,240.85,15.0,10016.67
9807,0.52,-0.3,0.33,-15.22,0.41,-41.15,4.11,3.29,11.52,240.92,16.78,10016.67
9808,-0.19,0.37,-0.34,-7.0,-18.93,-18.11,-40.82,12.67,-0.41,241.08,4.85,10013.33
9809,-0.04,0.04,-0.22,18.6,-33.41,-10.7,-33.41,8.96,5.85,436.97,1.44,8833.33
9810,-0.67,0.86,-0.67,45.34,-86.08,60.15,-56.45,20.89,-17.19,437.13,3.18,8823.33
9811,-0.04,0.11,-0.26,29.71,-66.74,7.48,-15.22,4.11,-7.82,437.0,1.37,8833.33
9812,0.45,-0.3,0.04,-11.52,-32.92,-52.59,1.56,-12.67,1.56,240.85,16.89,10000.0
9813,0.67,-0.3,0.0,18.11,-3.29,-67.08,-2.15,-1.56,-2.15,240.82,3.04,10003.33
9814,0.74,-0.22,0.26,25.52,-3.29,-37.45,-5.85,4.7,-3.29,240.72,18.56,10003.33
9815,0.11,0.52,-0.15,41.15,-22.63,15.22,-52.26,17.78,-22.63,240.92,11.82,10006.67
9816,0.52,-0.3,0.33,-15.22,0.41,-41.15,-28.07,-5.26,4.11,437.9,17.19,8801.67
9817,0.52,-0.3,0.33,-15.22,0.41,-41.15,-28.07,-15.22,11.52,437.93,18.93,8801.67
9818,0.26,-0.52,0.63,21.81,4.11,-37.45,1.56,-11.52,21.48,623.1,25.67,8048.33
9819,-0.37,0.3,0.18,48.56,-48.56,33.41,-18.93,0.41,-1.56,426.15,34.15,9250.0
9820,-0.93,0.63,-0.38,82.38,-82.38,63.86,-41.97,19.75,-20.89,426.42,34.15,9253.33
9821,-0.0,0.15,-0.11,11.52,-66.74,18.93,-25.19,2.97,-11.52,241.05,34.15,10000.0
9822,0.15,0.3,-0.45,4.11,-40.82,0.74,-51.11,6.67,-18.93,421.9,27.23,9423.33
9823,0.0,0.63,-0.56,-21.48,-26.33,-6.67,-47.41,14.08,-16.37,421.93,20.3,9413.33
9824,-0.22,0.41,-0.37,-32.92,-18.93,4.11,-44.85,11.52,-5.26,422.06,20.3,9423.33
9825,0.04,-0.22,0.26,-41.15,15.22,-18.93,11.52,-0.41,17.78,447.06,9.97,8465.0
9826,0.57,-1.1,0.79,-90.12,45.67,-56.75,27.15,-19.75,38.26,701.94,11.78,5165.0
9827,0.24,-0.57,0.12,-30.04,4.44,3.33,-10.37,-6.67,18.93,702.04,-1.93,5155.0
9828,0.05,-0.27,-0.36,-10.7,-44.19,18.96,-44.52,12.67,-0.41,496.17,1.48,6700.0
9829,0.15,-0.14,-0.48,22.63,-55.3,4.11,-40.82,12.67,-0.41,449.35,3.07,8375.0
9830,0.5,-0.46,0.24,-11.52,-6.67,-55.96,7.82,3.29,11.52,701.54,2.93,5145.0
9831,0.54,-0.54,0.17,-7.82,-6.67,-18.93,-2.96,-6.67,18.93,701.5,1.33,5145.0
9832,0.35,-0.72,0.5,-37.45,0.74,3.3,0.74,-10.37,8.96,493.21,-12.41,6766.67
9833,0.52,-0.67,0.23,-33.74,-14.07,10.7,-12.93,-17.78,6.41,477.3,1.44,7375.0
9834,0.48,-0.59,0.3,-37.45,-14.07,-26.33,-12.93,-17.78,6.41,686.6,3.04,5705.0
9835,0.0,0.41,-0.52,33.41,-40.82,22.3,-65.6,1.56,-14.08,686.7,11.82,5701.67
9836,-0.22,0.56,-0.52,15.22,-26.0,4.11,-65.6,5.26,-4.11,450.31,11.82,8333.33
9837,0.41,0.22,-0.0,-4.11,7.82,-11.52,-30.63,-7.82,15.22,240.92,23.93,10013.33
9838,1.15,-0.52,0.74,-37.93,27.15,-52.75,22.04,-27.15,35.71,240.82,15.15,10016.67
9839,1.45,-0.67,0.89,-12.34,12.34,-34.56,32.0,-23.45,28.3,240.75,13.37,10020.0
9840,1.41,-0.71,0.78,-37.93,12.34,-52.75,38.26,-27.15,18.34,240.72,-2.15,10006.67
9841,0.67,0.04,0.04,-4.11,-7.0,-11.52,-14.41,-7.82,-2.15,240.82,6.63,10010.0
9842,-0.07,0.78,-0.71,29.71,-26.33,29.71,-41.15,7.82,-15.22,448.02,1.67,8416.67
9843,-0.33,0.96,-0.74,29.71,-11.52,29.71,-37.45,15.22,-12.67,447.98,15.41,8426.67
9844,-0.22,0.56,-0.52,15.22,-26.0,4.11,-15.22,22.63,-8.96,448.05,10.04,8430.0
9845,0.48,-0.22,0.11,-44.19,-6.67,-55.3,11.52,7.0,4.11,240.85,15.0,10006.67
9846,0.07,0.3,-0.41,-10.37,-40.82,-14.07,-44.85,18.93,-18.93,240.98,10.04,10006.67
9847,0.67,-0.07,-0.0,-55.3,-7.0,-47.89,-14.41,-7.82,-2.15,240.82,6.63,9996.67
9848,0.07,0.3,-0.41,-10.37,-40.82,-14.07,-41.15,7.82,-15.22,241.08,3.23,10000.0
9849,0.74,-0.41,0.15,-44.19,-21.48,-55.3,5.26,-5.26,4.11,240.88,9.97,9986.67
9850,0.48,-0.22,0.26,-44.19,-6.67,-55.3,5.26,-5.26,4.11,453.73,11.78,8201.67
9851,0.48,-0.22,0.26,-44.19,-6.67,-55.3,5.26,-5.26,4.11,453.73,11.78,8218.33
9852,0.3,-0.48,0.48,-29.71,0.74,-66.74,7.82,-7.82,15.22,453.87,11.78,8225.0
9853,0.3,-0.48,0.34,-29.71,0.74,-66.74,7.82,-7.82,15.22,241.02,9.97,10020.0
9854,0.63,-0.67,0.71,-74.64,49.37,-100.56,34.56,-23.45,28.3,240.75,13.37,10010.0
9855,0.78,-0.45,0.34,-70.93,41.97,-100.56,34.56,-20.89,17.19,240.62,11.6,10000.0
9856,0.15,-0.11,0.0,-37.11,-18.11,-55.63,7.82,-5.26,4.11,240.82,28.86,10006.67
9857,0.19,-0.52,0.23,-48.56,-25.52,-44.85,-2.15,-16.37,7.82,451.42,25.45,8295.0
9858,-0.52,0.15,-0.26,-18.11,-44.85,37.45,-51.11,-3.29,-11.52,665.51,23.75,6468.33
9859,-0.33,0.41,-0.52,7.48,-18.93,51.93,-54.82,7.82,-15.22,665.48,9.89,6461.67
9860,-0.67,0.93,-1.19,67.56,-60.15,112.01,-71.6,34.56,-32.0,455.15,9.89,8163.33
9861,-0.63,1.08,-1.19,78.34,-60.15,100.56,-41.97,38.26,-22.04,241.38,8.19,10010.0
9862,-0.52,0.67,-0.97,63.86,-74.64,74.97,-41.97,38.26,-22.04,241.38,8.19,10016.67
9863,0.04,0.37,-0.48,15.22,-40.82,4.11,-15.22,22.63,-8.96,241.12,8.19,10030.0
9864,0.45,-0.3,0.19,-55.63,-6.67,-40.82,4.11,-4.11,7.82,240.82,9.89,10023.33
9865,1.01,-0.71,0.45,-82.38,27.15,-86.08,28.3,-34.56,30.86,429.12,20.23,9138.33
9866,0.8,-0.73,0.69,-67.89,41.97,-75.3,32.0,-34.56,30.86,681.47,11.56,5898.33
9867,0.57,-0.46,0.21,2.96,-6.67,-41.15,-16.96,-11.52,4.11,681.64,8.3,5895.0
9868,-0.13,0.21,-0.28,33.41,-26.0,41.15,-41.15,18.93,-18.93,493.34,-2.04,6763.33
9869,0.11,0.26,-0.41,44.52,-40.82,48.56,-54.82,15.22,-11.52,241.05,11.82,10010.0
9870,0.23,-0.04,0.11,10.7,7.82,18.11,-8.41,-0.41,18.93,240.98,18.56,10000.0
9871,0.37,-0.11,0.48,32.92,11.52,-7.82,-4.7,-11.52,22.63,241.02,30.67,10003.33
9872,0.34,-0.15,0.37,7.33,11.52,-26.0,-2.15,-11.52,22.63,241.02,32.41,9990.0
9873,-0.15,0.3,-0.08,15.56,-48.56,0.74,-22.63,0.41,-0.41,452.69,34.15,8246.67
9874,-0.37,0.3,-0.04,-14.07,-78.19,15.22,-48.56,4.11,-7.82,452.59,27.41,8253.33
9875,-1.04,1.0,-0.6,19.75,-97.52,56.45,-67.89,23.45,-28.3,452.79,20.49,8246.67
9876,-0.19,0.45,-0.37,4.11,-52.26,0.08,-47.41,14.08,-16.37,240.98,18.75,9996.67
9877,0.6,-0.15,-0.29,-18.93,-7.0,-70.78,-1.0,1.0,2.97,240.78,25.49,9993.33
9878,0.52,-0.22,-0.37,-4.11,-7.0,-41.15,-8.41,4.7,-3.29,240.72,18.56,9993.33
9879,-0.11,0.52,-0.78,11.52,-26.33,11.52,-25.19,21.48,-12.67,241.05,13.37,9986.67
9880,-0.82,1.19,-1.27,41.97,-45.67,93.82,-49.37,41.97,-28.3,241.32,1.26,9980.0
9881,-0.33,0.74,-0.67,-6.67,-11.52,22.96,-18.93,15.22,-11.52,241.15,-2.15,9983.33
9882,0.04,0.15,-0.07,-51.93,22.63,-3.78,-2.15,-11.52,5.26,240.85,-0.44,10003.33
9883,0.04,0.15,-0.07,-51.93,22.63,-3.78,1.56,-22.63,8.96,240.88,13.41,10013.33
9884,-0.3,0.34,-0.45,-7.0,-26.0,30.04,-21.48,0.41,-1.56,241.12,23.75,10030.0
9885,-0.22,0.11,-0.52,63.93,-56.45,86.41,-41.97,19.75,-20.89,498.68,23.86,6683.33
9886,0.56,-0.48,0.22,40.89,-37.11,33.74,-18.93,7.82,2.15,498.52,22.12,6676.67
9887,0.45,-0.08,-0.0,55.37,-22.63,59.34,-22.63,0.41,-0.41,498.48,29.04,6676.67
9888,0.07,0.59,-0.23,66.74,-22.63,33.41,-37.11,1.56,3.29,241.15,28.93,10010.0
9889,-0.56,0.93,-0.75,86.08,-56.45,49.04,-63.86,24.6,-23.45,241.28,16.82,10016.67
9890,0.15,0.15,-0.11,26.67,-37.11,-10.37,-37.11,8.96,-10.37,241.08,-0.44,10003.33
9891,-0.08,0.15,-0.08,-2.96,-66.74,4.11,-26.33,18.93,-17.78,241.08,-9.08,10010.0
9892,-0.0,0.15,-0.11,11.52,-66.74,18.93,-18.93,15.22,-11.52,241.15,-2.15,10010.0
9893,-0.3,0.26,-0.08,0.08,-51.93,33.41,-22.63,11.52,-5.26,241.08,9.89,10016.67
9894,0.22,-0.19,0.19,-52.59,8.15,-11.52,7.82,-15.22,11.52,240.92,6.49,10010.0
9895,0.15,-0.19,0.22,-67.08,8.15,-26.33,-10.37,-21.48,12.67,450.11,-0.44,8340.0
9896,0.22,-0.52,0.37,-67.08,0.74,-30.04,-2.96,-10.37,8.96,450.15,1.26,8330.0
9897,-0.19,0.15,-0.3,3.78,-33.41,14.89,-55.63,8.96,-11.52,450.25,10.04,8323.33
9898,0.37,-0.26,-0.03,-22.96,0.41,-30.37,-18.11,-4.11,7.82,240.85,22.15,9983.33
9899,0.41,-0.3,0.0,2.96,0.41,-52.59,-25.52,-15.22,11.52,418.8,17.19,9528.33
9900,0.98,-1.24,0.61,-71.6,30.86,-108.6,19.75,-30.86,41.97,673.82,20.56,6235.0
9901,0.76,-1.02,0.72,-89.78,45.67,-97.16,19.75,-28.3,30.86,866.57,6.85,5200.0
9902,0.12,-0.21,0.27,-70.45,15.22,-26.3,-3.29,2.15,7.82,928.72,11.82,2908.33
9903,0.26,-0.04,0.3,-55.3,4.11,-29.71,-2.15,-5.26,4.11,673.53,11.71,6205.0
9904,-0.15,0.48,-0.23,-21.48,-30.04,11.52,-25.19,4.11,-7.82,681.21,20.23,5913.33
9905,0.63,-0.11,-0.15,-37.11,-7.0,-59.34,-2.15,-16.37,7.82,441.04,22.01,8673.33
9906,-0.19,0.45,-0.37,4.11,-52.26,0.08,-26.33,14.08,-15.22,441.27,13.37,8690.0
9907,0.08,-0.19,0.26,-4.11,-18.11,-22.96,4.11,5.85,0.41,240.78,16.78,10020.0
9908,-0.07,-0.41,0.63,-7.82,-10.7,-22.96,7.82,-0.41,1.56,240.88,1.26,10013.33
9909,0.75,-0.97,0.86,-49.04,34.56,-82.38,34.56,-20.89,17.19,240.62,13.37,10003.33
9910,0.59,-0.74,0.3,-26.0,-14.07,-29.71,0.41,-1.56,-2.15,240.82,3.04,10003.33
9911,-0.04,0.08,-0.15,0.74,-66.74,41.15,-26.33,14.08,-15.22,419.77,16.78,9500.0
9912,-0.78,0.71,-0.78,49.37,-86.08,112.01,-45.67,30.86,-24.6,594.69,13.3,9163.33
9913,-0.19,0.45,-0.19,26.33,-52.26,59.34,-21.48,10.37,-8.96,594.42,25.41,9180.0
9914,-0.04,0.6,-0.52,18.93,-26.33,41.15,-25.19,21.48,-12.67,415.63,15.08,9693.33
9915,0.3,0.04,0.18,-4.11,7.82,-11.52,-8.41,-5.26,4.11,408.52,18.56,9985.0
9916,0.0,0.18,0.04,-29.71,22.63,-29.71,-8.41,-15.22,11.52,408.55,15.08,9971.67
9917,0.11,-0.22,0.11,-14.89,8.15,-0.08,-19.19,-25.19,18.93,408.52,13.48,9961.67
9918,0.33,-0.45,0.34,-26.0,30.37,-7.48,-12.93,-21.48,12.67,240.82,-2.04,9996.67
9919,-0.08,0.08,-0.19,7.82,-3.78,33.74,-29.71,5.26,-4.11,241.12,-3.74,10006.67
9920,-0.08,0.08,-0.19,7.82,-3.78,33.74,-41.15,7.82,-15.22,443.66,-3.74,8586.67
9921,-0.71,0.78,-0.71,34.56,-86.08,82.38,-64.19,30.86,-25.74,443.9,6.6,8603.33
9922,-0.64,0.45,-0.56,45.67,-100.56,74.97,-82.38,24.6,-24.6,653.09,-0.33,6926.67
9923,-0.23,0.0,0.11,11.52,-29.71,14.89,-29.71,5.26,-4.11,674.88,9.89,6135.0
9924,0.63,-0.52,0.45,-4.11,15.56,-26.33,-10.37,-14.08,16.37,674.68,15.08,6121.67
9925,0.93,-0.78,0.89,-60.49,64.19,-45.67,27.15,-34.56,32.0,465.18,23.71,7795.0
9926,0.26,-0.08,0.48,-33.74,-18.11,2.96,4.11,-11.52,21.48,240.95,22.01,10003.33
9927,-0.3,0.26,-0.08,0.08,-51.93,33.41,-44.85,4.11,-8.96,241.02,15.27,10010.0
9928,-0.6,0.52,-0.52,56.45,-100.56,52.75,-71.6,34.56,-32.0,241.25,6.63,10006.67
9929,-0.38,0.52,-0.56,86.08,-70.93,38.26,-101.23,30.86,-41.97,241.12,5.08,10006.67
9930,-0.56,0.93,-0.75,86.08,-56.45,49.04,-101.23,30.86,-41.97,241.12,5.08,9996.67
9931,-0.63,1.26,-0.93,89.78,-30.86,56.45,-112.01,20.89,-34.56,461.9,12.01,7910.0
9932,-0.63,1.08,-1.08,63.86,-49.04,45.34,-82.38,24.6,-24.6,462.03,13.56,7923.33
9933,-0.67,0.93,-1.08,53.08,-49.04,56.78,-60.15,32.0,-20.89,462.1,8.19,7923.33
9934,-0.89,0.75,-0.86,38.26,-86.08,60.49,-41.97,38.26,-22.04,241.38,13.37,10010.0
9935,-0.48,0.22,-0.15,7.82,-15.22,37.45,-15.22,22.63,-8.96,241.12,16.78,10010.0
9936,0.26,-0.41,0.48,-40.82,4.11,-33.41,11.52,-0.41,17.78,240.98,28.89,10020.0
9937,0.93,-1.15,1.04,-86.08,56.78,-67.56,28.3,-19.75,38.26,240.78,28.89,10010.0
9938,1.08,-1.04,0.6,-82.38,19.75,-89.78,20.89,-20.89,34.56,240.72,30.67,10006.67
9939,0.26,-0.48,0.37,-41.15,-25.52,-30.37,1.56,-1.56,14.08,240.92,25.49,10013.33
9940,0.08,-0.19,0.26,-4.11,-18.11,-22.96,1.56,-8.96,10.37,240.82,22.01,10016.67
9941,-0.26,-0.08,0.48,-33.74,-3.3,6.67,-1.0,-8.96,10.37,467.75,6.49,7715.0
9942,-0.03,-0.08,0.44,-4.11,26.33,-7.82,-19.19,-15.22,11.52,467.65,-2.04,7708.33
9943,-0.19,0.15,-0.11,18.93,-22.3,44.85,-65.6,7.82,-15.22,670.39,-12.26,6295.0
9944,0.03,-0.11,-0.26,44.85,-0.08,37.45,-65.6,-2.15,-7.82,689.78,-0.22,5628.33
9945,0.44,-0.82,0.3,-11.52,52.59,3.3,-24.37,-18.93,1.56,689.65,-2.04,5618.33
9946,0.6,-1.04,0.86,-34.56,101.23,-49.37,24.6,-34.56,32.0,673.3,-3.85,6243.33
9947,0.78,-0.82,1.04,-23.45,64.19,-41.97,34.56,-23.45,28.3,427.05,-2.15,9201.67
9948,0.08,-0.15,0.37,-4.11,-18.11,-7.82,7.82,-7.82,15.22,427.25,15.11,9218.33
9949,-0.41,0.3,-0.08,4.11,-78.19,18.93,-15.22,4.11,-7.82,452.62,32.37,8260.0
9950,-0.65,0.24,0.05,-7.0,-63.37,11.52,-11.52,4.11,-7.82,704.98,20.3,5026.67
9951,0.28,-0.24,0.54,-15.22,-18.11,-15.22,11.52,-15.22,11.52,704.71,15.08,5016.67
9952,1.13,-0.73,0.87,-30.86,27.15,-41.97,32.0,-30.86,24.6,729.42,13.34,4141.67
9953,0.82,-0.33,0.19,14.07,-21.48,-4.11,-16.63,-21.48,12.67,477.23,13.48,7388.33
9954,0.71,-0.26,0.15,-22.96,-6.67,-4.11,-9.22,-17.78,5.26,726.0,1.44,4346.67
9955,0.15,0.08,-0.22,3.78,-40.49,11.52,-26.0,5.26,-5.26,489.82,-3.74,6985.0
9956,0.07,0.26,-0.04,15.22,-22.3,7.82,-7.82,11.52,-6.41,489.92,4.78,6978.33
9957,-0.51,0.49,-0.62,82.67,-45.34,64.19,-30.86,34.56,-15.78,494.94,21.86,6753.33
9958,-0.51,0.49,-0.62,82.67,-45.34,64.19,-34.56,27.15,-18.34,494.91,28.78,6736.67
9959,-0.13,-0.29,-0.17,0.37,-22.3,30.04,-15.22,0.41,-1.56,494.61,30.49,6730.0
9960,-0.15,0.08,-0.22,-21.81,-33.41,-3.29,-26.33,4.11,-7.82,241.05,16.82,10010.0
9961,-0.08,0.08,-0.26,-7.33,-33.41,11.52,-26.33,4.11,-7.82,241.05,16.82,10013.33
9962,-0.45,0.86,-0.71,74.97,-56.45,45.67,-49.37,23.45,-27.15,241.32,20.3,10010.0
9963,-0.49,0.93,-0.78,100.56,-56.45,63.86,-49.37,23.45,-27.15,241.32,20.3,9993.33
9964,-0.71,1.19,-0.97,89.78,-41.97,86.08,-45.67,30.86,-24.6,415.93,15.08,9660.0
9965,-0.71,1.01,-1.12,63.86,-60.15,74.97,-71.6,34.56,-32.0,586.46,2.96,9496.67
9966,-0.89,0.75,-0.86,38.26,-86.08,60.49,-71.6,34.56,-32.0,586.46,2.96,9510.0
9967,-0.82,0.75,-0.89,38.26,-74.97,30.86,-101.23,34.56,-32.0,654.16,1.26,7010.0
9968,-0.26,0.34,-0.63,11.52,-41.15,-14.41,-44.85,22.63,-8.96,483.4,11.6,7180.0
9969,0.07,0.12,-0.74,26.33,-29.71,11.52,-44.85,22.63,-8.96,666.38,10.0,6503.33
9970,0.04,0.23,-0.7,18.93,-40.82,29.71,-22.63,26.33,-15.22,651.88,8.45,7003.33
9971,-0.13,0.24,-0.32,15.22,-26.0,51.93,-18.93,26.33,-15.22,904.24,-3.63,3766.67
9972,-0.13,0.24,-0.32,15.22,-26.0,51.93,-29.71,16.37,-7.82,721.22,-3.63,4436.67
9973,0.28,-0.39,0.35,-37.45,8.15,7.0,4.44,-2.97,11.52,493.17,1.33,6763.33
9974,-0.08,-0.07,-0.37,-3.3,-40.49,67.08,-55.63,8.96,-11.52,240.95,8.45,9996.67
9975,-0.19,0.34,-0.45,-18.11,-26.0,37.45,-67.08,11.52,-22.63,240.92,15.41,9996.67
9976,-0.71,0.78,-0.71,34.56,-86.08,82.38,-97.52,19.75,-38.26,419.91,15.41,9503.33
9977,-0.34,0.33,0.07,0.41,-15.22,22.3,-51.11,-3.29,-11.52,419.74,18.67,9506.67
9978,0.04,-0.26,0.67,-44.85,18.93,-4.44,-4.7,-16.37,7.82,419.54,25.41,9516.67
9979,0.04,-0.26,0.67,-44.85,18.93,-4.44,-30.63,-12.67,0.41,240.68,20.45,10020.0
9980,0.19,-0.15,0.22,-41.15,-18.11,-26.67,-24.37,-8.96,-5.85,240.75,8.41,10023.33
9981,-0.04,0.11,-0.26,29.71,-66.74,7.48,-41.15,7.82,-15.22,436.9,-7.11,8843.33
9982,-0.11,0.08,-0.41,22.3,-66.74,-7.0,-11.52,11.52,-5.26,437.03,-5.55,8853.33
9983,-0.3,-0.11,-0.07,-7.33,-59.34,15.22,-11.52,11.52,-5.26,437.03,-5.55,8860.0
9984,-0.3,-0.11,-0.07,-7.33,-59.34,15.22,-11.52,11.52,-5.26,437.03,-5.55,8860.0
9985,-0.34,-0.15,0.04,29.71,-29.71,15.22,-11.52,11.52,-5.26,622.07,-0.37,8096.67
9986,-0.15,0.04,-0.3,59.34,-37.11,-7.0,-17.78,15.22,4.7,622.1,15.15,8090.0
9987,-0.37,0.3,-0.48,48.56,-22.63,15.22,-47.41,11.52,-5.26,640.05,27.19,7423.33
9988,0.26,-0.07,-0.18,-33.74,7.82,-15.22,-20.67,-4.11,7.82,454.75,25.41,8180.0
9989,0.34,0.0,0.07,-26.34,7.82,14.41,-18.11,-4.11,7.82,454.75,25.41,8170.0
9990,0.37,0.04,0.33,-33.74,7.82,2.96,11.52,-4.11,17.78,490.7,22.15,6920.0
9991,0.07,0.3,-0.11,22.63,-40.82,22.3,-15.22,11.52,4.7,490.96,18.75,6926.67
9992,-0.56,0.82,-0.49,67.89,-56.45,49.04,-41.97,34.56,-22.04,491.1,6.63,6933.33
9993,-0.26,0.22,-0.04,52.26,-22.3,7.82,-22.63,21.48,-12.67,241.05,13.37,10016.67
9994,-0.26,0.22,-0.04,52.26,-22.3,7.82,-30.04,25.19,-18.93,240.98,6.44,10006.67
9995,-0.19,0.04,-0.22,40.82,-40.49,11.52,-26.33,14.08,-15.22,241.02,20.3,10003.33
9996,0.22,-0.03,-0.3,15.22,-55.3,-6.67,-28.89,11.52,-4.11,241.15,20.3,10013.33
9997,-0.11,0.08,-0.15,41.15,-37.11,4.44,-28.89,11.52,-4.11,445.9,32.41,8510.0
9998,0.37,-0.33,0.15,-0.08,-3.29,-55.63,-8.41,-7.82,15.22,634.17,28.89,7635.0
9999,0.08,-0.22,0.19,-11.52,11.52,-41.15,-2.15,-11.52,5.26,634.13,13.37,7625.0
10000,0.86,-0.86,0.75,-67.89,64.19,-75.3,22.04,-32.0,20.89,633.01,9.89,7666.67
10001,0.89,-0.82,0.89,-86.08,64.19,-63.86,24.6,-32.0,20.89,444.48,8.19,8555.0
10002,0.48,-0.26,0.48,-33.41,30.04,-18.93,1.56,-12.67,10.37,694.43,16.97,5471.67
10003,0.6,-0.15,0.04,-29.71,-7.0,-41.15,11.52,-11.52,14.08,490.6,18.67,6943.33
10004,-0.11,0.63,-0.59,29.71,-26.33,18.26,-15.22,18.93,-8.96,490.83,10.04,6933.33
10005,0.34,0.15,-0.26,-11.52,7.82,-41.15,4.11,3.29,11.52,240.92,16.78,10030.0
10006,0.19,0.03,0.19,-15.22,44.85,-18.93,-3.29,2.15,7.82,240.85,18.56,10026.67
10007,0.89,-0.75,0.82,-74.64,64.19,-78.34,27.15,-24.6,24.6,442.25,32.41,8648.33
10008,0.89,-0.75,0.82,-74.64,64.19,-78.34,24.6,-24.6,24.6,442.25,32.41,8641.67
10009,0.48,-0.22,0.11,-40.49,-6.67,-55.3,5.26,-7.82,15.22,672.75,20.3,6215.0
10010,0.45,-0.26,-0.03,-22.3,-6.67,-66.74,8.96,-0.41,17.78,471.15,16.78,7603.33
10011,0.71,-0.44,0.0,-22.3,-21.48,-66.74,8.96,2.15,6.67,471.02,16.78,7593.33
10012,0.6,-0.04,-0.22,-11.52,-7.0,-41.15,1.56,5.85,0.41,240.78,16.78,10006.67
10013,0.67,0.04,0.04,-4.11,-7.0,-11.52,-8.41,2.15,7.82,416.66,18.56,9618.33
10014,-0.22,0.56,-0.34,29.71,-52.26,33.41,-28.89,11.52,-4.11,416.96,20.3,9625.0
10015,-0.11,0.15,-0.11,15.22,-66.74,7.82,-25.19,0.41,-0.41,417.0,34.15,9625.0
10016,-0.37,-0.11,-0.04,-21.81,-59.34,0.41,-18.93,-3.29,-10.37,241.15,18.63,9996.67
10017,0.3,-0.85,0.52,-67.08,-6.67,-33.74,1.56,-12.67,1.56,240.85,16.89,9986.67
10018,0.37,-0.85,0.49,-52.59,-6.67,-18.93,5.26,-5.26,4.11,240.88,9.97,10000.0
10019,0.07,-0.26,-0.15,18.26,-47.89,18.93,-21.48,10.37,-8.96,241.08,9.97,9996.67
10020,0.03,0.15,-0.37,29.71,-40.49,8.15,-11.52,11.52,-5.26,414.97,-3.74,9711.67
10021,0.59,-0.19,0.19,-4.11,-6.67,-22.3,7.82,-15.22,11.52,414.67,-2.04,9701.67
10022,0.86,-0.38,0.6,-63.53,41.97,-70.93,38.26,-23.45,27.15,588.26,-0.22,9416.67
10023,0.37,-0.15,0.22,7.33,-6.67,-29.71,-18.11,-7.82,4.11,669.44,15.22,6458.33
10024,-0.26,0.37,-0.15,52.59,-22.3,-2.96,-55.63,12.67,-11.52,669.64,5.0,6468.33
10025,-0.26,0.37,-0.0,52.59,-22.3,-2.96,-59.34,5.26,-14.08,708.7,5.0,4968.33
10026,-0.41,0.48,0.03,15.56,-33.74,0.74,-33.41,-2.15,-6.67,453.93,5.0,8221.67
10027,0.19,-0.08,0.3,-55.3,-18.11,-44.19,7.82,-18.93,2.7,655.37,20.44,6836.67
10028,0.19,-0.08,0.3,-29.71,-18.11,-44.19,7.82,-22.63,8.96,676.52,20.44,6086.67
10029,0.52,-0.3,0.19,-14.89,-6.67,-18.26,-6.67,-21.48,12.67,676.45,5.0,6093.33
10030,-0.08,0.26,-0.08,55.96,-22.3,26.67,-47.89,-4.7,3.29,475.05,-0.22,7468.33
10031,-0.41,0.63,-0.45,101.23,-52.75,71.6,-89.12,15.78,-12.34,241.22,10.0,10010.0
10032,-0.26,0.41,0.11,78.19,-4.11,18.93,-54.15,-4.7,3.29,241.02,20.23,9996.67
10033,0.08,0.03,0.33,7.33,26.33,-26.0,-19.19,-25.19,18.93,240.78,20.23,9996.67
10034,0.71,-0.49,0.71,-37.93,41.97,-52.75,18.34,-38.26,38.26,240.65,23.71,9993.33
10035,0.98,-0.73,0.6,-78.67,38.26,-67.53,17.19,-30.86,41.97,495.84,23.82,6696.67
10036,0.57,-0.2,0.04,-30.04,15.22,-26.3,-17.78,-10.37,26.33,716.85,22.12,4613.33
10037,-0.06,0.13,-0.48,-10.7,-18.6,-10.67,-44.52,12.67,-0.41,716.98,10.0,4616.67
10038,-0.11,0.15,-0.15,18.93,7.33,-3.29,-37.11,8.96,-10.37,461.86,-2.15,7923.33
10039,-0.0,-0.26,-0.04,18.93,-18.26,26.34,-18.93,15.22,-11.52,241.15,-2.15,10006.67
10040,0.63,-0.59,0.48,-0.41,15.56,10.7,11.52,-11.52,5.26,240.98,-5.55,10016.67
10041,-0.0,0.11,-0.04,26.33,-66.74,59.34,-15.22,4.11,-7.82,419.94,8.19,9510.0
10042,0.26,-0.08,0.48,-33.74,-18.11,2.96,4.11,-15.22,12.67,419.74,13.37,9520.0
10043,-0.3,0.26,-0.08,0.08,-51.93,33.41,-26.33,11.52,-4.11,419.91,16.78,9516.67
10044,0.56,-0.26,0.26,-15.56,-6.67,-7.82,-5.85,-7.82,15.22,240.88,15.08,10010.0
10045,0.59,-0.19,0.33,21.48,-6.67,-22.3,-2.15,-15.22,11.52,474.85,1.37,7458.33
10046,0.37,0.07,0.15,10.7,7.82,-0.08,5.26,-18.93,17.78,474.92,8.3,7448.33
10047,0.04,0.15,0.07,-26.34,22.63,-3.78,15.22,-7.82,14.08,474.95,10.0,7448.33
10048,0.11,-0.3,0.19,-37.45,15.22,-15.22,11.52,-0.41,17.78,240.98,23.71,9993.33
10049,0.63,-1.04,0.78,-26.59,18.93,-15.22,7.82,-7.82,15.22,498.25,25.52,6663.33
10050,0.11,-0.6,0.52,26.08,-41.15,29.71,-22.63,0.41,-0.41,677.24,25.52,6170.0
10051,-0.3,0.04,-0.11,56.52,-82.38,74.97,-60.15,13.49,-19.75,886.64,13.41,4500.0
10052,-0.34,0.33,-0.11,-2.96,-51.93,4.11,-37.11,-5.85,-0.41,629.07,13.3,7843.33
10053,0.52,-0.19,0.22,-18.6,-6.67,-37.11,-10.37,-21.48,12.67,450.11,-0.44,8353.33
10054,1.08,-0.52,0.6,-45.34,27.15,-52.75,24.6,-38.26,22.04,477.1,11.67,7395.0
10055,1.3,-0.67,0.6,-27.15,12.34,-34.56,22.04,-34.56,15.78,713.58,15.15,4760.0
10056,0.86,-0.63,0.56,-27.15,27.15,-34.56,25.74,-27.15,18.34,919.62,15.15,3208.33
10057,0.37,-0.3,0.15,14.07,-6.67,-4.11,-9.22,-10.37,8.96,683.34,1.44,5840.0
10058,-0.19,0.04,-0.22,40.82,-40.49,11.52,-26.0,12.67,-1.56,447.16,-3.74,8461.67
10059,0.22,-0.03,-0.3,15.22,-55.3,-6.67,-29.71,5.26,-4.11,442.68,13.52,8628.33
10060,0.18,-0.11,-0.33,4.44,-55.3,15.56,-41.15,7.82,-15.22,645.23,13.52,7205.0
10061,0.37,-0.41,0.15,-14.89,-6.67,-0.08,-18.11,-15.22,-4.7,645.0,3.18,7215.0
10062,0.37,-0.41,0.15,-14.89,-6.67,-0.08,-14.41,-7.82,-2.15,443.4,-3.74,8596.67
10063,0.53,-0.63,0.71,-37.93,41.97,-52.75,38.26,-27.15,18.34,240.72,-5.55,10026.67
10064,0.34,-0.15,0.37,7.33,11.52,-26.0,11.52,-11.52,5.26,240.92,11.71,10033.33
10065,-0.22,0.15,-0.11,55.96,-22.3,44.85,-44.85,0.41,-17.78,241.05,10.15,10036.67
10066,-0.34,0.45,-0.63,89.78,-70.93,75.3,-75.3,27.15,-34.56,241.22,13.56,10016.67
10067,-0.3,0.19,-0.85,67.56,-89.12,101.23,-89.78,28.3,-30.86,241.15,-1.89,10013.33
10068,0.26,-0.11,-0.37,18.93,-55.3,30.37,-43.37,15.22,-11.52,240.95,4.85,10000.0
10069,0.52,-0.3,0.04,-40.49,-6.67,-18.26,-19.19,-5.26,4.11,240.68,16.96,10013.33
10070,0.19,-0.08,0.15,-55.3,-18.11,-44.19,-4.7,-6.41,0.41,452.26,32.41,8253.33
10071,0.19,-0.08,0.15,-55.3,-18.11,-44.19,-2.15,-8.96,11.52,452.39,32.41,8260.0
10072,-0.3,0.37,-0.45,-6.67,-52.26,26.67,-22.63,0.41,-0.41,452.69,34.15,8256.67
10073,0.07,0.34,-0.63,-6.67,-40.82,26.67,-37.11,1.56,-0.41,488.44,32.41,7006.67
10074,0.04,0.3,-0.78,11.52,-40.82,15.22,-29.71,5.26,-7.82,488.37,30.63,7016.67
10075,0.48,-0.22,-0.11,-48.56,-6.67,-41.15,-6.67,-6.67,15.22,488.21,28.89,7023.33
10076,0.19,-0.15,0.22,-41.15,-18.11,-26.67,4.11,3.29,11.52,240.92,16.78,10016.67
10077,-0.52,0.52,-0.26,-10.7,-37.45,55.63,-26.33,11.52,-4.11,241.15,20.3,10013.33
10078,-0.75,0.78,-0.75,60.15,-86.08,89.78,-75.3,27.15,-34.56,241.22,13.56,10006.67
10079,-0.52,0.78,-0.78,89.78,-56.45,75.3,-86.08,17.19,-27.15,241.22,22.19,10013.33
10080,-0.11,0.11,0.15,41.15,-37.11,-7.0,-63.04,8.96,-4.11,492.21,18.6,6878.33
10081,0.45,-0.22,0.7,7.33,-3.29,-37.45,-16.63,-14.08,22.63,492.05,21.86,6868.33
10082,0.34,0.0,0.33,-4.11,-7.0,-22.96,-5.85,-4.11,15.22,492.05,13.23,6878.33
10083,0.04,0.34,-0.45,55.3,-22.63,59.34,-32.59,4.11,-4.11,485.83,1.37,7086.67
10084,-0.14,0.13,-0.59,14.56,-11.52,44.56,-33.74,11.52,-0.41,741.02,1.48,3793.33
10085,0.2,-0.57,0.12,-56.3,22.63,3.33,-9.55,-8.96,15.22,967.68,-1.93,1491.67
10086,0.09,-0.24,-0.03,-67.08,18.93,3.33,-2.15,-1.56,14.08,722.93,6.6,4411.67
10087,-0.67,0.45,-0.37,-18.11,-37.45,44.85,-25.19,21.48,-12.67,640.58,11.71,7461.67
10088,-0.59,0.48,-0.41,-18.11,-37.45,41.15,-25.19,21.48,-12.67,413.82,15.11,9756.67
10089,-0.07,-0.37,0.41,-78.19,-10.7,-18.93,-8.41,4.7,-3.29,413.48,20.3,9746.67
10090,0.63,-1.15,1.01,-97.52,41.97,-75.3,18.34,-25.74,19.75,418.63,11.82,9538.33
10091,0.52,-1.19,1.04,-60.49,41.97,-71.6,20.89,-28.3,30.86,418.6,23.93,9535.0
10092,0.15,-0.59,0.45,-4.11,0.74,-48.56,-3.29,-7.82,15.22,418.87,11.82,9551.67
10093,-0.19,0.04,-0.22,40.82,-40.49,11.52,-22.63,18.93,-1.56,437.0,3.04,8843.33
10094,-0.45,0.67,-0.86,49.04,-74.64,34.56,-45.67,30.86,-24.6,437.17,4.78,8850.0
10095,-0.67,0.86,-0.67,45.34,-86.08,60.15,-41.97,19.75,-20.89,437.2,18.63,8840.0
10096,-0.97,1.04,-0.45,27.15,-97.52,70.93,-49.37,23.45,-27.15,241.32,22.04,10013.33
10097,-0.3,0.33,0.11,11.52,-67.08,29.71,-26.33,4.11,-7.82,463.23,22.04,7881.67
10098,-0.08,0.33,0.07,41.15,-37.45,15.22,-40.82,5.26,-4.11,463.17,6.59,7885.0
10099,0.15,0.33,0.03,70.78,-7.82,0.74,-37.11,-5.85,-0.41,463.2,20.44,7885.0
10100,-0.15,0.44,0.07,41.15,-4.11,15.22,-39.67,1.56,3.29,460.86,6.59,7968.33
10101,0.19,0.07,0.3,-29.71,26.33,-29.71,-4.7,-18.93,18.93,460.66,16.82,7965.0
10102,0.52,-0.3,0.52,-100.56,56.78,-74.64,25.74,-27.15,34.56,460.43,13.3,7961.67
10103,0.11,0.37,-0.15,-29.71,22.63,-29.71,1.56,-4.11,7.82,240.82,13.3,10006.67
10104,0.15,0.07,-0.15,29.78,-7.82,41.15,-18.93,15.22,-11.52,498.38,13.41,6673.33
10105,0.41,-0.11,-0.11,29.78,-22.63,41.15,-28.89,14.08,-15.22,498.32,15.19,6666.67
10106,0.3,-0.34,0.3,11.59,-48.56,41.15,-28.89,14.08,-15.22,498.32,15.19,6656.67
10107,-0.19,0.56,-0.3,11.52,-52.26,29.71,-32.59,25.19,-18.93,240.98,6.44,9986.67
10108,-0.37,0.41,-0.0,26.0,-15.22,40.49,-26.33,18.93,-17.78,241.08,-9.08,9996.67
10109,0.26,-0.3,0.52,-0.74,67.08,-8.15,7.82,-0.41,1.56,240.88,1.26,10016.67
10110,0.15,-0.52,0.93,-18.93,41.15,-8.15,11.52,-11.52,5.26,240.92,15.11,10020.0
10111,-0.56,0.15,0.26,0.41,-41.15,26.0,-18.93,15.22,-11.52,241.08,18.52,10013.33
10112,-0.34,0.33,0.07,11.52,-78.19,33.41,-22.63,7.82,-14.08,241.12,4.78,10010.0
10113,-0.45,0.26,0.03,18.93,-48.56,18.93,-26.33,8.96,-17.78,493.37,-9.08,6843.33
10114,0.26,-0.41,0.7,-0.41,33.74,-15.22,0.41,-14.08,8.96,493.24,3.04,6853.33
10115,-0.6,0.11,0.37,15.22,-11.52,26.0,-30.04,12.67,-7.82,493.4,6.44,6856.67
10116,0.07,-0.19,0.59,-33.41,18.93,-18.93,0.41,-4.11,8.96,240.95,3.04,10026.67
10117,0.22,-0.08,0.15,-29.71,-18.11,-41.15,4.11,-7.82,-1.0,240.92,-12.48,10023.33
10118,0.64,-0.56,0.45,-45.34,41.97,-82.38,38.26,-27.15,18.34,240.72,-2.15,10023.33
10119,0.49,-0.67,0.56,-19.75,41.97,-64.19,38.26,-27.15,18.34,240.72,-2.15,10026.67
10120,-0.03,-0.33,0.22,10.7,8.15,18.11,11.52,-11.52,5.26,240.92,15.11,10026.67
10121,0.15,-0.63,0.34,-26.34,0.74,10.7,4.11,-12.67,1.56,240.85,16.89,10013.33
10122,0.33,-0.82,0.23,7.56,-29.71,63.37,-22.63,2.97,-11.52,498.35,29.04,6673.33
10123,0.71,-1.27,0.97,-52.52,11.52,-18.93,22.3,-6.41,0.41,737.0,20.56,3958.33
10124,0.52,-0.97,0.86,-15.48,18.93,-11.52,26.0,-12.67,1.56,737.1,5.04,3951.67
10125,0.08,-0.15,0.33,-41.15,15.22,-41.15,26.0,-12.67,1.56,479.8,10.15,7278.33
10126,0.0,0.18,0.04,-29.71,22.63,-29.71,1.56,-22.63,8.96,240.88,13.41,9986.67
10127,-0.48,0.63,-0.41,-21.48,-37.45,-2.96,-39.67,-5.85,-0.41,241.02,15.22,10000.0
10128,0.22,-0.08,0.04,-37.11,-7.0,-44.19,-12.93,-17.78,22.63,484.56,15.22,7131.67
10129,0.41,-0.15,0.15,-48.56,-7.0,-26.0,-2.96,-14.08,15.22,733.33,3.18,4090.0
10130,0.71,-0.11,0.26,-11.52,22.63,-26.0,7.82,-4.11,7.82,733.36,4.78,4086.67
10131,0.07,0.44,0.11,41.15,-4.11,18.93,-15.22,15.22,-12.67,489.85,-2.15,6955.0
10132,-0.52,1.04,-0.53,86.41,-38.26,41.97,-45.67,30.86,-24.6,241.35,15.11,10003.33
10133,-0.52,1.04,-0.53,86.41,-38.26,41.97,-56.45,20.89,-17.19,241.32,13.52,10010.0
10134,-0.52,0.86,-0.67,60.49,-56.45,30.86,-60.15,13.49,-19.75,241.28,20.44,10013.33
10135,-0.08,-0.07,0.07,15.22,-29.71,0.41,-29.71,5.26,-4.11,241.05,13.52,10016.67
10136,-0.19,0.15,-0.3,3.78,-33.41,14.89,-15.22,4.11,-7.82,241.12,28.97,10020.0
10137,0.15,-0.04,0.08,-41.15,15.22,-18.93,5.26,-7.82,15.22,240.95,27.23,10030.0
10138,0.37,0.18,-0.11,-29.71,7.82,-29.71,-4.7,-8.96,11.52,240.88,32.41,10016.67
10139,0.56,-0.22,0.08,-29.71,-6.67,-40.49,-8.41,2.15,7.82,240.85,18.56,10010.0
10140,-0.11,0.08,-0.15,18.93,-37.11,4.44,-32.59,15.22,-18.93,493.27,6.44,6836.67
10141,-0.67,0.38,-0.63,67.56,-70.93,75.3,-56.78,35.71,-34.56,676.52,-7.26,6173.33
10142,-0.75,0.56,-0.45,79.0,-52.75,71.6,-67.56,25.74,-27.15,676.49,-8.86,6176.67
10143,-0.71,0.6,-0.56,101.23,-82.38,71.6,-78.34,25.74,-19.75,656.83,5.0,6843.33
10144,-0.67,0.67,-0.52,112.01,-82.38,49.37,-70.93,22.04,-13.49,473.91,13.52,7520.0
10145,-0.9,0.67,-0.49,74.97,-89.78,63.86,-56.45,32.0,-20.89,713.85,25.45,4760.0
10146,-0.19,0.0,0.18,18.6,-7.48,29.71,-18.93,21.48,-12.67,480.95,23.71,7270.0
10147,-0.49,0.18,0.4,-7.0,10.7,40.49,-18.93,21.48,-12.67,699.33,27.12,5260.0
10148,-0.3,-0.07,0.15,18.6,18.11,51.93,-22.63,10.37,-5.26,704.25,15.19,5093.33
10149,-0.71,0.63,-0.41,74.97,-34.56,86.08,-45.67,19.75,-17.19,704.55,16.93,5096.67
10150,-0.04,-0.07,0.11,55.63,18.11,37.45,-28.89,2.97,-7.82,689.73,15.22,5638.33
10151,0.63,-0.34,0.7,21.81,33.74,-15.22,1.56,-12.67,1.56,444.75,13.41,8565.0
10152,0.93,-0.78,1.0,-60.49,64.19,-45.67,32.0,-20.89,17.19,444.51,9.89,8558.33
10153,0.56,-0.26,0.26,-15.56,-6.67,-7.82,11.52,-11.52,5.26,240.92,15.11,10026.67
10154,0.33,-0.45,0.45,-26.67,30.37,-15.22,15.22,-4.11,7.82,240.88,28.86,10023.33
10155,-0.19,0.0,0.18,26.0,-29.71,29.71,-18.93,15.22,-11.52,241.08,18.52,10023.33
10156,0.07,-0.19,0.59,-33.41,18.93,-18.93,11.52,7.0,4.11,240.85,15.0,10016.67
10157,0.07,-0.19,0.56,-59.34,-10.7,-41.15,26.0,5.85,0.41,479.73,10.04,7301.67
10158,0.86,-0.78,0.64,-82.38,34.56,-112.01,52.75,-17.19,27.15,479.6,22.15,7288.33
10159,0.59,-0.59,0.23,-22.96,-14.07,-63.37,18.6,2.15,7.82,479.8,11.82,7291.67
10160,0.59,-0.59,0.26,2.96,15.56,-41.15,4.11,3.29,11.52,240.92,16.78,10006.67
10161,0.59,-0.59,0.26,2.96,15.56,-41.15,7.82,-0.41,1.56,240.88,1.26,10020.0
10162,0.37,-0.33,0.08,-7.82,30.04,-18.93,11.52,-11.52,5.26,240.92,15.11,10023.33
10163,-0.15,0.6,-0.85,37.11,-26.33,29.71,-33.41,-2.15,-6.67,241.08,3.18,10016.67
10164,-0.18,0.74,-0.63,7.48,-11.52,59.34,-29.71,-2.15,-7.82,489.78,3.18,6968.33
10165,0.34,-0.11,0.19,-52.59,15.22,-0.74,-9.22,-11.52,4.11,489.48,1.44,6951.67
10166,0.78,-0.71,0.93,-112.01,49.37,-60.15,32.0,-28.3,13.49,702.2,1.44,5160.0
10167,0.56,-0.71,0.89,-112.01,49.37,-63.86,24.6,-32.0,20.89,652.85,4.85,6910.0
10168,0.19,-0.11,0.3,-55.63,8.15,-40.82,7.82,-15.22,11.52,653.18,-0.33,6930.0
10169,-0.37,0.26,-0.04,-14.41,-51.93,18.6,-33.41,1.56,2.15,638.58,11.6,7471.67
10170,-0.26,-0.11,0.15,11.52,-59.34,-7.33,-29.71,5.26,-4.11,439.23,16.97,8763.33
10171,0.15,-0.74,0.78,-18.93,-18.11,-52.59,-10.37,-21.48,12.67,438.93,18.67,8743.33
10172,0.97,-1.3,1.01,-60.15,27.15,-112.01,30.86,-38.26,22.04,240.68,4.93,9993.33
10173,0.56,-0.67,0.37,-29.71,-14.07,-66.74,-10.37,-21.48,12.67,240.82,-2.04,9993.33
10174,0.34,-0.33,0.22,-18.6,-6.67,-37.11,-2.96,-10.37,8.96,240.85,-0.33,9996.67
10175,0.37,-0.3,0.33,7.0,-6.67,-18.93,-2.96,-10.37,8.96,240.85,-0.33,10006.67
10176,0.56,-0.6,0.82,-12.34,41.97,-34.56,41.97,-19.75,20.89,446.76,-2.15,8465.0
10177,0.04,-0.19,0.48,32.92,11.52,-7.82,7.82,-0.41,1.56,651.71,-0.37,6968.33
10178,-0.59,0.33,0.11,78.19,-4.11,18.93,-44.85,18.93,-18.93,651.81,8.41,6951.67
10179,-1.08,0.78,-0.34,86.41,-64.19,45.67,-71.6,34.56,-32.0,446.0,18.75,8506.67
10180,-0.11,0.33,0.03,41.15,-48.56,18.93,-47.41,11.52,-5.26,416.93,18.75,9631.67
10181,-0.26,0.19,-0.11,41.15,-66.74,15.22,-47.41,15.22,-5.26,671.8,27.23,6388.33
10182,0.63,-0.33,0.26,7.33,-21.48,-29.71,-30.63,-1.56,4.11,853.66,34.15,5750.0
10183,0.3,-0.26,0.19,-29.71,-6.67,-33.41,-30.63,-1.56,4.11,677.85,34.15,6128.33
10184,0.52,-0.3,0.15,-41.15,-6.67,-26.0,-19.19,-7.82,15.22,423.01,18.7,9391.67
10185,-0.0,0.08,-0.3,18.26,-40.49,22.63,-39.67,1.56,3.29,241.12,1.44,10010.0
10186,0.03,0.15,-0.37,29.71,-40.49,8.15,-29.71,5.26,-4.11,241.05,-0.33,10016.67
10187,-0.15,0.56,-0.56,29.71,-26.0,18.93,-15.22,4.11,-7.82,241.12,15.11,10000.0
10188,0.34,0.15,-0.26,-11.52,7.82,-41.15,5.26,-15.22,11.52,429.38,28.86,9131.67
10189,0.6,-0.04,-0.22,-11.52,-7.0,-41.15,-2.15,-16.37,7.82,429.32,30.63,9125.0
10190,0.6,-0.04,-0.22,-11.52,-7.0,-41.15,-28.07,-12.67,0.41,429.22,22.15,9128.33
10191,-0.19,0.56,-0.3,11.52,-52.26,29.71,-52.26,17.78,-22.63,240.92,11.82,10010.0
10192,-0.48,0.7,-0.26,11.52,-15.22,44.19,-52.26,18.93,-18.93,482.31,-0.3,7215.0
10193,-0.34,0.22,-0.11,0.74,-29.71,55.63,-26.33,15.22,-11.52,482.41,8.18,7221.67
10194,0.3,-0.59,0.34,-26.0,22.96,-15.22,-2.15,-5.26,4.11,482.14,20.3,7211.67
10195,-0.23,-0.18,0.07,15.22,-59.34,29.71,-39.67,4.11,-7.82,240.98,18.7,10016.67
10196,-0.37,0.19,0.18,7.82,-44.85,18.26,-35.97,7.82,-5.26,490.73,10.22,6926.67
10197,-0.22,0.41,-0.19,11.52,-52.26,18.26,-35.97,-2.15,2.15,679.3,8.45,6055.0
10198,0.19,-0.07,0.11,-4.11,7.82,-22.96,1.56,-15.22,21.48,865.49,6.63,5250.0
10199,0.0,-0.22,0.11,-11.52,-18.11,-37.45,-28.07,-15.22,11.52,807.24,15.11,7333.33
10200,-0.52,0.11,-0.22,18.93,-51.93,44.85,-48.56,4.11,-7.82,618.98,18.63,8221.67
10201,-0.93,0.6,-0.52,27.15,-82.38,86.08,-67.89,23.45,-28.3,651.26,32.37,7013.33
10202,-0.45,0.15,-0.08,18.93,-22.3,59.34,-15.22,4.11,-7.82,459.57,15.11,8006.67
10203,0.11,-0.15,0.41,-29.71,11.52,-11.52,7.82,-15.22,11.52,459.3,9.89,8006.67
10204,0.37,-0.41,0.15,-14.89,-6.67,-0.08,0.41,-11.52,5.26,240.85,-0.44,10003.33
10205,-0.04,0.08,-0.15,0.74,-66.74,41.15,-30.04,15.22,-11.52,241.02,2.96,10003.33
10206,-0.08,0.08,0.04,15.22,-51.93,41.15,-26.33,22.63,-17.78,497.32,-7.23,6698.33
10207,0.08,-0.15,0.59,-7.82,-3.3,-11.52,0.41,-0.41,8.96,497.18,4.89,6701.67
10208,0.0,-0.19,0.45,-15.22,-3.3,-26.0,-10.37,-10.37,16.37,497.15,3.29,6701.67
10209,-0.15,-0.45,0.48,-15.22,-10.7,-37.45,-16.63,-7.82,15.22,240.82,16.96,10000.0
10210,0.0,-0.34,0.37,-40.82,-10.7,-55.63,-19.19,-7.82,15.22,240.82,16.96,10006.67
10211,0.3,-0.3,0.48,-3.78,18.93,-55.63,-30.63,-5.26,4.11,240.78,23.93,10006.67
10212,-0.19,0.67,-0.3,15.56,-7.82,-2.96,-65.6,5.26,-4.11,241.02,10.22,9996.67
10213,-0.22,0.59,-0.23,4.11,-7.82,11.52,-55.63,8.96,-11.52,240.95,8.45,9983.33
10214,-0.15,0.41,-0.41,-7.33,-26.0,15.22,-33.41,16.37,-7.82,457.15,-0.33,8073.33
10215,-0.15,0.41,-0.45,7.48,-14.89,15.22,-33.41,16.37,-7.82,677.96,8.19,5993.33
10216,0.11,0.26,-0.63,37.11,-29.71,-10.7,-40.82,5.26,-4.11,677.93,6.49,6010.0
10217,0.34,0.0,-0.15,-33.74,18.93,-44.85,-10.37,-21.48,12.67,461.63,6.49,7926.67
10218,0.3,0.07,-0.18,-22.96,7.82,-26.67,4.11,-22.63,8.96,240.88,13.41,10006.67
10219,-0.33,0.82,-0.6,-7.33,-11.52,26.0,-22.63,7.82,-14.08,241.32,15.11,9993.33
10220,-0.74,1.49,-1.27,63.53,-45.67,70.93,-75.3,27.15,-34.56,241.42,23.89,9986.67
10221,-0.6,1.01,-1.12,63.53,-60.15,82.38,-75.3,27.15,-34.56,464.51,8.45,7823.33
10222,-0.75,0.86,-0.78,63.53,-63.86,100.56,-71.6,27.15,-34.56,704.21,8.45,5076.67
10223,-0.78,0.49,-0.56,74.97,-78.34,82.38,-71.6,30.86,-34.56,959.08,16.93,1833.33
10224,-0.89,0.89,-0.64,49.38,-63.86,52.75,-86.08,32.0,-30.86,735.92,16.93,3996.67
10225,-0.11,0.37,-0.45,33.74,-40.82,11.52,-65.6,5.26,-14.08,732.27,18.7,4121.67
10226,0.45,-0.19,0.26,-22.63,30.04,-18.93,-12.93,-17.78,6.41,477.3,1.44,7378.33
10227,1.08,-0.93,0.67,-38.26,49.38,-71.6,22.04,-38.26,22.04,477.1,11.67,7385.0
10228,0.82,-0.86,0.75,-67.89,64.19,-75.3,22.04,-34.56,32.0,240.72,11.67,10013.33
10229,0.41,-0.33,0.04,-37.45,-6.67,-52.26,-1.0,-11.52,21.48,240.95,22.01,10013.33
10230,0.41,-0.33,0.04,-37.45,-6.67,-52.26,-1.0,-1.56,14.08,240.92,25.49,10010.0
10231,0.18,-0.07,-0.44,33.41,-55.3,-18.11,-17.78,17.78,-6.41,436.93,9.97,8840.0
10232,0.26,-0.07,-0.48,47.89,-55.3,-3.3,-35.97,11.52,-5.26,436.83,1.44,8846.67
10233,0.22,-0.07,-0.48,29.71,-55.3,-3.3,-26.0,12.67,-1.56,666.14,-0.33,6471.67
10234,0.71,-0.48,-0.18,-11.52,-21.48,-63.37,-9.22,-14.08,15.22,658.56,13.41,6763.33
10235,0.97,-0.67,0.23,-70.93,27.15,-112.01,28.3,-34.56,30.86,658.36,23.64,6743.33
10236,0.86,-0.89,0.6,-56.45,34.56,-112.01,18.34,-35.71,27.15,429.05,25.41,9115.0
10237,0.49,-1.04,0.86,-49.04,71.6,-89.78,42.78,-35.71,19.75,494.29,22.04,6781.67
10238,-0.07,-0.67,0.67,-7.82,11.52,-30.37,16.04,-5.26,-3.29,494.53,13.41,6781.67
10239,-0.15,-0.23,0.41,-22.3,18.93,-18.93,18.6,-15.22,4.11,494.56,9.93,6795.0
10240,-0.39,0.3,-0.21,8.11,-26.34,44.85,-18.93,11.52,-5.26,494.57,16.63,6736.67
10241,0.46,-0.22,0.13,-7.52,18.93,3.63,11.52,-15.22,11.52,494.41,13.23,6746.67
10242,0.2,-0.03,-0.28,51.89,-29.71,52.26,-11.52,4.11,-7.82,494.67,18.45,6736.67
10243,0.18,0.26,-0.45,44.52,-29.71,18.93,-44.85,4.11,-7.82,483.47,11.71,7170.0
10244,-0.45,0.6,-0.97,63.86,-63.53,34.56,-75.3,30.86,-24.6,483.63,15.11,7166.67
10245,-0.49,0.53,-1.0,53.08,-63.53,56.78,-71.6,38.26,-22.04,483.67,8.19,7160.0
10246,-0.34,0.27,-0.78,63.86,-89.12,64.19,-49.37,41.97,-28.3,457.45,-2.15,8076.67
10247,-0.45,0.67,-1.0,78.34,-74.64,89.78,-71.6,34.56,-32.0,457.38,3.23,8070.0
10248,-0.04,0.22,-0.33,44.19,-3.78,29.71,-48.56,11.52,-21.48,681.62,4.93,5868.33
10249,-0.26,0.48,-0.52,33.41,10.7,51.93,-59.34,1.56,-14.08,465.45,6.74,7791.67
10250,0.15,-0.19,0.15,-37.45,44.85,7.0,-10.37,-21.48,12.67,465.28,10.0,7805.0
10251,-0.3,0.34,-0.45,-7.0,-26.0,30.04,-33.41,1.56,2.15,241.05,8.3,10020.0
10252,-0.26,0.48,-0.45,3.78,-26.0,18.6,-15.22,7.82,1.0,241.15,16.82,10026.67
10253,-0.71,1.01,-1.12,63.86,-60.15,74.97,-64.19,30.86,-25.74,455.21,16.82,8186.67
10254,-0.78,1.34,-1.27,52.75,-45.67,82.38,-71.6,34.56,-32.0,455.35,20.23,8176.67
10255,-0.04,0.6,-0.52,18.93,-26.33,41.15,-52.26,17.78,-22.63,455.01,25.41,8170.0
10256,-0.11,0.52,-0.12,11.52,-52.26,29.71,-30.04,25.19,-18.93,241.18,16.78,9996.67
10257,-0.15,0.59,-0.19,37.11,-52.26,47.89,-22.63,21.48,-12.67,241.05,13.37,10006.67
10258,-1.08,1.08,-0.67,45.34,-97.52,74.64,-41.97,38.26,-22.04,241.38,13.37,10003.33
10259,-0.82,0.82,-0.93,52.75,-86.08,86.08,-38.26,27.15,-18.34,241.42,27.23,10023.33
10260,-0.08,0.08,-0.19,18.93,-66.74,44.85,-18.93,0.41,-1.56,241.12,28.93,10016.67
10261,0.78,-0.48,0.04,3.29,-21.48,-11.52,-2.15,-18.93,18.93,240.92,28.93,10020.0
10262,1.12,-0.89,0.75,-30.86,19.75,-71.6,20.89,-30.86,41.97,472.31,22.01,7548.33
10263,0.89,-1.19,0.86,-41.97,27.15,-101.23,24.6,-27.15,35.71,472.38,18.75,7548.33
10264,0.71,-1.38,1.19,-71.6,34.56,-79.0,24.6,-27.15,35.71,472.38,18.75,7535.0
10265,0.71,-1.49,1.16,-97.52,34.56,-79.0,32.0,-23.45,28.3,240.75,18.75,10003.33
10266,0.67,-1.45,1.12,-123.45,34.56,-56.78,28.3,-27.15,34.56,240.68,22.01,10003.33
10267,0.71,-1.38,1.23,-97.52,64.19,-56.78,34.56,-30.86,24.6,240.65,6.49,10016.67
10268,0.11,-0.6,0.82,-44.85,11.52,-8.15,-10.37,-21.48,12.67,240.82,-2.04,10020.0
10269,0.37,-0.34,0.74,-7.82,4.11,-0.74,-12.93,-11.52,5.26,240.78,1.44,10033.33
10270,-0.0,0.11,-0.04,37.11,-66.74,59.34,-39.67,4.11,-7.82,464.07,3.26,7860.0
10271,0.41,-0.37,0.26,21.48,-6.67,18.11,-4.7,-6.41,0.41,463.84,16.96,7856.67
10272,0.19,-0.56,0.45,10.37,30.37,10.7,5.26,-5.26,4.11,463.91,15.19,7850.0
10273,0.78,-0.82,1.04,-23.45,64.19,-41.97,25.74,-14.63,16.04,240.52,28.89,10030.0
10274,0.48,-0.11,0.33,10.37,30.04,-0.74,-20.67,-1.56,-3.29,240.72,22.15,10013.33
10275,0.07,0.59,-0.23,66.74,-22.63,33.41,-51.11,6.67,-18.93,240.95,25.67,10013.33
10276,-0.52,0.86,-0.82,89.78,-56.45,86.08,-71.6,16.04,-30.86,241.25,27.41,10013.33
10277,0.03,-0.11,-0.26,44.85,-0.08,37.45,-25.19,-7.0,-4.11,487.37,30.67,7061.67
10278,0.03,-0.11,-0.26,44.85,-0.08,37.45,-25.19,-7.0,-4.11,487.37,28.93,7051.67
10279,-0.11,0.37,-0.41,55.63,14.41,26.0,-21.48,0.41,-1.56,487.4,22.01,7051.67
10280,-0.56,0.93,-0.75,86.08,-56.45,49.04,-41.97,19.75,-20.89,430.72,13.37,9093.33
10281,-0.49,0.75,-0.93,74.64,-74.64,52.75,-41.97,19.75,-20.89,430.72,15.11,9106.67
10282,-0.45,0.67,-0.86,49.04,-74.64,34.56,-41.97,19.75,-20.89,430.72,15.11,9086.67
10283,-0.67,0.86,-0.67,45.34,-86.08,60.15,-56.45,20.89,-17.19,241.32,13.52,10000.0
10284,-0.86,1.26,-0.86,45.34,-71.6,70.93,-70.93,22.04,-13.49,428.51,5.04,9156.67
10285,-1.01,1.11,-0.53,52.75,-97.52,89.12,-89.12,15.78,-12.34,428.41,-3.48,9176.67
10286,-0.37,0.3,-0.08,26.0,-44.85,18.26,-47.89,-1.0,-2.97,428.28,3.48,9180.0
10287,0.3,-0.52,0.41,-15.22,-25.52,-52.59,-6.67,-17.78,6.41,410.6,8.45,9888.33
10288,0.45,-0.44,-0.03,-7.82,11.52,-70.78,-18.11,-11.52,5.26,652.98,16.97,7041.67
10289,-0.11,0.45,-0.89,26.33,-15.22,11.52,-41.15,11.52,-5.26,653.22,18.53,7038.33
10290,-0.15,0.6,-0.67,-3.3,-0.41,41.15,-37.45,11.52,-6.41,732.2,4.78,4121.67
10291,0.23,0.07,0.04,-63.37,22.63,14.41,18.93,-4.11,6.67,489.65,8.19,6955.0
10292,0.71,-0.38,0.63,-112.01,56.78,-56.45,35.71,-30.86,23.45,489.35,9.89,6958.33
10293,0.6,-0.64,0.82,-112.01,49.37,-86.08,50.19,-24.6,23.45,479.5,18.67,7291.67
10294,0.19,0.03,0.15,-41.15,15.22,-41.15,-6.18,-12.67,0.41,479.63,13.71,7291.67
10295,-0.19,0.15,-0.3,18.26,-15.22,29.71,-30.37,6.67,-15.22,724.68,3.48,4375.0
10296,-0.52,0.67,-1.0,89.12,-56.45,89.78,-75.3,16.04,-27.15,486.03,-5.3,7076.67
10297,-0.0,-0.26,-0.07,44.19,-0.08,41.15,-28.89,-7.0,-0.41,485.86,-2.04,7090.0
10298,0.37,-0.37,0.37,-15.22,30.37,-29.71,-4.7,-18.93,18.93,240.92,11.67,10013.33
